{
"type": "FeatureCollection",
"name": "nakuru_ward",
"crs": { "type": "name", "properties": { "name": "urn:ogc:def:crs:OGC:1.3:CRS84" } },
"features": [
{ "type": "Feature", "properties": { "fid": 1, "CONST_CODE": 175, "Shape_Area": 0.00669705665, "OBJECTID_1": 691, "NAME": "BARUT", "OBJECTID": 3000, "CONSTITUEN": "NAKURU TOWN WEST", "COUNTY_ASS": 870, "SPOILT": null, "COUNTY_A_1": "BARUT", "REJECTED": null, "REPORTED": null, "SPOILT_VAL": null, "VALID": null, "DISPUTED": null, "RESULT": "0", "COUNTY_COD": 32, "Shape_Leng": 0.54367300148999997, "COUNTY_NAM": "NAKURU", "Shape_Le_1": 0.54367300148999997, "REGISTERED": null }, "geometry": { "type": "MultiPolygon", "coordinates": [ [ [ [ 36.093358455938237, -0.399643405700234 ], [ 36.093450008622696, -0.399782140749888 ], [ 36.09355300527092, -0.39993722730056 ], [ 36.093650765423021, -0.400250943786635 ], [ 36.093658784353465, -0.400276677083655 ], [ 36.093682703146037, -0.400353431995522 ], [ 36.093717035256162, -0.400655413725567 ], [ 36.093797142775649, -0.400843114541457 ], [ 36.093984062351332, -0.40105529758583 ], [ 36.094121390765075, -0.401300153203078 ], [ 36.094129019993794, -0.401553140857472 ], [ 36.094129018608555, -0.402002017872725 ], [ 36.094079426187292, -0.402442734100818 ], [ 36.094113757449001, -0.402695721837724 ], [ 36.094273973992316, -0.402907904797116 ], [ 36.094438005565451, -0.403111956332279 ], [ 36.094567705020779, -0.403340461465517 ], [ 36.094560075180461, -0.403609799528807 ], [ 36.094422745481843, -0.403781177393622 ], [ 36.094228194838365, -0.403911750915539 ], [ 36.09397642397299, -0.404091289053889 ], [ 36.093831464264703, -0.404262696089879 ], [ 36.093661890084711, -0.404577097325465 ], [ 36.093661042078793, -0.404578669850065 ], [ 36.093659802070157, -0.404580969239513 ], [ 36.093560619091051, -0.404858468653751 ], [ 36.093530099038638, -0.405511368400925 ], [ 36.0934957664169, -0.405699067849364 ], [ 36.093358436667543, -0.405886766975678 ], [ 36.093228736078593, -0.406025531532939 ], [ 36.093068518728927, -0.406074495827117 ], [ 36.092824377224716, -0.406139782128355 ], [ 36.092622197848158, -0.406180585659838 ], [ 36.092412389184979, -0.406311159132797 ], [ 36.092313206608537, -0.406458054214372 ], [ 36.092275056790143, -0.407355809117625 ], [ 36.092297944088102, -0.407592474545437 ], [ 36.092427643568982, -0.407812848239733 ], [ 36.092614563524066, -0.407902618789003 ], [ 36.092809113690102, -0.407927101291177 ], [ 36.093053253993254, -0.407927102054351 ], [ 36.093182954431271, -0.407837333501623 ], [ 36.093312655272221, -0.407616960618293 ], [ 36.093423281913083, -0.407453743303554 ], [ 36.093594943403062, -0.407363974881802 ], [ 36.09381238167289, -0.407363975561352 ], [ 36.093984042885836, -0.407363976097783 ], [ 36.094163334032764, -0.407388458552048 ], [ 36.094196802064573, -0.407391617805562 ], [ 36.094202183069662, -0.407392125219097 ], [ 36.094422734279121, -0.407412942263305 ], [ 36.094689762232896, -0.407535355587899 ], [ 36.094998752987095, -0.407739408579166 ], [ 36.09559003016097, -0.408245383662411 ], [ 36.095822725669933, -0.408498401209082 ], [ 36.095895205131107, -0.408702423258505 ], [ 36.095887574542992, -0.408890152990486 ], [ 36.095742615734075, -0.409094174360722 ], [ 36.095765502907334, -0.409371643949968 ], [ 36.095914275438112, -0.409583857070489 ], [ 36.096017271887085, -0.409804200476952 ], [ 36.096196562103898, -0.410130665550318 ], [ 36.09625378109375, -0.410481582940513 ], [ 36.096269038805019, -0.410905978096191 ], [ 36.096219447240422, -0.411069195599881 ], [ 36.096173670253023, -0.411371177068814 ], [ 36.096211816747307, -0.411550716108576 ], [ 36.096383477382723, -0.411738416196204 ], [ 36.096471215039287, -0.411885342061122 ], [ 36.096440696548747, -0.412032237354693 ], [ 36.096341514198976, -0.412105685746264 ], [ 36.096219444172647, -0.412064880195728 ], [ 36.096043968104993, -0.412015914854041 ], [ 36.095879935724732, -0.412073040774019 ], [ 36.095784567178441, -0.412211775233858 ], [ 36.095700643746987, -0.41231786619777 ], [ 36.095590017558848, -0.412334187114831 ], [ 36.095460317397283, -0.412334186709935 ], [ 36.095395467039843, -0.412423956470984 ], [ 36.09541037682245, -0.4125005230911 ], [ 36.095433613483685, -0.41261984697478 ], [ 36.095532795230106, -0.412742259772579 ], [ 36.095590015496676, -0.413003408203258 ], [ 36.095776935352447, -0.413125851476891 ], [ 36.09593715232586, -0.41319929967109 ], [ 36.095986743276384, -0.413235415602197 ], [ 36.096116443147096, -0.413329874356481 ], [ 36.096204180527401, -0.413566539981556 ], [ 36.096108812779896, -0.413770590699018 ], [ 36.096017259062336, -0.413966451601652 ], [ 36.096017258333262, -0.414203115945619 ], [ 36.096101180708814, -0.414439811760252 ], [ 36.09623088016685, -0.414668316884196 ], [ 36.096585645975878, -0.415198803311306 ], [ 36.096684827345662, -0.415443659803734 ], [ 36.096730602699139, -0.415672164664912 ], [ 36.096814526226026, -0.415859864475932 ], [ 36.09694422475976, -0.416063916900742 ], [ 36.09724177132756, -0.416325065071081 ], [ 36.09744394965066, -0.4166270181125 ], [ 36.097558390039993, -0.416871873644413 ], [ 36.09763849731123, -0.417141182773537 ], [ 36.097745308766527, -0.417361556387999 ], [ 36.097852119473103, -0.41750029147601 ], [ 36.098012337171241, -0.41766350963033 ], [ 36.0981496659412, -0.417794083175523 ], [ 36.09825647649717, -0.417981813258435 ], [ 36.098344213803401, -0.418242961779161 ], [ 36.098344213150448, -0.418455174428699 ], [ 36.098328954654264, -0.418610230397632 ], [ 36.098264104296852, -0.418700000156986 ], [ 36.098222141917852, -0.418806091249734 ], [ 36.09822214156631, -0.418920343104245 ], [ 36.098328953273139, -0.419059108393564 ], [ 36.098515873105555, -0.419189682092573 ], [ 36.098878268731006, -0.419458992099069 ], [ 36.099156740799671, -0.419875227430656 ], [ 36.099423768427627, -0.420430196472638 ], [ 36.099553466059369, -0.420928039662194 ], [ 36.099641202864582, -0.421352404825893 ], [ 36.099667904141633, -0.421923695384879 ], [ 36.099656458120009, -0.422576594146536 ], [ 36.099618310545104, -0.422748002512731 ], [ 36.099519127868525, -0.422927541117496 ], [ 36.09943138915613, -0.423123402026307 ], [ 36.099316947134056, -0.423409062007317 ], [ 36.099221579010575, -0.423735496006357 ], [ 36.099157820271365, -0.423949852808518 ], [ 36.099154508232971, -0.423960988344491 ], [ 36.099114765772192, -0.424094603701869 ], [ 36.098992694941131, -0.424314946395565 ], [ 36.098759997021055, -0.424518997684988 ], [ 36.09855400328501, -0.424674053056608 ], [ 36.098481522767152, -0.424812787582312 ], [ 36.098458633910155, -0.425082126585179 ], [ 36.098401413235869, -0.42527798658083 ], [ 36.098321303683285, -0.425424881713308 ], [ 36.098092420842725, -0.425604450114573 ], [ 36.097947462359002, -0.425702380253135 ], [ 36.097745282677607, -0.425841114374277 ], [ 36.097527843851381, -0.42602065260862 ], [ 36.097394329237588, -0.426165507919976 ], [ 36.097470622626581, -0.426395422303043 ], [ 36.097630839014244, -0.42666020033802 ], [ 36.097825388295369, -0.426973734876113 ], [ 36.09789405186784, -0.427140942448391 ], [ 36.097886421787017, -0.427489309544461 ], [ 36.097886421208557, -0.42767742889639 ], [ 36.097970343885997, -0.42781676392465 ], [ 36.098107672438054, -0.428018836107509 ], [ 36.098199225146629, -0.428151210562083 ], [ 36.098225927730489, -0.428297536211245 ], [ 36.098233556183317, -0.428478664786987 ], [ 36.098183964520899, -0.428673745587778 ], [ 36.098115299984357, -0.428820070939695 ], [ 36.097955080871579, -0.42911617166837 ], [ 36.097955080237519, -0.429322413337731 ], [ 36.098004670888891, -0.429456198103176 ], [ 36.0981305553113, -0.429695863917089 ], [ 36.098199219935424, -0.429846359611293 ], [ 36.098225922489419, -0.430002436538786 ], [ 36.098225921701271, -0.43025884303198 ], [ 36.09829077101238, -0.430509640174163 ], [ 36.098363249435884, -0.430727043789377 ], [ 36.098367829359439, -0.430753812001193 ], [ 36.098401395798959, -0.430949997452661 ], [ 36.098404983561799, -0.431028628855272 ], [ 36.098409024294696, -0.431117204832445 ], [ 36.098368853042587, -0.431182679019759 ], [ 36.098309841672325, -0.431278861724512 ], [ 36.098200334287768, -0.431358865967649 ], [ 36.098103846948987, -0.431429356562652 ], [ 36.097894038083695, -0.431624436862599 ], [ 36.097817743575952, -0.431758191032726 ], [ 36.097821558101046, -0.431914267887916 ], [ 36.097848260655141, -0.432070343807492 ], [ 36.097970329764728, -0.432410340262204 ], [ 36.098008475887987, -0.432711332345577 ], [ 36.097981771655036, -0.433101494167048 ], [ 36.097859699975665, -0.433597565695988 ], [ 36.097714739952238, -0.433870713812979 ], [ 36.097543077894962, -0.434143832651099 ], [ 36.097340897747536, -0.434433662263276 ], [ 36.096909834641082, -0.43494086535343 ], [ 36.096249889643339, -0.435643176869012 ], [ 36.095319098648631, -0.436557311573766 ], [ 36.095021551138643, -0.436925179306452 ], [ 36.094918553578992, -0.437064513747966 ], [ 36.094804112158897, -0.437153712525938 ], [ 36.094666782624053, -0.43727075462734 ], [ 36.094495121011107, -0.43739895733585 ], [ 36.09445697334526, -0.4375996185234 ], [ 36.094483675607748, -0.437850445742843 ], [ 36.094567597394729, -0.438279611004297 ], [ 36.094567595406161, -0.438926179387137 ], [ 36.094632444734515, -0.439171455562553 ], [ 36.094838438037478, -0.439483579680677 ], [ 36.095071133237468, -0.439840317542734 ], [ 36.095235164298629, -0.440213768072859 ], [ 36.095383936220536, -0.440626221656717 ], [ 36.095517450174526, -0.441021964323457 ], [ 36.095626985119765, -0.441410656718153 ], [ 36.095650962888882, -0.44149574440182 ], [ 36.095723440508195, -0.441975105653073 ], [ 36.095769215750906, -0.442565928990371 ], [ 36.095818803714046, -0.443574815006791 ], [ 36.095872208891798, -0.44386464641183 ], [ 36.095948500910517, -0.444215803423855 ], [ 36.096005720579505, -0.444672872390308 ], [ 36.096005719123916, -0.445146652046678 ], [ 36.09597901554168, -0.445325021031951 ], [ 36.095910350094066, -0.445442063344005 ], [ 36.09579972371251, -0.445520101417624 ], [ 36.095768804631, -0.445533737607721 ], [ 36.095742360561204, -0.445545400602316 ], [ 36.09559754417932, -0.445609269717936 ], [ 36.095242776279015, -0.445754183728643 ], [ 36.094991005493625, -0.445904679423564 ], [ 36.094861305453556, -0.446188959094693 ], [ 36.094914710854063, -0.446406332436464 ], [ 36.095097815506676, -0.446595862787939 ], [ 36.095303809171668, -0.44679094437194 ], [ 36.095502172861245, -0.446974864211378 ], [ 36.095723424426104, -0.447208980152325 ], [ 36.095967554498792, -0.447612912979146 ], [ 36.095982823440828, -0.447638176147112 ], [ 36.095998082049611, -0.447771929587923 ], [ 36.096059116391778, -0.448011625386404 ], [ 36.096101076555499, -0.448301456751071 ], [ 36.096120149587151, -0.448624740990233 ], [ 36.096093445542856, -0.448953605443419 ], [ 36.09604385382864, -0.449165398105506 ], [ 36.095944671084837, -0.449366058087989 ], [ 36.09571497206494, -0.449601917303139 ], [ 36.09566238183141, -0.449655918644627 ], [ 36.095441128930339, -0.449856579253711 ], [ 36.095174098850464, -0.450096243827354 ], [ 36.094941401020066, -0.4502690308048 ], [ 36.094720148358441, -0.450391652996831 ], [ 36.094643853986106, -0.450480852896359 ], [ 36.09458281859937, -0.450581153152681 ], [ 36.094586632936334, -0.450798555532018 ], [ 36.094678184574882, -0.450954602447522 ], [ 36.094788810032462, -0.451177586522587 ], [ 36.09485365973935, -0.451300209604527 ], [ 36.094868918365243, -0.451428383693567 ], [ 36.094819326410956, -0.451718243965318 ], [ 36.09480406658659, -0.451980201552681 ], [ 36.094861286410563, -0.452387104679054 ], [ 36.094910876567184, -0.452682516419807 ], [ 36.094903245581591, -0.453000220213941 ], [ 36.094804063008354, -0.453145165218685 ], [ 36.094666733779782, -0.453161875659619 ], [ 36.094537033543872, -0.453184168494589 ], [ 36.094388260317544, -0.453195328745291 ], [ 36.094300521998839, -0.453262205167581 ], [ 36.094121230185145, -0.453451705190962 ], [ 36.093957197236946, -0.453691400284124 ], [ 36.093884717698145, -0.453836315169366 ], [ 36.09388471721865, -0.453992392000428 ], [ 36.093896160754021, -0.454148437658096 ], [ 36.093945751270155, -0.454326806875036 ], [ 36.094010600788877, -0.45451075649605 ], [ 36.094117411865433, -0.454856333232741 ], [ 36.094224222044865, -0.455168457023746 ], [ 36.094292886568624, -0.45535240665601 ], [ 36.094323403145893, -0.455502902217662 ], [ 36.094315772081785, -0.456171763774636 ], [ 36.094346289676253, -0.456316678979037 ], [ 36.094475988347725, -0.456478336568862 ], [ 36.094605688156243, -0.456595379493364 ], [ 36.094647272111246, -0.456627546961456 ], [ 36.094800237946025, -0.456745875564502 ], [ 36.094903233959627, -0.456784879991131 ], [ 36.095002416968164, -0.456823914608018 ], [ 36.095097783835044, -0.456907503473799 ], [ 36.095113042221627, -0.457113745170138 ], [ 36.094979526586677, -0.457264241227312 ], [ 36.094804049914423, -0.457409155790429 ], [ 36.094708682482846, -0.45750948613973 ], [ 36.094704867032981, -0.457654401236581 ], [ 36.094746828625311, -0.457804897839218 ], [ 36.094865083265141, -0.457972135749131 ], [ 36.095036745059851, -0.45811147103476 ], [ 36.095113038679663, -0.458267547093828 ], [ 36.095124482386545, -0.458367877775013 ], [ 36.095059632062899, -0.458445915987529 ], [ 36.094887970806148, -0.458457046971656 ], [ 36.094781158582052, -0.458484919227535 ], [ 36.094643829284131, -0.45852395310866 ], [ 36.094632134247306, -0.458531022396585 ], [ 36.094627244231852, -0.458533978168356 ], [ 36.094533202935409, -0.458590830465364 ], [ 36.094414946388419, -0.458719033331034 ], [ 36.094334837856678, -0.458858367833284 ], [ 36.094228025187554, -0.459031155197069 ], [ 36.094155545836784, -0.459114773742365 ], [ 36.094033474421714, -0.4591983629379 ], [ 36.093907589172751, -0.459226235134296 ], [ 36.093774074965232, -0.459237396439085 ], [ 36.093640560774816, -0.459242976380399 ], [ 36.093518489376684, -0.459321014414575 ], [ 36.093438380964621, -0.459421344810595 ], [ 36.093331568586365, -0.459499352690041 ], [ 36.093213313398557, -0.459510513035485 ], [ 36.093075983168973, -0.459527224482778 ], [ 36.092972986881158, -0.459577388981488 ], [ 36.092911950356772, -0.459722304906032 ], [ 36.092992058981366, -0.45987838097625 ], [ 36.092992058587569, -0.460006585215973 ], [ 36.092927208195178, -0.460106915659175 ], [ 36.092751731641897, -0.46021282611478 ], [ 36.092629661432007, -0.460229537609452 ], [ 36.092488517248647, -0.460229537170202 ], [ 36.092229118853481, -0.459922964071206 ], [ 36.092129937135653, -0.459789209368246 ], [ 36.09200786614835, -0.459733462805653 ], [ 36.091843833952474, -0.459727881938392 ], [ 36.091611137650204, -0.459727881214001 ], [ 36.09142040240247, -0.459727880620197 ], [ 36.091317405097364, -0.459783626482156 ], [ 36.091248739682619, -0.459889537270154 ], [ 36.091187704055116, -0.460067906139075 ], [ 36.091187703215702, -0.460341024479425 ], [ 36.091244923570613, -0.460575109696422 ], [ 36.091378436750716, -0.46089839427767 ], [ 36.091531024178337, -0.461149220860978 ], [ 36.091752275626931, -0.461422340895599 ], [ 36.092030747944499, -0.461762368003462 ], [ 36.092213853463655, -0.461996452604104 ], [ 36.092335923177338, -0.462141369097126 ], [ 36.092366440754802, -0.462291864655013 ], [ 36.092366440343866, -0.462425649250181 ], [ 36.092339736846831, -0.462576144629893 ], [ 36.092274886128919, -0.462782386072771 ], [ 36.092236738394448, -0.463005339473017 ], [ 36.092240552954323, -0.463150254590718 ], [ 36.092263440658826, -0.463256166669098 ], [ 36.092313031363929, -0.463373208334813 ], [ 36.092396953822806, -0.463585001401169 ], [ 36.09249995015243, -0.46384698954727 ], [ 36.092499950101605, -0.463863535309558 ], [ 36.092499949570474, -0.464036489114442 ], [ 36.092469431880168, -0.46424831202637 ], [ 36.092385507496971, -0.464337480688791 ], [ 36.092278696220745, -0.464382065824963 ], [ 36.092095589913541, -0.46440435748618 ], [ 36.091897225654897, -0.464404356868971 ], [ 36.091714119398993, -0.464409936655778 ], [ 36.091592049034219, -0.464476843170701 ], [ 36.091420387399488, -0.464610597028436 ], [ 36.091317389888445, -0.464733219582098 ], [ 36.091183875320382, -0.464861422397203 ], [ 36.091046544850123, -0.464956172256457 ], [ 36.090901586198591, -0.465106667266732 ], [ 36.090905400861018, -0.465218159641562 ], [ 36.090954991634639, -0.465312910082443 ], [ 36.0910465434117, -0.465424371521379 ], [ 36.091199130977287, -0.46563061363877 ], [ 36.091237277667553, -0.465747656274676 ], [ 36.09126016628646, -0.465881440939355 ], [ 36.091260165721387, -0.466065390350826 ], [ 36.091218203221473, -0.466210305324437 ], [ 36.091065614491328, -0.466383093547718 ], [ 36.090790955396251, -0.466622758083099 ], [ 36.090562072429236, -0.466840159725395 ], [ 36.090462889854322, -0.466985074520564 ], [ 36.090436186442638, -0.467107698317238 ], [ 36.090409482465844, -0.467414270517739 ], [ 36.090337003011463, -0.467531312808519 ], [ 36.090237820453666, -0.467670647246753 ], [ 36.090169154969921, -0.467798850262334 ], [ 36.090131007389111, -0.467971637834009 ], [ 36.090131006875382, -0.468138846174511 ], [ 36.090192041424253, -0.468311664256822 ], [ 36.09027977902538, -0.468478871863457 ], [ 36.090398034529514, -0.468690665032721 ], [ 36.090439996002246, -0.468880194929304 ], [ 36.090592582849453, -0.469320522075203 ], [ 36.090718467654831, -0.469437564982394 ], [ 36.090863425690621, -0.469487731257564 ], [ 36.091050345798585, -0.469532316299992 ], [ 36.091223285931378, -0.469562827082121 ], [ 36.091271598968454, -0.469571351294928 ], [ 36.091272710968042, -0.469571956348712 ], [ 36.091466147898061, -0.469677262897975 ], [ 36.091710288499137, -0.469911348687941 ], [ 36.091870504819191, -0.470201209592486 ], [ 36.092015463170689, -0.470474328373126 ], [ 36.092057423421544, -0.470736286120277 ], [ 36.092103199557656, -0.471037278185372 ], [ 36.092133716015965, -0.471226778849017 ], [ 36.092190936765967, -0.47133269002417 ], [ 36.092190936269787, -0.471494347201458 ], [ 36.092114641622238, -0.471672716015233 ], [ 36.092057420187899, -0.471789758351731 ], [ 36.092065049718876, -0.471945834189318 ], [ 36.092084122401786, -0.472057296406498 ], [ 36.092145157002832, -0.472213373416725 ], [ 36.092187118681565, -0.47233599641779 ], [ 36.092095564688996, -0.472620245978088 ], [ 36.091862867202991, -0.473004855941516 ], [ 36.091626353934231, -0.473317007839095 ], [ 36.091489024394498, -0.473434049925753 ], [ 36.091466136005145, -0.473551092368266 ], [ 36.091466135692407, -0.473652975400226 ], [ 36.091466135611618, -0.473679295594591 ], [ 36.091490326507845, -0.473723474414053 ], [ 36.091527170349721, -0.473790757941507 ], [ 36.091611093946725, -0.473957995734672 ], [ 36.091584435789706, -0.473997732661781 ], [ 36.0915309844749, -0.474077407863486 ], [ 36.091530856474165, -0.474077592096393 ], [ 36.091420357840555, -0.474236694830625 ], [ 36.091187659764635, -0.474487520202722 ], [ 36.091084662150166, -0.474643566499258 ], [ 36.091054144750636, -0.474760639119666 ], [ 36.091061773367244, -0.474888812166981 ], [ 36.091115179043989, -0.4750170165655 ], [ 36.091233434840206, -0.475134088641596 ], [ 36.09148901878315, -0.475262263466372 ], [ 36.091630162866217, -0.475295716847823 ], [ 36.091707560885915, -0.475322502396206 ], [ 36.091775121903062, -0.475345883121469 ], [ 36.091790379375794, -0.475524252217278 ], [ 36.091672123792527, -0.475663586592279 ], [ 36.091671850790846, -0.475664022509615 ], [ 36.09158819927152, -0.475797369913042 ], [ 36.091504275887374, -0.475886539578508 ], [ 36.091397464455873, -0.47598131872452 ], [ 36.091454684018061, -0.476148527237743 ], [ 36.09159201314759, -0.476165238531461 ], [ 36.091619442183742, -0.476165238616734 ], [ 36.091813266439011, -0.476165239219247 ], [ 36.091885745312162, -0.476237697497182 ], [ 36.091973483017227, -0.476371482357966 ], [ 36.092072664925524, -0.476443939712103 ], [ 36.092179477014938, -0.476460651917635 ], [ 36.092290103143526, -0.476466232617761 ], [ 36.09245032032031, -0.476477394835061 ], [ 36.092496095782174, -0.476672475898377 ], [ 36.092415987009794, -0.476889847793498 ], [ 36.092290101536193, -0.476990178040875 ], [ 36.092118438779849, -0.477162966198327 ], [ 36.091923888976247, -0.477341334640812 ], [ 36.091710265113186, -0.477530833534269 ], [ 36.091679746679652, -0.477659036663817 ], [ 36.091679746183658, -0.477820693837176 ], [ 36.091721707469375, -0.478071521066482 ], [ 36.09182088915567, -0.47821643647224 ], [ 36.092068843935536, -0.478394806289256 ], [ 36.092457942970228, -0.478550854112697 ], [ 36.092820340226169, -0.478623312283863 ], [ 36.093148404505108, -0.478673479125241 ], [ 36.093392544622063, -0.478740386774706 ], [ 36.093541317596241, -0.478812845288705 ], [ 36.093640500214441, -0.478980052923394 ], [ 36.093629055772105, -0.479119417830675 ], [ 36.093552761312601, -0.479236460104768 ], [ 36.09340780171123, -0.479370213032099 ], [ 36.093209437005001, -0.479515157714921 ], [ 36.093094995255719, -0.479710238278187 ], [ 36.092950035363614, -0.479938771688596 ], [ 36.092728782541514, -0.480111559690259 ], [ 36.092423605608516, -0.480284346424322 ], [ 36.09219472294707, -0.480401388223812 ], [ 36.091969655307729, -0.480512879880964 ], [ 36.091950329252192, -0.480522654253286 ], [ 36.091918495160762, -0.480538755943535 ], [ 36.091771290737789, -0.480613209901791 ], [ 36.091500445866856, -0.480780416385698 ], [ 36.091275377731471, -0.481053535011719 ], [ 36.091088457022586, -0.481204029882929 ], [ 36.090916795060224, -0.481443694725847 ], [ 36.090867203720933, -0.481532893691581 ], [ 36.090874832235151, -0.481694520684063 ], [ 36.090943496966929, -0.481811563407346 ], [ 36.091061751747283, -0.481934186640942 ], [ 36.091210524550874, -0.482062391332201 ], [ 36.091328780365409, -0.482173883048668 ], [ 36.091397445182785, -0.48226305318614 ], [ 36.091439405896352, -0.482374544665434 ], [ 36.091443220559547, -0.482486006830674 ], [ 36.091481367250978, -0.48260307865412 ], [ 36.091550031811948, -0.482775867554701 ], [ 36.091626324246356, -0.482993240937342 ], [ 36.09167591538894, -0.483294232999892 ], [ 36.091725505001762, -0.483768012741848 ], [ 36.091736947974333, -0.48410800878716 ], [ 36.09174076148372, -0.48426966596831 ], [ 36.091679726009701, -0.484397868999739 ], [ 36.091603431566689, -0.484509330915232 ], [ 36.091454658095863, -0.484598529571834 ], [ 36.091260108632746, -0.484665406661609 ], [ 36.091046484110052, -0.484743443397595 ], [ 36.090832860501877, -0.484849324530095 ], [ 36.090729864040412, -0.484955235201692 ], [ 36.0906802725642, -0.485089019631149 ], [ 36.090668826899417, -0.485300811376441 ], [ 36.090634494460652, -0.485429015497019 ], [ 36.090539126804032, -0.485601802879275 ], [ 36.090439944142354, -0.485774591256273 ], [ 36.090325502887794, -0.485808043841956 ], [ 36.090180543541393, -0.485858209212447 ], [ 36.090005067308375, -0.485858208667123 ], [ 36.089764740869541, -0.485897212022173 ], [ 36.089677002599053, -0.485947376563649 ], [ 36.089612152239233, -0.486036576487114 ], [ 36.089520599724302, -0.486164779422749 ], [ 36.089493896363933, -0.48627066012871 ], [ 36.089509153939446, -0.486415605471291 ], [ 36.089589262550014, -0.486577232685977 ], [ 36.089654112328397, -0.486677563522376 ], [ 36.089703703052251, -0.486789056030254 ], [ 36.089703702693186, -0.486906098537832 ], [ 36.08968081414978, -0.487073305788237 ], [ 36.089650295681643, -0.487212670631935 ], [ 36.089615963259831, -0.487335293388766 ], [ 36.08956255660744, -0.487524792772892 ], [ 36.089501520996158, -0.487697581267133 ], [ 36.089467188608467, -0.487809072507031 ], [ 36.089467188249408, -0.48792611501414 ], [ 36.089593072647411, -0.488176942494433 ], [ 36.089799065477024, -0.488321858226399 ], [ 36.089932580329858, -0.488427769631439 ], [ 36.09010805608478, -0.488583816785076 ], [ 36.090191978820293, -0.488706470110781 ], [ 36.090218681308933, -0.488884809030726 ], [ 36.090249198050472, -0.489308423889616 ], [ 36.090214864526082, -0.489464499586229 ], [ 36.090077534710709, -0.489670741789669 ], [ 36.089886799960901, -0.489832368160774 ], [ 36.08967698998039, -0.49006090136067 ], [ 36.089539660062186, -0.490300596504268 ], [ 36.089516771587235, -0.490445511523786 ], [ 36.089520586182083, -0.490579265914169 ], [ 36.089570176820764, -0.490718631004862 ], [ 36.089680802609323, -0.490835672847649 ], [ 36.089783799370622, -0.490958297036051 ], [ 36.089871537094488, -0.491086500526296 ], [ 36.089894799991512, -0.491130203152066 ], [ 36.09000505050345, -0.491337327020207 ], [ 36.090016832427473, -0.491367230234538 ], [ 36.090077529036101, -0.491521276638582 ], [ 36.090249190256934, -0.491850112459281 ], [ 36.09045899799014, -0.492028482147769 ], [ 36.090657361503055, -0.492273728485938 ], [ 36.090729840762648, -0.49254684701734 ], [ 36.090710766053789, -0.492769800451372 ], [ 36.090569621420997, -0.492914745304448 ], [ 36.090390330754381, -0.493054079480775 ], [ 36.090237742294228, -0.493137697766739 ], [ 36.090104226876576, -0.493215735755955 ], [ 36.090093456852983, -0.49321873278537 ], [ 36.089992944632989, -0.493246702711273 ], [ 36.089944009525858, -0.493260319715137 ], [ 36.089738015165153, -0.493288192666399 ], [ 36.089543465922269, -0.493282611706168 ], [ 36.089371803744193, -0.493265869098314 ], [ 36.089028481832351, -0.493087529197836 ], [ 36.088833931828852, -0.493003909833484 ], [ 36.088711861682867, -0.492998329098243 ], [ 36.088559272948899, -0.49317111629758 ], [ 36.088429572621664, -0.493221281714002 ], [ 36.088318946473848, -0.493221281370228 ], [ 36.088177802456094, -0.493165564958328 ], [ 36.0880862496074, -0.493076364551271 ], [ 36.087998511815101, -0.492970453290286 ], [ 36.087861183281433, -0.492758661088906 ], [ 36.087708594842056, -0.49283540837882 ], [ 36.087582709652779, -0.492842248781075 ], [ 36.087590340124734, -0.492691782554932 ], [ 36.087811593190025, -0.492440957164789 ], [ 36.087926034736249, -0.492312754303439 ], [ 36.088009958275926, -0.492173389628474 ], [ 36.088021403770007, -0.492017343057829 ], [ 36.087994701281644, -0.491838973937827 ], [ 36.087803967549299, -0.491342900536375 ], [ 36.087662824164937, -0.491080913306283 ], [ 36.087517866330764, -0.490963870349884 ], [ 36.087391980179881, -0.490958289602433 ], [ 36.08730042790372, -0.491008454130999 ], [ 36.087197430492473, -0.491097652927313 ], [ 36.087018138551755, -0.491326157025092 ], [ 36.086918955871852, -0.491504525754141 ], [ 36.086793070019368, -0.491727478857043 ], [ 36.086686258551595, -0.491833389513721 ], [ 36.086609964210112, -0.491911427680802 ], [ 36.086388710846165, -0.491933719221191 ], [ 36.086156014963187, -0.491794383763535 ], [ 36.085969094021607, -0.491694052549224 ], [ 36.08581269181272, -0.491694052062693 ], [ 36.085656288603808, -0.491694051576127 ], [ 36.085454109299597, -0.491705182463741 ], [ 36.085286263263654, -0.491643884605103 ], [ 36.085126045546268, -0.491482226941716 ], [ 36.085080269793238, -0.491381897172951 ], [ 36.085038308456262, -0.491147812030962 ], [ 36.084958200743166, -0.491019607557138 ], [ 36.084805613087454, -0.490841239051119 ], [ 36.084611063238796, -0.490707453864902 ], [ 36.084416514064714, -0.490679580674688 ], [ 36.084313516892934, -0.490690741066112 ], [ 36.084202890539757, -0.490757618414408 ], [ 36.084099893076797, -0.490863529083183 ], [ 36.084023598598044, -0.490986151707544 ], [ 36.083924416054508, -0.491119934972671 ], [ 36.083764197686399, -0.491170100293862 ], [ 36.083638312655332, -0.49112548524253 ], [ 36.08342087581034, -0.49098056947505 ], [ 36.083294990693588, -0.490963857210496 ], [ 36.083184363083269, -0.491114352312515 ], [ 36.083172918502669, -0.491298271468463 ], [ 36.083180547949055, -0.491481681273623 ], [ 36.083161473553538, -0.491602054013504 ], [ 36.083016515126843, -0.491677871099652 ], [ 36.082905888855635, -0.491717985289758 ], [ 36.082776188600093, -0.491744748043702 ], [ 36.082650303376901, -0.491762599153119 ], [ 36.082493899948496, -0.491833946280975 ], [ 36.08240997664447, -0.491896352782673 ], [ 36.082257388330831, -0.491932026114911 ], [ 36.082120059092368, -0.491949877188606 ], [ 36.081959841864482, -0.49195431741661 ], [ 36.081833956696215, -0.491954317024471 ], [ 36.081677553418508, -0.491976608765804 ], [ 36.081563111963789, -0.492074719182012 ], [ 36.081425782341292, -0.492217413983911 ], [ 36.081296081866078, -0.492315523345688 ], [ 36.081147308433955, -0.492391311224078 ], [ 36.080998535070329, -0.492444836069319 ], [ 36.080845946701643, -0.492498331707221 ], [ 36.080689543272918, -0.4925696788346 ], [ 36.08054458495544, -0.492609822112802 ], [ 36.080319517648419, -0.492611741263231 ], [ 36.080201261583866, -0.492581288037299 ], [ 36.080075376743252, -0.492474746437371 ], [ 36.079995268104398, -0.49232254029179 ], [ 36.079869383121938, -0.492262113392534 ], [ 36.079735869143711, -0.492196975936256 ], [ 36.079602354707511, -0.492280684886855 ], [ 36.079537504082055, -0.49245572242146 ], [ 36.079480282724397, -0.492547052626429 ], [ 36.079388730367668, -0.492623139684467 ], [ 36.079327694040032, -0.492703068554749 ], [ 36.079220882639397, -0.492786776581748 ], [ 36.079114070109945, -0.492912339795352 ], [ 36.079045405537855, -0.493068355985104 ], [ 36.078976740117945, -0.493174896978329 ], [ 36.078892816654182, -0.49328905894048 ], [ 36.078789819200047, -0.493391789318307 ], [ 36.078641045705552, -0.493487678759706 ], [ 36.077218170804393, -0.490564135577187 ], [ 36.076714639429561, -0.487546715777572 ], [ 36.07504001665712, -0.477349203033065 ], [ 36.074685255835327, -0.475195963587989 ], [ 36.07274742290538, -0.463669849462126 ], [ 36.070866808681927, -0.452612293694655 ], [ 36.068726796017152, -0.441292328987489 ], [ 36.067944795045953, -0.437094192548447 ], [ 36.067704472579656, -0.435857250201001 ], [ 36.06768539886383, -0.435757910118131 ], [ 36.064778660989298, -0.414919944367538 ], [ 36.064208155076606, -0.411131364975575 ], [ 36.064057697002006, -0.410132214695087 ], [ 36.063619015619764, -0.407191841982867 ], [ 36.067551051929264, -0.407063122598486 ], [ 36.067552112930656, -0.407063088372637 ], [ 36.067796115259974, -0.407055100663373 ], [ 36.067525279326851, -0.404356193950239 ], [ 36.067300217675353, -0.402549251633636 ], [ 36.067037010071431, -0.400391482566604 ], [ 36.058987973088556, -0.405509188898387 ], [ 36.043023528570593, -0.378973575262052 ], [ 36.03839630311046, -0.376371984961204 ], [ 36.033479160891709, -0.373589144284877 ], [ 36.026025247190915, -0.369359721122641 ], [ 36.021226360208608, -0.366567909623211 ], [ 36.020920729072152, -0.36554928732821 ], [ 36.020375691181094, -0.363732756542876 ], [ 36.01835391907985, -0.357333460933224 ], [ 36.016076565717157, -0.349990234042658 ], [ 36.013909837636788, -0.342928947853322 ], [ 36.011582891942453, -0.336014765821087 ], [ 36.009938770983638, -0.331013019123846 ], [ 36.007661417448325, -0.323780114228411 ], [ 36.005677791766928, -0.317650545732292 ], [ 36.003305071251084, -0.310405369094472 ], [ 36.000955237142108, -0.303368593592489 ], [ 36.000917090531608, -0.303233758773795 ], [ 36.00008278089868, -0.300955195488029 ], [ 35.999093679454013, -0.298253883453244 ], [ 35.999356894465109, -0.298033510947754 ], [ 35.99965062737413, -0.297855683372304 ], [ 35.999841363065542, -0.297708758350855 ], [ 35.99991765684959, -0.297492255144074 ], [ 35.999940546522708, -0.297291204214759 ], [ 36.000001582214644, -0.297097894233263 ], [ 36.000123653250036, -0.296819554186689 ], [ 36.000486050635274, -0.296517993459317 ], [ 36.000646269166893, -0.296409743260282 ], [ 36.00076452432716, -0.296402002822085 ], [ 36.000917112103842, -0.296525706492312 ], [ 36.001054441136631, -0.296564380855501 ], [ 36.001393949624727, -0.296533448869729 ], [ 36.001737273465231, -0.296394265168256 ], [ 36.002782503252043, -0.29589939547668 ], [ 36.003366152670758, -0.295976745208773 ], [ 36.003797213939954, -0.296046324424674 ], [ 36.004186313409683, -0.296038584867866 ], [ 36.0043732336663, -0.296025215969622 ], [ 36.00451056285484, -0.296015393654833 ], [ 36.0048042952155, -0.296007653787279 ], [ 36.005206165655231, -0.296013740838246 ], [ 36.005315464774867, -0.296015396274429 ], [ 36.005681676167782, -0.296023347691532 ], [ 36.007791206429694, -0.296069529687923 ], [ 36.008374855021948, -0.296092723853878 ], [ 36.008641884128416, -0.29615459191273 ], [ 36.009042427064962, -0.2963169703029 ], [ 36.009263680416872, -0.296286037929892 ], [ 36.009286569013454, -0.296108208464243 ], [ 36.009278940575228, -0.295930349703897 ], [ 36.009271310938594, -0.295814357127638 ], [ 36.009389567432642, -0.295702422122522 ], [ 36.009580303035342, -0.295582404237651 ], [ 36.009816814528413, -0.295512827193844 ], [ 36.010041882231555, -0.295373643105045 ], [ 36.010263134881903, -0.295249551042541 ], [ 36.010423353352891, -0.295159661765167 ], [ 36.010553052720468, -0.295091164606155 ], [ 36.01061409315551, -0.293729830888626 ], [ 36.012047037974412, -0.278082631677534 ], [ 36.012254471477121, -0.275817541838275 ], [ 36.021077868395153, -0.278299764477413 ], [ 36.023715748899313, -0.279065253822332 ], [ 36.023759839907775, -0.279078048623709 ], [ 36.026075123352513, -0.279749924189375 ], [ 36.026017903159527, -0.279477195119186 ], [ 36.025903464222175, -0.278791321917154 ], [ 36.025766136696021, -0.278281837541651 ], [ 36.025622755175263, -0.277768645322483 ], [ 36.025533443096727, -0.277448977901326 ], [ 36.02540374373455, -0.277204031598806 ], [ 36.025357968622593, -0.276910090552113 ], [ 36.02477431983462, -0.276639849443752 ], [ 36.024064785807283, -0.276400631627011 ], [ 36.023824460781803, -0.276011909405025 ], [ 36.023824462120274, -0.275593274695314 ], [ 36.023767243299368, -0.27520455407239 ], [ 36.023618471663283, -0.274726152752664 ], [ 36.023736727751164, -0.274427141286074 ], [ 36.023793950249249, -0.27397859349428 ], [ 36.024179234789578, -0.273943790733565 ], [ 36.024804845607058, -0.273905958463533 ], [ 36.025468604628095, -0.273817661460147 ], [ 36.026307839690638, -0.273464436357215 ], [ 36.027372143042804, -0.273098611623753 ], [ 36.028463148463771, -0.27272018460382 ], [ 36.029039168707747, -0.272530956594324 ], [ 36.029565598413136, -0.272493124000373 ], [ 36.030168321082336, -0.272493125949129 ], [ 36.030744340520592, -0.272556195039136 ], [ 36.031518724494966, -0.272833726567043 ], [ 36.032697464752268, -0.27347708858429 ], [ 36.033487106262193, -0.27390598653908 ], [ 36.034440781879333, -0.274044754633356 ], [ 36.034978654597396, -0.274006892877642 ], [ 36.035817889613988, -0.273666299333742 ], [ 36.036870749669966, -0.273073409378222 ], [ 36.037671837843106, -0.272669749488106 ], [ 36.038614071613239, -0.272127324029523 ], [ 36.038900174090678, -0.272076860095309 ], [ 36.039212979597622, -0.272026395240358 ], [ 36.039052771732429, -0.269099793453988 ], [ 36.039403723879033, -0.269175493380624 ], [ 36.0400674803277, -0.269579157996322 ], [ 36.040818974951037, -0.270272984493532 ], [ 36.041707797166033, -0.271143379534509 ], [ 36.042146486287784, -0.271572276353135 ], [ 36.042741426669366, -0.272288670431551 ], [ 36.042848389378513, -0.272417469065442 ], [ 36.043046753357501, -0.272493167491811 ], [ 36.043030300137154, -0.272242039164245 ], [ 36.043028670214376, -0.272217167647077 ], [ 36.042897987407834, -0.270222525325762 ], [ 36.042722517508672, -0.268242014460828 ], [ 36.044542580429777, -0.267953772531791 ], [ 36.044557415453589, -0.267951422848346 ], [ 36.044713791704453, -0.267926657547162 ], [ 36.044526886608942, -0.263170910709126 ], [ 36.044447659174651, -0.261392396471654 ], [ 36.044275134298644, -0.257519509284414 ], [ 36.047597747331217, -0.255185812001127 ], [ 36.052820084763461, -0.251477104173011 ], [ 36.054349783856225, -0.250392223861239 ], [ 36.054998282174182, -0.250512703532667 ], [ 36.055059824562896, -0.254828521796245 ], [ 36.05522329943431, -0.266292717024062 ], [ 36.055152457346566, -0.266295896081885 ], [ 36.055148789342041, -0.266296061175459 ], [ 36.050782986930827, -0.26649198394054 ], [ 36.049287596307323, -0.275317208031332 ], [ 36.049890849221143, -0.275555342233838 ], [ 36.049917354217364, -0.275565805367751 ], [ 36.049932279215234, -0.275571696858144 ], [ 36.051503935340143, -0.276082116060312 ], [ 36.052160063128866, -0.276378519534465 ], [ 36.052617825593956, -0.276707806526995 ], [ 36.053041256500016, -0.277201779964012 ], [ 36.054841787894084, -0.279605762036987 ], [ 36.055837421721485, -0.280643064804541 ], [ 36.056543140049342, -0.28110412679491 ], [ 36.057882098082537, -0.28156515960151 ], [ 36.062249929135739, -0.28245428806055 ], [ 36.062823548496304, -0.285397431793576 ], [ 36.062856457000869, -0.285566281319992 ], [ 36.061132659995423, -0.286226474746083 ], [ 36.061095931910025, -0.286240540799592 ], [ 36.055394891639949, -0.28842397041667 ], [ 36.057998847186447, -0.291393357260649 ], [ 36.05976652381549, -0.293409104967419 ], [ 36.061288599106618, -0.290369846463106 ], [ 36.063955077139966, -0.289720706027222 ], [ 36.064005021552475, -0.28992501802133 ], [ 36.064107620023698, -0.290344722465521 ], [ 36.064258818567474, -0.290963237535974 ], [ 36.064392893990977, -0.291511707879296 ], [ 36.064748525810337, -0.292966513687319 ], [ 36.0661495059922, -0.297859729344889 ], [ 36.066243872062181, -0.2981893232147 ], [ 36.065194796921183, -0.298493522452875 ], [ 36.065145236820037, -0.298507893507584 ], [ 36.064233514561352, -0.3011232982712 ], [ 36.06502345782112, -0.302914945507916 ], [ 36.065237480537476, -0.303400364974481 ], [ 36.065572465528909, -0.30416013554994 ], [ 36.066268444365704, -0.305736229386972 ], [ 36.068087252499822, -0.309855051804628 ], [ 36.072114776510332, -0.318975669011645 ], [ 36.073842680248539, -0.322888631800376 ], [ 36.074170744683265, -0.322870630317955 ], [ 36.074536956105682, -0.322870631478828 ], [ 36.074788726462018, -0.322849540069762 ], [ 36.075021423984559, -0.322448637860435 ], [ 36.075399080871975, -0.321984430293122 ], [ 36.075692814068404, -0.321710111721683 ], [ 36.076203984745923, -0.321361956515989 ], [ 36.076520605539258, -0.321224813372269 ], [ 36.076780006332726, -0.321066546630977 ], [ 36.076970742607742, -0.320728952117396 ], [ 36.077211069500535, -0.32021199798997 ], [ 36.077493358649647, -0.319948241088837 ], [ 36.077768017657974, -0.319726667571131 ], [ 36.077932050341069, -0.319568431735972 ], [ 36.078141860043822, -0.319420726544924 ], [ 36.078218154791003, -0.319209714106805 ], [ 36.07845848199031, -0.318914304163197 ], [ 36.078801804615168, -0.318840466920127 ], [ 36.07930534469866, -0.318998705875854 ], [ 36.079610520982918, -0.319019828244593 ], [ 36.079797441098506, -0.319051482751663 ], [ 36.079934769597088, -0.319262465663764 ], [ 36.080365829510114, -0.319768890411437 ], [ 36.080545120452399, -0.319853290009936 ], [ 36.080690078849493, -0.319779453145377 ], [ 36.080972367503129, -0.31967393259769 ], [ 36.08119362015249, -0.319547319649511 ], [ 36.081655199879826, -0.319484044487659 ], [ 36.081811602092309, -0.319473484280915 ], [ 36.082021411036628, -0.319568444677083 ], [ 36.082116777421604, -0.319800549865219 ], [ 36.082208329703462, -0.320064307949716 ], [ 36.082231217071232, -0.320275290498925 ], [ 36.082345657445302, -0.320517956448201 ], [ 36.082513504210105, -0.320655101125682 ], [ 36.083078079463569, -0.320781716558018 ], [ 36.083299331816484, -0.320750064348816 ], [ 36.083623581958484, -0.320823932898658 ], [ 36.084024125484355, -0.320802811754984 ], [ 36.084306412808566, -0.320802812646892 ], [ 36.084672624360678, -0.32076062938944 ], [ 36.085050279958814, -0.320707855264513 ], [ 36.085435565499772, -0.320676232768299 ], [ 36.085530936621915, -0.319389097004598 ], [ 36.085614863481219, -0.318502863143913 ], [ 36.085847561063339, -0.318080868721451 ], [ 36.086129851228506, -0.317490047196395 ], [ 36.086347289233679, -0.317247411489478 ], [ 36.086621950652635, -0.316572190907175 ], [ 36.086969090976261, -0.315633212755132 ], [ 36.087510782178938, -0.31448325172892 ], [ 36.08807917562185, -0.313586487881128 ], [ 36.08884211874544, -0.312542019794385 ], [ 36.089315143697085, -0.312088373214733 ], [ 36.089910238261282, -0.311803494883136 ], [ 36.0906159585236, -0.31165579125192 ], [ 36.090940207924945, -0.311645260768762 ], [ 36.091516227612424, -0.311634701884103 ], [ 36.091912957490209, -0.311497558985603 ], [ 36.09236309282241, -0.311233801598228 ], [ 36.09367535267576, -0.310474185243267 ], [ 36.094419220700942, -0.310094377844541 ], [ 36.094732026483591, -0.309956783660643 ], [ 36.094732025815922, -0.310171456850648 ], [ 36.094732025210796, -0.310366027458203 ], [ 36.094819762463061, -0.310638456585854 ], [ 36.094953273618543, -0.311601919172211 ], [ 36.094889445591001, -0.315125502562774 ], [ 36.094109413055286, -0.358187027602783 ], [ 36.093358455938237, -0.399643405700234 ] ] ] ] } },
{ "type": "Feature", "properties": { "fid": 2, "CONST_CODE": 173, "Shape_Area": 0.01105983052, "OBJECTID_1": 732, "NAME": "MENENGAI WEST", "OBJECTID": 3137, "CONSTITUEN": "RONGAI", "COUNTY_ASS": 860, "SPOILT": 120, "COUNTY_A_1": "MENENGAI WEST", "REJECTED": 664, "REPORTED": 24, "SPOILT_VAL": 0.012631578947367999, "VALID": 9500, "DISPUTED": 0, "RESULT": "1", "COUNTY_COD": 32, "Shape_Leng": 0.56110271718000004, "COUNTY_NAM": "NAKURU", "Shape_Le_1": 0.56110271718000004, "REGISTERED": "12870" }, "geometry": { "type": "MultiPolygon", "coordinates": [ [ [ [ 36.018743327432475, -0.090647463248693 ], [ 36.018743877347461, -0.090673741185366 ], [ 36.018820552803021, -0.091784995456359 ], [ 36.019258837552456, -0.098137031742005 ], [ 36.020136178150693, -0.11051831912165 ], [ 36.020780829167251, -0.12087201964471 ], [ 36.021208054178537, -0.127472507135645 ], [ 36.031427627437637, -0.130715766406219 ], [ 36.030557292335338, -0.134206925289218 ], [ 36.030506988635707, -0.134408707077723 ], [ 36.030317535000819, -0.135168657415421 ], [ 36.029180741381353, -0.139048831918871 ], [ 36.028322422874595, -0.142356261725516 ], [ 36.02705974270004, -0.146986650550381 ], [ 36.025968724092316, -0.151181438519949 ], [ 36.025465177348387, -0.153117498990694 ], [ 36.026497241923089, -0.153562763429844 ], [ 36.02820412922145, -0.154299168269324 ], [ 36.028524562983662, -0.154470382604743 ], [ 36.035093467743373, -0.157789792636057 ], [ 36.042215503537605, -0.161280402576401 ], [ 36.048734816815809, -0.164447651565924 ], [ 36.052259595850437, -0.166150149250765 ], [ 36.05373206787381, -0.166911050268761 ], [ 36.053621441212627, -0.16708385283806 ], [ 36.051315636381766, -0.169759516166642 ], [ 36.047247051239047, -0.174480714791048 ], [ 36.046339150484194, -0.175370982260573 ], [ 36.043531520608674, -0.178202974564538 ], [ 36.042497730819463, -0.179998872868069 ], [ 36.039651949394873, -0.184542352513812 ], [ 36.037450855873125, -0.188065080231108 ], [ 36.036363671793893, -0.186186636460514 ], [ 36.032114077448632, -0.19149060301127 ], [ 36.026460668568539, -0.198363521147057 ], [ 36.020212164205567, -0.20579022084288 ], [ 36.020181645754356, -0.205920479830282 ], [ 36.019395799934642, -0.211510883109221 ], [ 36.01869387826342, -0.216460837805219 ], [ 36.017778329543987, -0.222908790852981 ], [ 36.016763599520132, -0.229107087060159 ], [ 36.01573742273429, -0.235848140905915 ], [ 36.014673099694498, -0.242654316531741 ], [ 36.014100884089714, -0.245758895682595 ], [ 36.012578802967319, -0.250567711502395 ], [ 36.006322632125162, -0.269200438858578 ], [ 36.006601101961365, -0.270280014410174 ], [ 36.005651231619566, -0.273164547984532 ], [ 36.004842508378317, -0.275444277906218 ], [ 36.004499183870564, -0.275793213881263 ], [ 36.003988008655234, -0.277235464930767 ], [ 36.003572203126559, -0.278186654687799 ], [ 36.003946444364161, -0.281351059201936 ], [ 36.005681676167782, -0.296023347691532 ], [ 36.005315464774867, -0.296015396274429 ], [ 36.005206165655231, -0.296013740838246 ], [ 36.0048042952155, -0.296007653787279 ], [ 36.00451056285484, -0.296015393654833 ], [ 36.0043732336663, -0.296025215969622 ], [ 36.004186313409683, -0.296038584867866 ], [ 36.003797213939954, -0.296046324424674 ], [ 36.003366152670758, -0.295976745208773 ], [ 36.002782503252043, -0.29589939547668 ], [ 36.001737273465231, -0.296394265168256 ], [ 36.001393949624727, -0.296533448869729 ], [ 36.001054441136631, -0.296564380855501 ], [ 36.000917112103842, -0.296525706492312 ], [ 36.00076452432716, -0.296402002822085 ], [ 36.000646269166893, -0.296409743260282 ], [ 36.000486050635274, -0.296517993459317 ], [ 36.000123653250036, -0.296819554186689 ], [ 36.000001582214644, -0.297097894233263 ], [ 35.999940546522708, -0.297291204214759 ], [ 35.99991765684959, -0.297492255144074 ], [ 35.999841363065542, -0.297708758350855 ], [ 35.99965062737413, -0.297855683372304 ], [ 35.999356894465109, -0.298033510947754 ], [ 35.999093679454013, -0.298253883453244 ], [ 36.00008278089868, -0.300955195488029 ], [ 36.000917090531608, -0.303233758773795 ], [ 36.000955237142108, -0.303368593592489 ], [ 36.003305071251084, -0.310405369094472 ], [ 36.005677791766928, -0.317650545732292 ], [ 36.007661417448325, -0.323780114228411 ], [ 36.009938770983638, -0.331013019123846 ], [ 36.011582891942453, -0.336014765821087 ], [ 36.013909837636788, -0.342928947853322 ], [ 36.016076565717157, -0.349990234042658 ], [ 36.01835391907985, -0.357333460933224 ], [ 36.020375691181094, -0.363732756542876 ], [ 36.020920729072152, -0.36554928732821 ], [ 36.021226360208608, -0.366567909623211 ], [ 36.021043255291787, -0.366471628469702 ], [ 36.01974832109056, -0.365724587151285 ], [ 36.016896681856188, -0.364079491685602 ], [ 36.007085286288685, -0.358641473510301 ], [ 36.001061882877579, -0.355238972477638 ], [ 35.99997361134831, -0.353119612516346 ], [ 35.999482605818542, -0.352163401393618 ], [ 35.998021580056317, -0.350603320412956 ], [ 35.998796979719209, -0.349751821382714 ], [ 36.000768175024305, -0.347587169030152 ], [ 35.997640128272636, -0.344779011133639 ], [ 35.994554043828472, -0.341896564995911 ], [ 35.991925705133049, -0.344868132313376 ], [ 35.989888659373925, -0.343100037825695 ], [ 35.987676134394796, -0.342580015254432 ], [ 35.985227097707764, -0.34188168317621 ], [ 35.984738817175732, -0.341554797180257 ], [ 35.984239092917619, -0.341138771379647 ], [ 35.98345707979481, -0.340886201958848 ], [ 35.982865801469686, -0.340767327205902 ], [ 35.979020586282196, -0.33939796923291 ], [ 35.978059281931287, -0.339150139956907 ], [ 35.976994984333167, -0.338012415730178 ], [ 35.976109975896094, -0.337201335881576 ], [ 35.975373740164663, -0.336536733140998 ], [ 35.975083822890937, -0.33651420034613 ], [ 35.974748129015858, -0.336660644660805 ], [ 35.973817340153175, -0.337201328369593 ], [ 35.973111622167778, -0.336626855120153 ], [ 35.972787372816377, -0.336615573536688 ], [ 35.972093096839799, -0.33666063595644 ], [ 35.971265305411514, -0.336795797128771 ], [ 35.970574843818639, -0.337032370677991 ], [ 35.969869123499059, -0.337178813776562 ], [ 35.968423351219485, -0.337347757094131 ], [ 35.967732890136382, -0.337426602692848 ], [ 35.967572671396447, -0.337595580432838 ], [ 35.967027167952502, -0.338147546926933 ], [ 35.966321446498263, -0.338643196872327 ], [ 35.965482210028981, -0.339093782688176 ], [ 35.964341613818036, -0.339352856395112 ], [ 35.963521452570944, -0.339433381812994 ], [ 35.954488538582929, -0.336399289782976 ], [ 35.954190701551049, -0.336299248052325 ], [ 35.954274626892904, -0.335918238563537 ], [ 35.954568375731526, -0.330550707196022 ], [ 35.954621784975423, -0.329574785804032 ], [ 35.954633239977582, -0.326203147486743 ], [ 35.952580942055832, -0.322671615914619 ], [ 35.951058887387951, -0.319260007907961 ], [ 35.948888326870872, -0.317714116338763 ], [ 35.94634774149015, -0.315994985736603 ], [ 35.942853476544386, -0.315328633123509 ], [ 35.934129273809873, -0.309065109162859 ], [ 35.92559199218438, -0.302868221732169 ], [ 35.916219291924705, -0.296298212315576 ], [ 35.906926700190859, -0.289634892229152 ], [ 35.898797590782614, -0.28361550487681 ], [ 35.896840634091099, -0.288241929732059 ], [ 35.896653713775578, -0.288271302754181 ], [ 35.895913663200623, -0.287585517012131 ], [ 35.893617219197544, -0.285586906823134 ], [ 35.892858095623538, -0.285195032717077 ], [ 35.891610689417398, -0.284822749125327 ], [ 35.889295166625907, -0.284254511043642 ], [ 35.888185090384368, -0.283941003406807 ], [ 35.887017792076868, -0.283627496580963 ], [ 35.88623959350064, -0.283529502902846 ], [ 35.885015074340082, -0.283451131087088 ], [ 35.884038511205148, -0.283451127774643 ], [ 35.883473934548867, -0.283451125859157 ], [ 35.883065762599372, -0.283294387132829 ], [ 35.88263851735001, -0.282922076106123 ], [ 35.881063052152861, -0.280943090670579 ], [ 35.880246709556729, -0.279943771564486 ], [ 35.879293036211585, -0.279120840896629 ], [ 35.878491951058599, -0.278591791249624 ], [ 35.877889228754889, -0.27847423719953 ], [ 35.877248359012356, -0.278474235019908 ], [ 35.875047272959719, -0.279218786288155 ], [ 35.874017301855012, -0.279787014041343 ], [ 35.873735012712267, -0.280029498499037 ], [ 35.87319332404585, -0.280338079590313 ], [ 35.87258297189193, -0.280470361138925 ], [ 35.871690332101458, -0.280396880169792 ], [ 35.870679436479406, -0.28023245996917 ], [ 35.870332298264351, -0.280176442763535 ], [ 35.869557915105858, -0.279956006338412 ], [ 35.86829143491989, -0.279573910952194 ], [ 35.867238578537375, -0.279324070724984 ], [ 35.86617427694366, -0.279133037163183 ], [ 35.865529593144679, -0.279147736387064 ], [ 35.864057116045004, -0.279559195073969 ], [ 35.862363387834542, -0.279926578929999 ], [ 35.861909438305915, -0.279926577378488 ], [ 35.861474562692017, -0.279662067027111 ], [ 35.8603911896627, -0.279000762971128 ], [ 35.859925796943095, -0.278757286333586 ], [ 35.859605363137504, -0.278589267371358 ], [ 35.85835032726532, -0.27811902285595 ], [ 35.856435349023783, -0.277531193874262 ], [ 35.855794479824745, -0.277369534396039 ], [ 35.854669142117736, -0.277487082542095 ], [ 35.853150889062803, -0.278163079118284 ], [ 35.851632633462849, -0.2792946446899 ], [ 35.850743804594281, -0.280426182214129 ], [ 35.850320370064011, -0.281322616323492 ], [ 35.849927453912542, -0.281822258043816 ], [ 35.849545982221919, -0.282189645370643 ], [ 35.8493132845514, -0.282307197579523 ], [ 35.849238724499806, -0.282001435272793 ], [ 35.849195031055601, -0.281822255530665 ], [ 35.849298033154042, -0.280352699324763 ], [ 35.849008122387531, -0.278412901543316 ], [ 35.849050084183425, -0.278192468906816 ], [ 35.849431556619813, -0.277604647789617 ], [ 35.849561263791813, -0.275532567807168 ], [ 35.849912220770292, -0.274183744726469 ], [ 35.850052988495605, -0.273722830416115 ], [ 35.850308953632542, -0.272884728249983 ], [ 35.850308955440518, -0.272351174139513 ], [ 35.85030895571348, -0.27227062285375 ], [ 35.85016781431068, -0.271751026708945 ], [ 35.849958006508459, -0.271325881673608 ], [ 35.849958007469134, -0.271042441055985 ], [ 35.850099152993373, -0.270640938502021 ], [ 35.850167818873352, -0.270404753491642 ], [ 35.850026676391252, -0.269908740230564 ], [ 35.850026678552794, -0.26927105295093 ], [ 35.850099160198617, -0.268515243093587 ], [ 35.85007627593545, -0.267405155035941 ], [ 35.850217421059213, -0.267121714900632 ], [ 35.850358566262848, -0.266814692885724 ], [ 35.850591263732298, -0.26646038561052 ], [ 35.850827777967162, -0.265586513889869 ], [ 35.851037588089532, -0.265326687077761 ], [ 35.85157546142932, -0.265114115757719 ], [ 35.851716606392245, -0.264877930993457 ], [ 35.851998895077671, -0.26447642992559 ], [ 35.852349848601847, -0.264145765338512 ], [ 35.852891536704867, -0.264004032289313 ], [ 35.853288266480831, -0.263909583310333 ], [ 35.853807066237152, -0.263862330724929 ], [ 35.854158018960419, -0.263767851386265 ], [ 35.854390716547655, -0.263673372648564 ], [ 35.854673005071596, -0.26331909574284 ], [ 35.854695894137571, -0.263012073319506 ], [ 35.85460434283241, -0.262775857553478 ], [ 35.85448608733649, -0.26258692727052 ], [ 35.854581455085857, -0.262397967518209 ], [ 35.854718784643346, -0.262279875364371 ], [ 35.855073552530143, -0.262138170867844 ], [ 35.855424505892287, -0.261854732455567 ], [ 35.855542762907469, -0.261594935529054 ], [ 35.855611428306034, -0.261500455221293 ], [ 35.856126414461471, -0.261038077375259 ], [ 35.85654603195929, -0.260737566899296 ], [ 35.85678254510195, -0.260479961044031 ], [ 35.856946578452167, -0.260136514240023 ], [ 35.857339493964886, -0.259526881108 ], [ 35.858312245691536, -0.258754121826047 ], [ 35.859326960248545, -0.257749528564753 ], [ 35.85975039344509, -0.257242926321498 ], [ 35.859887723763343, -0.256899480430262 ], [ 35.859893307825018, -0.256883111862261 ], [ 35.860051757576514, -0.256418649843603 ], [ 35.860128052505615, -0.256169653077894 ], [ 35.86024696601028, -0.256060473529024 ], [ 35.860417970735995, -0.255903465950227 ], [ 35.860688815857372, -0.25566305130345 ], [ 35.860757481184059, -0.255293862831592 ], [ 35.860707891027843, -0.255027673533402 ], [ 35.860681188897701, -0.25476148532028 ], [ 35.860845223697609, -0.253988724265212 ], [ 35.860921518481227, -0.253782661943288 ], [ 35.861116068992636, -0.253696793719942 ], [ 35.861287730158658, -0.253705374753939 ], [ 35.861516612186307, -0.25377408353621 ], [ 35.861646312072388, -0.253851342222293 ], [ 35.861791270672413, -0.253722568579547 ], [ 35.861882824299002, -0.253567993011785 ], [ 35.861901898598063, -0.253190192713735 ], [ 35.861928602092796, -0.253052838219854 ], [ 35.862050673836798, -0.252873749641795 ], [ 35.862126968294639, -0.252763937713323 ], [ 35.850633283434682, -0.249464071996454 ], [ 35.841272018639081, -0.245695144032785 ], [ 35.841203353167685, -0.245810730649184 ], [ 35.841127058442048, -0.245998415939589 ], [ 35.841062207817529, -0.246160207913583 ], [ 35.84092487824303, -0.246283175711533 ], [ 35.840764660554427, -0.246432035779498 ], [ 35.840634959900413, -0.246580880851681 ], [ 35.840547221360055, -0.246710314105609 ], [ 35.840470926898803, -0.246820335436083 ], [ 35.840463297537333, -0.24692389171843 ], [ 35.840455666889426, -0.247111577245386 ], [ 35.840413705224506, -0.247292796362027 ], [ 35.840314522626976, -0.247435176254205 ], [ 35.840245857130171, -0.247558143281986 ], [ 35.840173377607009, -0.247687577595053 ], [ 35.840127599783465, -0.247914085909188 ], [ 35.840078008065746, -0.248108251677064 ], [ 35.840078007448497, -0.248289455837121 ], [ 35.840188633383747, -0.248638948062967 ], [ 35.840245852941749, -0.248787794786268 ], [ 35.840104708582956, -0.248846045288938 ], [ 35.839936862259904, -0.248884883736509 ], [ 35.838124880538388, -0.248198854565181 ], [ 35.834020267814608, -0.246457889728885 ], [ 35.829366338430795, -0.24443864388286 ], [ 35.825929297664651, -0.242938577099083 ], [ 35.824750557083895, -0.242425863416935 ], [ 35.820405618615347, -0.240542533522403 ], [ 35.815835612261637, -0.238555630393125 ], [ 35.811219830782264, -0.236594635526122 ], [ 35.808892007693466, -0.235565439975048 ], [ 35.80753101922803, -0.234963709658244 ], [ 35.807588240604929, -0.234873100224243 ], [ 35.807737014129806, -0.234769544431519 ], [ 35.807916305867508, -0.234614218139797 ], [ 35.808011673376591, -0.234497731590047 ], [ 35.80807652402958, -0.234329459227191 ], [ 35.808087968912112, -0.234077056423598 ], [ 35.808095598723419, -0.233844067583669 ], [ 35.808084155357143, -0.233656381983918 ], [ 35.808084156070677, -0.233449285467181 ], [ 35.808087971521033, -0.233319835811425 ], [ 35.808293967180454, -0.232905642489869 ], [ 35.808416038633645, -0.232523792416036 ], [ 35.808507592428043, -0.232323176604778 ], [ 35.808553369706033, -0.231967218614248 ], [ 35.808572444507952, -0.231740695098653 ], [ 35.808572445310695, -0.231507705224369 ], [ 35.808622036923992, -0.231345913193699 ], [ 35.808736478521098, -0.231209998638339 ], [ 35.808820402462871, -0.230964078486166 ], [ 35.80891195665852, -0.230646944581998 ], [ 35.809079803850679, -0.230355719401931 ], [ 35.809308686888436, -0.230129195611219 ], [ 35.809560457617337, -0.229999762927948 ], [ 35.809728305051273, -0.229928565842968 ], [ 35.811013862036404, -0.229190776775744 ], [ 35.811494516069004, -0.228757157344161 ], [ 35.811971355052243, -0.22833649967828 ], [ 35.812291791372168, -0.227766964731388 ], [ 35.812627487887028, -0.227145659230903 ], [ 35.812780077305419, -0.226783236324397 ], [ 35.812883075534593, -0.226459637172374 ], [ 35.812909778433259, -0.226207235425313 ], [ 35.812890707149535, -0.225702431678127 ], [ 35.81296318692123, -0.225501800696708 ], [ 35.813108146707037, -0.225320597032918 ], [ 35.813256920474927, -0.22514584356667 ], [ 35.813321771237959, -0.224945212558443 ], [ 35.813455285966256, -0.224776955533133 ], [ 35.813535396280933, -0.224420997657656 ], [ 35.813489619630751, -0.224304510613378 ], [ 35.813352290878441, -0.224188007142007 ], [ 35.813283627180489, -0.224077985303204 ], [ 35.813295071683307, -0.223935635303481 ], [ 35.813306516057715, -0.223830578986538 ], [ 35.813417142523726, -0.223731059079609 ], [ 35.813569731188878, -0.223587299129082 ], [ 35.813657469762553, -0.22344907501648 ], [ 35.813741393313016, -0.223316370846866 ], [ 35.813806243880094, -0.223172625691301 ], [ 35.813832947595024, -0.222973570097745 ], [ 35.813832948108868, -0.22282428865175 ], [ 35.813810060502028, -0.222702655231193 ], [ 35.813790987823353, -0.222603119770693 ], [ 35.813768099292652, -0.222459374308984 ], [ 35.813768099787495, -0.222315613825939 ], [ 35.813768100225246, -0.222188445427673 ], [ 35.813829136187806, -0.221928573786398 ], [ 35.813893986983238, -0.221718476399172 ], [ 35.813947393537596, -0.221574716102193 ], [ 35.813966468091721, -0.221419899664873 ], [ 35.813970282647944, -0.221259562211179 ], [ 35.81392069214467, -0.221099225577927 ], [ 35.813871101717588, -0.220916760795604 ], [ 35.813867287322424, -0.220739832237097 ], [ 35.813905434878791, -0.220590550923568 ], [ 35.813955950161827, -0.220524647874395 ], [ 35.813981729306306, -0.220491015795298 ], [ 35.8140552464519, -0.220472488005528 ], [ 35.814157205653729, -0.220446791318125 ], [ 35.814283090927013, -0.220408087631143 ], [ 35.814393718297431, -0.220336215829086 ], [ 35.814614971533118, -0.220048695633472 ], [ 35.814645490708912, -0.219716950690149 ], [ 35.814645491260791, -0.21955661322271 ], [ 35.814756117935637, -0.219396262046619 ], [ 35.815084183974605, -0.218909715730377 ], [ 35.815206254871363, -0.218688548426566 ], [ 35.815438954045803, -0.218131779636213 ], [ 35.815332142210927, -0.218049360465553 ], [ 35.815076557305652, -0.217939457775901 ], [ 35.814874379483292, -0.21782269937179 ], [ 35.81471034765601, -0.217719668002982 ], [ 35.81458827685158, -0.217623507782221 ], [ 35.814492910124152, -0.217513620752192 ], [ 35.814428060525152, -0.217376250828441 ], [ 35.814374655246368, -0.217149591144353 ], [ 35.814347952760627, -0.216991624456162 ], [ 35.814149588895468, -0.216888592967291 ], [ 35.813939781065073, -0.216771819434974 ], [ 35.813888858103319, -0.2167443141088 ], [ 35.813787193179692, -0.216689400104156 ], [ 35.813623161400002, -0.216572641832478 ], [ 35.813535423728553, -0.216449013831968 ], [ 35.813466759078317, -0.216325369790143 ], [ 35.813460559351597, -0.216244037242573 ], [ 35.813440057255214, -0.215975082504233 ], [ 35.813405725619361, -0.215858325691625 ], [ 35.813302728718227, -0.215796503431052 ], [ 35.813153955600775, -0.215782776009451 ], [ 35.813043329714851, -0.215714083727163 ], [ 35.812963221193975, -0.215549245850268 ], [ 35.812921260715456, -0.215384393005372 ], [ 35.81284878113204, -0.215240167153576 ], [ 35.812791561447369, -0.215130265154839 ], [ 35.81269619374406, -0.215013508129035 ], [ 35.812558864994429, -0.21489673484879 ], [ 35.812505460290275, -0.214793718966168 ], [ 35.812295652667551, -0.214326658238998 ], [ 35.811925629442534, -0.2136928848038 ], [ 35.811864594362874, -0.213406293847934 ], [ 35.811891298647112, -0.213042264742966 ], [ 35.812116366984711, -0.21272631723514 ], [ 35.812314732464174, -0.212650770130518 ], [ 35.812627537856969, -0.212637029219062 ], [ 35.81285260503445, -0.212657627909123 ], [ 35.813009008396449, -0.212602692656422 ], [ 35.813203557658589, -0.212588951332022 ], [ 35.813325628006339, -0.212527129856565 ], [ 35.813699470176168, -0.212307342663525 ], [ 35.813939797056605, -0.21212876490724 ], [ 35.814073311653395, -0.211998266676087 ], [ 35.814237344212827, -0.211888380550042 ], [ 35.814443339480974, -0.211586158870441 ], [ 35.814592113543981, -0.211325161995134 ], [ 35.814752331193667, -0.211187792855124 ], [ 35.814882031857003, -0.2110366967061 ], [ 35.814920179537722, -0.210851247241985 ], [ 35.815007918154798, -0.210700136852073 ], [ 35.815171950642998, -0.210610847623349 ], [ 35.81539701808007, -0.210555897508675 ], [ 35.815500015571871, -0.210446011169296 ], [ 35.81565260449667, -0.210226223202998 ], [ 35.81584715413652, -0.210102596186047 ], [ 35.816121813746207, -0.21001330734295 ], [ 35.816365954204016, -0.209958357294571 ], [ 35.816587207471144, -0.209951487064419 ], [ 35.816797015891055, -0.209896536896261 ], [ 35.817125080535654, -0.209814119240933 ], [ 35.817266225045501, -0.209711088935016 ], [ 35.817426442457986, -0.209642412697893 ], [ 35.817636251019664, -0.209546252626433 ], [ 35.817853689825952, -0.209381415785692 ], [ 35.818052054753046, -0.209175354880964 ], [ 35.818422082790327, -0.208701440271746 ], [ 35.818803554627088, -0.208289332502774 ], [ 35.819123989687675, -0.208083287124144 ], [ 35.819368131546312, -0.207911564272907 ], [ 35.819547422931976, -0.207856629098748 ], [ 35.819902190273964, -0.207870357237599 ], [ 35.820249327300395, -0.207973389245498 ], [ 35.820577391447706, -0.208035212290381 ], [ 35.820871123840774, -0.208014601314819 ], [ 35.82106185945139, -0.207897844278401 ], [ 35.820985566548551, -0.207554412716296 ], [ 35.820913087106725, -0.20736897696019 ], [ 35.820848237980329, -0.207094237334675 ], [ 35.82089783081404, -0.206867579012837 ], [ 35.820905078863369, -0.206855532384902 ], [ 35.821046604827252, -0.206620308030913 ], [ 35.821382299092285, -0.206359311804099 ], [ 35.821485296771762, -0.206194474563326 ], [ 35.821486935935908, -0.206147264494163 ], [ 35.821492926535839, -0.205974686090075 ], [ 35.821485298070606, -0.205816704364603 ], [ 35.821580665505635, -0.205720543893266 ], [ 35.821702737087811, -0.205590045620207 ], [ 35.821748513728245, -0.205418337178037 ], [ 35.821824808260352, -0.205287838745477 ], [ 35.821927805774401, -0.205171081402897 ], [ 35.822049876238424, -0.205074922031134 ], [ 35.822232983312269, -0.20482078016611 ], [ 35.822488568252645, -0.204628475556692 ], [ 35.822671674877697, -0.204504848497773 ], [ 35.822976851942904, -0.204291916960883 ], [ 35.82335450806351, -0.204085870772472 ], [ 35.823537613759129, -0.203941631714441 ], [ 35.823762681939066, -0.203669743178608 ], [ 35.820222645534997, -0.201791800960597 ], [ 35.814008507790781, -0.198591098451685 ], [ 35.810281551348865, -0.196674795693427 ], [ 35.806794920800982, -0.194868381460354 ], [ 35.805192748863753, -0.194057899631644 ], [ 35.803460877168447, -0.193137530641288 ], [ 35.798860355173218, -0.190829713536156 ], [ 35.794385719213885, -0.188556249833377 ], [ 35.791055490480495, -0.186866608858004 ], [ 35.787759593698723, -0.185204434878006 ], [ 35.787214093089425, -0.184922822540138 ], [ 35.783078963729785, -0.182882890458459 ], [ 35.781752626673295, -0.182201782705865 ], [ 35.781748325676396, -0.182199573902583 ], [ 35.781693750715277, -0.182171548074716 ], [ 35.781675016728641, -0.182161927598702 ], [ 35.779863176020264, -0.181231502930421 ], [ 35.786203247271409, -0.170494986829949 ], [ 35.791318792318599, -0.161706677804813 ], [ 35.791356979620694, -0.150153090904863 ], [ 35.791395165107609, -0.139129781141492 ], [ 35.791357056416466, -0.128144379778121 ], [ 35.791318948553354, -0.116931696594037 ], [ 35.79135711837133, -0.110416209244342 ], [ 35.796739665441457, -0.109355585079494 ], [ 35.799821968355538, -0.10223397628393 ], [ 35.803774012647189, -0.098104972621003 ], [ 35.80524267506776, -0.09753679973731 ], [ 35.80708517653256, -0.097347411202323 ], [ 35.807951112852784, -0.09749892968527 ], [ 35.808817048249708, -0.097915662834537 ], [ 35.809793609437612, -0.098711141147306 ], [ 35.810320035581015, -0.099392995143902 ], [ 35.810812129164468, -0.100226388607312 ], [ 35.811147817487559, -0.101665838191747 ], [ 35.813367965244282, -0.10409020256923 ], [ 35.814535256420761, -0.106097900590282 ], [ 35.815477486246259, -0.106703990777085 ], [ 35.815813177342257, -0.107347965488151 ], [ 35.815889468525107, -0.108181335330354 ], [ 35.816114534038519, -0.108673786171767 ], [ 35.817243682475798, -0.109734447449592 ], [ 35.817506891875169, -0.111136018157188 ], [ 35.818224054403871, -0.111476992549655 ], [ 35.818712334837549, -0.111780011020556 ], [ 35.819124320407973, -0.112310341120053 ], [ 35.819540121638944, -0.11265129935126 ], [ 35.819540118751007, -0.113484645765364 ], [ 35.81976518334946, -0.114242256901495 ], [ 35.819727033555189, -0.115037776926434 ], [ 35.81987962039468, -0.115416567533433 ], [ 35.820215312760482, -0.115984807175689 ], [ 35.820932475818907, -0.116174182579473 ], [ 35.821535198156894, -0.116249942909485 ], [ 35.822023479512048, -0.116287831280484 ], [ 35.822511759949336, -0.116590879949249 ], [ 35.822965708615023, -0.116818141086268 ], [ 35.830377709626411, -0.106211593012539 ], [ 35.837675268846994, -0.095756553810286 ], [ 35.844488358233427, -0.085945463196163 ], [ 35.847269288803524, -0.082195298706174 ], [ 35.848230597909655, -0.08068725134514 ], [ 35.85163714453995, -0.075338892757806 ], [ 35.858785933038988, -0.064050475122606 ], [ 35.866236083306745, -0.052572642274057 ], [ 35.873232282090498, -0.041359983187772 ], [ 35.878164717224578, -0.033556568592616 ], [ 35.880045357382635, -0.035753657062474 ], [ 35.881136356693261, -0.03711735507599 ], [ 35.881700929607881, -0.037874994581412 ], [ 35.882303650722605, -0.038291673410595 ], [ 35.882940704868403, -0.038708389607354 ], [ 35.883882933640983, -0.039314457604094 ], [ 35.884485654498675, -0.039806935925328 ], [ 35.885122707224291, -0.04064028859204 ], [ 35.885763574342199, -0.041360026595948 ], [ 35.886515067043497, -0.042231280410082 ], [ 35.887571736149404, -0.043064660698794 ], [ 35.889227312116795, -0.04439051526124 ], [ 35.890318312355134, -0.045489033820359 ], [ 35.892687234910397, -0.047420959594384 ], [ 35.895246891874613, -0.049580155633582 ], [ 35.901304646749132, -0.046511821190077 ], [ 35.903883367156816, -0.051793514037624 ], [ 35.905817406485909, -0.055754783152578 ], [ 35.909506197723452, -0.063179387961447 ], [ 35.91168819074818, -0.067611437844868 ], [ 35.915563900612604, -0.075528515394697 ], [ 35.917970960131584, -0.080490872487862 ], [ 35.918573684604567, -0.079922689435836 ], [ 35.919176408439398, -0.079543916520347 ], [ 35.919664690275461, -0.079430212906436 ], [ 35.920152971709271, -0.079733314885046 ], [ 35.920645068548488, -0.079619678735212 ], [ 35.921171498311381, -0.079240830053055 ], [ 35.92147286086486, -0.078862041008235 ], [ 35.921774223163276, -0.078559017226204 ], [ 35.921884850412418, -0.078218046738164 ], [ 35.922224359873198, -0.077877143474622 ], [ 35.922640163404424, -0.077536233423643 ], [ 35.923090299839942, -0.077233142696206 ], [ 35.923429809936543, -0.076702845402995 ], [ 35.923918092533789, -0.076361920497128 ], [ 35.924482668055475, -0.076361922419322 ], [ 35.925348604473648, -0.076475570240987 ], [ 35.926176395874343, -0.076286192116383 ], [ 35.926927893094572, -0.075831586987938 ], [ 35.927641242134158, -0.075717966688464 ], [ 35.928545327039494, -0.075696660090492 ], [ 35.928836185568635, -0.075618884349351 ], [ 35.929258282336505, -0.07550601509353 ], [ 35.929262491344168, -0.075504889572166 ], [ 35.929422708843802, -0.075399970661043 ], [ 35.92960581441482, -0.075280064484568 ], [ 35.929815624069072, -0.075142670312806 ], [ 35.930151319308088, -0.074567345537094 ], [ 35.930364944363113, -0.074013337065884 ], [ 35.930471757819376, -0.073608488890579 ], [ 35.93040690904629, -0.073224957858071 ], [ 35.930216174585865, -0.073011867533691 ], [ 35.929666858510039, -0.072884051928986 ], [ 35.929605822497031, -0.072871227863306 ], [ 35.92946334546658, -0.072841293968996 ], [ 35.929415324456315, -0.072831204254274 ], [ 35.929237337418265, -0.072793808279942 ], [ 35.929159503401678, -0.07277745553229 ], [ 35.928884845935904, -0.072543092499097 ], [ 35.928694112262654, -0.072095647122074 ], [ 35.928606375541328, -0.071690745934203 ], [ 35.928564415505633, -0.071094154497751 ], [ 35.928503382667245, -0.070433641026216 ], [ 35.928419461450531, -0.069879602346422 ], [ 35.928438535898948, -0.069453444199449 ], [ 35.928694122921421, -0.068920745542185 ], [ 35.928987856549178, -0.06851592820392 ], [ 35.929434177244751, -0.068132361659238 ], [ 35.929983495819407, -0.067812739582911 ], [ 35.930555701056875, -0.067599665946119 ], [ 35.931021095482564, -0.067301361310211 ], [ 35.931551340395956, -0.066875196846637 ], [ 35.932100659612054, -0.066363839061351 ], [ 35.932649977613295, -0.065916343848035 ], [ 35.933031449175331, -0.065554108902052 ], [ 35.933348069963699, -0.065404919115935 ], [ 35.933687578272419, -0.065404920269346 ], [ 35.934046159026799, -0.065575444169931 ], [ 35.934408554499306, -0.065831125226899 ], [ 35.934702286195019, -0.066001612664277 ], [ 35.935064682381984, -0.066044210084605 ], [ 35.935488115052841, -0.06595895068437 ], [ 35.935911547223242, -0.065724573914245 ], [ 35.936006915634458, -0.065627701657265 ], [ 35.936186206400947, -0.065447585348167 ], [ 35.936479939667208, -0.065149280127103 ], [ 35.936567679103099, -0.064744446986401 ], [ 35.936651603535779, -0.06433955443504 ], [ 35.936819451830083, -0.063998650583298 ], [ 35.937223810910503, -0.063785577379865 ], [ 35.937456508334726, -0.063423357028485 ], [ 35.937689207258451, -0.062911952862299 ], [ 35.937879943929801, -0.062464489651738 ], [ 35.938196565857638, -0.061974410543625 ], [ 35.938471225604623, -0.061526914395177 ], [ 35.938681035149962, -0.061122081667997 ], [ 35.938852698517927, -0.06075985708203 ], [ 35.938787850100574, -0.060269777685978 ], [ 35.938639078464959, -0.059822313322941 ], [ 35.938303384804549, -0.059630531172355 ], [ 35.938024911981664, -0.059502690313949 ], [ 35.937879954993086, -0.059161763251531 ], [ 35.937963879210812, -0.058820856094 ], [ 35.938112653843994, -0.058373373612223 ], [ 35.938112654771949, -0.058096384112954 ], [ 35.938173691754926, -0.057819368645585 ], [ 35.9384483508586, -0.057563693777849 ], [ 35.938810747898415, -0.057350578148376 ], [ 35.939127368753972, -0.057180128018335 ], [ 35.939508840309934, -0.056817900116824 ], [ 35.939806387718868, -0.056476986636548 ], [ 35.940081046893219, -0.056199941691556 ], [ 35.940462517734872, -0.056050819574952 ], [ 35.940821099555926, -0.055901667178336 ], [ 35.941286494829228, -0.055645988929871 ], [ 35.941687038901541, -0.05543289658379 ], [ 35.942091397763079, -0.055283740314986 ], [ 35.942491941549754, -0.055155898739322 ], [ 35.9428505230848, -0.055091969930766 ], [ 35.9431900320305, -0.054900187049681 ], [ 35.943594391746679, -0.054495354980434 ], [ 35.943827089667494, -0.054282307367976 ], [ 35.944078860819374, -0.054005262344352 ], [ 35.944376407655398, -0.053834811141424 ], [ 35.944715916315083, -0.053728282050753 ], [ 35.944948614235656, -0.053515170006678 ], [ 35.945265234874633, -0.053408644865259 ], [ 35.945581855157364, -0.053408657011913 ], [ 35.946070136735834, -0.053366043347733 ], [ 35.946386757588151, -0.05319559623575 ], [ 35.946787302013881, -0.052875965592886 ], [ 35.947275584944713, -0.052428499360385 ], [ 35.947699018603657, -0.052044958905308 ], [ 35.948080489082486, -0.051704037652956 ], [ 35.948397110218586, -0.051448340776417 ], [ 35.948778580985177, -0.051320494100118 ], [ 35.949118090212359, -0.051043513803627 ], [ 35.949499561405652, -0.050787801038429 ], [ 35.949858143862862, -0.050446875681024 ], [ 35.950239615766954, -0.049978133642481 ], [ 35.950579125206815, -0.049637178018113 ], [ 35.95072408518908, -0.049381483580446 ], [ 35.950640163320088, -0.048720967009511 ], [ 35.950598203848251, -0.048252163133891 ], [ 35.950663053972953, -0.04793254645486 ], [ 35.950853790137941, -0.047634236853963 ], [ 35.950937715208298, -0.047335926891667 ], [ 35.951212374233833, -0.047101542565046 ], [ 35.951612918228349, -0.046909770961937 ], [ 35.95157095718713, -0.046611460573759 ], [ 35.951426000268455, -0.046249230887155 ], [ 35.951319189241275, -0.045929606580105 ], [ 35.951380225575768, -0.045546087045755 ], [ 35.951612924275246, -0.045098601825167 ], [ 35.951803660581731, -0.044757686973338 ], [ 35.952017285050673, -0.044374134732617 ], [ 35.95216605931995, -0.044033208664561 ], [ 35.952208022281646, -0.043756234407805 ], [ 35.952505568899461, -0.04364964476859 ], [ 35.952841263763922, -0.043479205773332 ], [ 35.953138810737002, -0.043266127169129 ], [ 35.953371507937263, -0.042967817709483 ], [ 35.95347832124019, -0.042605581826943 ], [ 35.953455434997963, -0.042072905375104 ], [ 35.953436362901613, -0.04149755220683 ], [ 35.953478326503109, -0.041028797944463 ], [ 35.953581325087001, -0.040581356581153 ], [ 35.953730099711059, -0.040133867049107 ], [ 35.953920836442883, -0.0396650971818 ], [ 35.954325196290391, -0.039217604486934 ], [ 35.954618929467294, -0.03864231680735 ], [ 35.954874516966306, -0.037960438353042 ], [ 35.955317025267924, -0.037086840929403 ], [ 35.955679423859301, -0.036404962835836 ], [ 35.955828200192876, -0.035744451076757 ], [ 35.95597315974112, -0.035318293352072 ], [ 35.956228745745477, -0.035083935135005 ], [ 35.956610215432896, -0.034977346785401 ], [ 35.957117571300628, -0.034849489458197 ], [ 35.957563892185995, -0.03470036755525 ], [ 35.957754628559783, -0.034338135982452 ], [ 35.957815665531612, -0.033762821340381 ], [ 35.957922478045582, -0.033336663486563 ], [ 35.95811321463227, -0.032910513970191 ], [ 35.958410762956184, -0.032590875927929 ], [ 35.959085967098844, -0.031823804496515 ], [ 35.959635285421285, -0.031269783054831 ], [ 35.960016757313738, -0.030801030945132 ], [ 35.96046307883578, -0.030460116954713 ], [ 35.960970434339195, -0.030140475593338 ], [ 35.96141294064433, -0.029863435236574 ], [ 35.961584603715231, -0.029586485578702 ], [ 35.961722892956438, -0.029249781742721 ], [ 35.961733378050532, -0.029224253863581 ], [ 35.961817303323791, -0.028563735844286 ], [ 35.961985152385481, -0.027988383306325 ], [ 35.961991979984319, -0.027810427881922 ], [ 35.962008042393194, -0.027391775977178 ], [ 35.961901232650511, -0.026986927074203 ], [ 35.961626574479709, -0.026667304213671 ], [ 35.961412952361513, -0.026347686592836 ], [ 35.961412953426887, -0.026028069693317 ], [ 35.961691427873298, -0.025665835395849 ], [ 35.961924126280287, -0.025303601950456 ], [ 35.961794427092322, -0.025026596910868 ], [ 35.961584619693724, -0.024792208932297 ], [ 35.961454920576934, -0.024493924422268 ], [ 35.961268001127308, -0.024280808944054 ], [ 35.961012416476663, -0.024110355868708 ], [ 35.960928494328385, -0.023833352996932 ], [ 35.961031492624357, -0.023471138241642 ], [ 35.961180266675463, -0.023194094879542 ], [ 35.961393890071342, -0.023130167590222 ], [ 35.961794433342639, -0.023151563181882 ], [ 35.96205001834835, -0.023215427624623 ], [ 35.962282714902479, -0.023108889108339 ], [ 35.962492524721085, -0.022917118871618 ], [ 35.962706148471788, -0.022746656306876 ], [ 35.96298080706157, -0.022640117932142 ], [ 35.963278354309779, -0.022341808689407 ], [ 35.963614049377334, -0.022107452754846 ], [ 35.963911596341362, -0.021894338912407 ], [ 35.964312140747879, -0.021574727391769 ], [ 35.964716500512125, -0.02114860074356 ], [ 35.964991160520626, -0.020615873951073 ], [ 35.96515900908301, -0.020189717309097 ], [ 35.965330671648466, -0.01976357980805 ], [ 35.965479447123549, -0.019358680423758 ], [ 35.965498521701107, -0.018889916015513 ], [ 35.965624408014563, -0.018527682209154 ], [ 35.965879994225091, -0.018229371817592 ], [ 35.966177541258205, -0.017994991592009 ], [ 35.966494162165354, -0.017803238829688 ], [ 35.966875632559791, -0.01778193044402 ], [ 35.967234214076676, -0.017718009683071 ], [ 35.967405876789655, -0.017547562077185 ], [ 35.967466913047481, -0.017185260600365 ], [ 35.967550837395329, -0.016801756242675 ], [ 35.967722500533689, -0.016503461675585 ], [ 35.968103970920346, -0.016183870224409 ], [ 35.968439665984491, -0.015949456904504 ], [ 35.968695251406174, -0.015587223535307 ], [ 35.968950837473088, -0.015331531481562 ], [ 35.969309420555874, -0.015097161528436 ], [ 35.969584080064038, -0.014713604456485 ], [ 35.969797704591322, -0.014308760661263 ], [ 35.969881629505444, -0.01375474872099 ], [ 35.970198250835686, -0.013435131882172 ], [ 35.970408059862997, -0.013179449741324 ], [ 35.970514872661887, -0.012966358409649 ], [ 35.970854381231192, -0.01288112891765 ], [ 35.971109966871488, -0.012753288858355 ], [ 35.971384625811417, -0.012540174937245 ], [ 35.971617323353684, -0.012135275835333 ], [ 35.971850021966361, -0.011709173775386 ], [ 35.971975908489441, -0.011283010951043 ], [ 35.972017871870939, -0.010878190738956 ], [ 35.971850025864029, -0.010537263601553 ], [ 35.971720326889283, -0.010196336592625 ], [ 35.971933950635361, -0.01002587503332 ], [ 35.97218572155483, -0.009812854661878 ], [ 35.972399345584357, -0.009557102061866 ], [ 35.972567193787761, -0.009237502842681 ], [ 35.972632045542781, -0.00872609608891 ], [ 35.972696897439512, -0.008172089118108 ], [ 35.972757933907886, -0.007745933122491 ], [ 35.972906708449386, -0.00731978950335 ], [ 35.973223329776651, -0.007000150515846 ], [ 35.973478915556981, -0.006829636747283 ], [ 35.973711612813574, -0.006510078016177 ], [ 35.9737955383006, -0.006083920084195 ], [ 35.97371161564763, -0.005657790782247 ], [ 35.973627694136766, -0.005188987771232 ], [ 35.97354377269675, -0.004698931465087 ], [ 35.973585735432501, -0.004187510539844 ], [ 35.973646772538387, -0.003569588633026 ], [ 35.973776474913876, -0.002887744987155 ], [ 35.973921436302078, -0.002205868170311 ], [ 35.97405113696869, -0.001737111182392 ], [ 35.974283835295303, -0.001396185394725 ], [ 35.974665306603114, -0.001097890527485 ], [ 35.974959038696504, -0.000842177460301 ], [ 35.975107813095057, -0.00045860989649 ], [ 35.97514977647581, -0.000053790691275 ], [ 35.97510781557488, 0.000287130988056 ], [ 35.974959044152669, 0.000798525373762 ], [ 35.974810272659909, 0.001288607066833 ], [ 35.97468438897355, 0.001714765705601 ], [ 35.974558505287384, 0.002140924344491 ], [ 35.974474583352333, 0.002481851198986 ], [ 35.97468439251751, 0.002780161745509 ], [ 35.974917090559607, 0.003035848842868 ], [ 35.975172675833036, 0.003355471927854 ], [ 35.975447335980192, 0.003632473590102 ], [ 35.975573222075894, 0.003930784419396 ], [ 35.975512187159524, 0.00427168300795 ], [ 35.975405377418539, 0.004676560098585 ], [ 35.975363416234522, 0.004932228993429 ], [ 35.975573226540817, 0.005273181033217 ], [ 35.975889846934443, 0.005614106537774 ], [ 35.976103470888852, 0.005848424629234 ], [ 35.976271318735265, 0.006061572132606 ], [ 35.97656886626244, 0.006146794719052 ], [ 35.976843524558312, 0.006168108499972 ], [ 35.976866413427146, 0.0064237751627 ], [ 35.976950337417001, 0.006700805656308 ], [ 35.977099111672366, 0.007041731726539 ], [ 35.977183036945434, 0.007403962653999 ], [ 35.977266960722567, 0.007617043995237 ], [ 35.977564508390742, 0.007744867805547 ], [ 35.97769039441458, 0.008021893124059 ], [ 35.977713283495888, 0.008341511959232 ], [ 35.977541622205926, 0.008597206459206 ], [ 35.977247891320459, 0.008703746750579 ], [ 35.977076229818167, 0.00889551827361 ], [ 35.977015195760394, 0.009193820671903 ], [ 35.977160155516387, 0.009385600188857 ], [ 35.977266967312133, 0.009598678432623 ], [ 35.977499665352063, 0.00985436452321 ], [ 35.977648439465234, 0.010152682322427 ], [ 35.97781628716875, 0.010323144035829 ], [ 35.978262606390381, 0.010280526207633 ], [ 35.97866314985788, 0.010323062657597 ], [ 35.978895847543335, 0.010472295019482 ], [ 35.978769963361671, 0.010749290983585 ], [ 35.978453343387493, 0.010834532753473 ], [ 35.978304571116524, 0.011090198987445 ], [ 35.978369421948649, 0.011324614227099 ], [ 35.978514381270742, 0.011686818773474 ], [ 35.9785601594415, 0.01202777438585 ], [ 35.978644083784793, 0.012411292837276 ], [ 35.978686047094129, 0.012794863780488 ], [ 35.978747083348047, 0.0131570917645 ], [ 35.978950181849463, 0.01325837721108 ], [ 35.978958990871192, 0.013262770596184 ], [ 35.978960706875419, 0.013263626319687 ], [ 35.979115651576556, 0.013436748891249 ], [ 35.979151442738541, 0.013476739516707 ], [ 35.979168127988949, 0.013548001574493 ], [ 35.979216292711911, 0.013753716717013 ], [ 35.979086594669553, 0.014073357207405 ], [ 35.979016089850504, 0.014144951783142 ], [ 35.978960684992707, 0.014201213652948 ], [ 35.97887678620809, 0.014286410342387 ], [ 35.97885429758297, 0.014404631934637 ], [ 35.978848584678261, 0.014434664024566 ], [ 35.978811938289198, 0.014627316997042 ], [ 35.978828749425766, 0.014664311627124 ], [ 35.978830196437528, 0.014667495941934 ], [ 35.978855068639703, 0.0147222303162 ], [ 35.978864036712572, 0.014741964409866 ], [ 35.978937824312197, 0.01490433929496 ], [ 35.979193409439944, 0.015181341021162 ], [ 35.97936125728409, 0.015394418052522 ], [ 35.979448996205129, 0.015650113691853 ], [ 35.979426109532611, 0.016054937141541 ], [ 35.979361260755667, 0.016438505424101 ], [ 35.979384150049562, 0.016822073411063 ], [ 35.9794032252695, 0.01718431160356 ], [ 35.979384152387944, 0.017525279514943 ], [ 35.97931930339842, 0.017844856362172 ], [ 35.979151458184404, 0.01812183937996 ], [ 35.978895873616494, 0.018313622259706 ], [ 35.978876800593362, 0.018611932570025 ], [ 35.978918763761058, 0.018952838864567 ], [ 35.978876802932234, 0.019315071222228 ], [ 35.978705142503081, 0.01952815241759 ], [ 35.978346560640226, 0.019656001593616 ], [ 35.977881167478806, 0.019719926139439 ], [ 35.977606509612542, 0.019826465360456 ], [ 35.977373814489312, 0.020146084050159 ], [ 35.977099156119714, 0.020401781917939 ], [ 35.97690842288862, 0.020678783134817 ], [ 35.976908423810663, 0.020955755519778 ], [ 35.977141120706889, 0.021168869581002 ], [ 35.977499702994628, 0.021168868371732 ], [ 35.977732399394085, 0.021232795597742 ], [ 35.977839212330785, 0.02148850627347 ], [ 35.97781632544708, 0.021829415806771 ], [ 35.97769044155185, 0.022191643413744 ], [ 35.977564557727703, 0.022575185726906 ], [ 35.977415784672516, 0.022894801113356 ], [ 35.977247939247533, 0.023107882296233 ], [ 35.976950392293212, 0.023193116956045 ], [ 35.976484999062613, 0.023235709682291 ], [ 35.976103529041175, 0.023320966773837 ], [ 35.975847945688159, 0.02357661927452 ], [ 35.975657211671368, 0.02391759179231 ], [ 35.975466477583893, 0.024237292893773 ], [ 35.975130785309226, 0.024535542861783 ], [ 35.975001086412782, 0.024897842967444 ], [ 35.975046863656175, 0.025260017644958 ], [ 35.975001088613716, 0.02555832804551 ], [ 35.974856129852938, 0.025664837634374 ], [ 35.974577657701701, 0.025686147240359 ], [ 35.974302998482372, 0.025686125012818 ], [ 35.973967305498633, 0.025771382957678 ], [ 35.973753682541179, 0.025835312696573 ], [ 35.973311177187917, 0.025835306137322 ], [ 35.972990743216315, 0.025920538862561 ], [ 35.972841969736962, 0.026112294201795 ], [ 35.972632162067001, 0.026261479732586 ], [ 35.972334615829588, 0.026261480738027 ], [ 35.972082845415329, 0.026197554584957 ], [ 35.971743336286444, 0.026240153935817 ], [ 35.971575490792269, 0.026431933501518 ], [ 35.971403829152806, 0.026581061519533 ], [ 35.971194021340999, 0.026687651867573 ], [ 35.965861090029449, 0.032653862760393 ], [ 35.960398460401755, 0.038833189985841 ], [ 35.954134746302472, 0.045928717098157 ], [ 35.948290647977991, 0.052534184792343 ], [ 35.942705947645194, 0.058756080556163 ], [ 35.93939098578673, 0.062511734662607 ], [ 35.936800814732393, 0.065446810380719 ], [ 35.932349922388639, 0.070479311116253 ], [ 35.932317276488973, 0.070516223362193 ], [ 35.932315568494246, 0.070518155302731 ], [ 35.932239514728025, 0.07060414729513 ], [ 35.931128377145448, 0.071860478465533 ], [ 35.93373002495408, 0.078593802455909 ], [ 35.936354561245807, 0.085177935476436 ], [ 35.938960023278732, 0.091698146561427 ], [ 35.941496820800829, 0.098090492769895 ], [ 35.950663533231292, 0.094766399188099 ], [ 35.957457505560448, 0.092209450918274 ], [ 35.958113633249674, 0.091975063429485 ], [ 35.958113632531813, 0.091761980805036 ], [ 35.957964858848804, 0.091591487829936 ], [ 35.958071669209126, 0.091378442090321 ], [ 35.958323439531668, 0.091122724161662 ], [ 35.958495100226571, 0.09099489474004 ], [ 35.958769758427273, 0.090994893802825 ], [ 35.958979565791324, 0.090760508844481 ], [ 35.959151226984034, 0.090483503665785 ], [ 35.959383922652052, 0.090334379465258 ], [ 35.959784466873174, 0.090313053325977 ], [ 35.960059125145861, 0.090334377162222 ], [ 35.96048255645546, 0.090334375718201 ], [ 35.96084495264865, 0.090313049709486 ], [ 35.961096722689533, 0.090270511053281 ], [ 35.961329419142309, 0.090057330988402 ], [ 35.961520153923317, 0.089950803120339 ], [ 35.961775739468621, 0.090057336514174 ], [ 35.961966473966491, 0.090163877176301 ], [ 35.962176282761448, 0.090057335148993 ], [ 35.962367016682421, 0.089695106319621 ], [ 35.962557749818544, 0.089396791404792 ], [ 35.962790446343824, 0.089205017659238 ], [ 35.962981180766903, 0.088991941432028 ], [ 35.962939217804745, 0.088714959130174 ], [ 35.962706520774411, 0.088459250907378 ], [ 35.962260199300609, 0.088118280562958 ], [ 35.961966466153626, 0.087841314219952 ], [ 35.961733769266232, 0.087628240442027 ], [ 35.961604068239197, 0.087351213135552 ], [ 35.961646029123237, 0.087010309585398 ], [ 35.961794801587523, 0.086818543172593 ], [ 35.962069459287591, 0.086669381580328 ], [ 35.962283081727946, 0.086456283126404 ], [ 35.962450927991554, 0.086200610787874 ], [ 35.962534850193464, 0.085944915580248 ], [ 35.962408964241064, 0.085689205986172 ], [ 35.962241117257797, 0.085433526737236 ], [ 35.962260189340419, 0.085156522078414 ], [ 35.96230215036821, 0.084858207669607 ], [ 35.962473810849886, 0.084666427084366 ], [ 35.962748468765788, 0.084581209609278 ], [ 35.963149013275753, 0.084645130213851 ], [ 35.963511409614263, 0.084666438651739 ], [ 35.963648738572225, 0.084623825887382 ], [ 35.963786067530123, 0.084581206075871 ], [ 35.963976801811363, 0.084325510504552 ], [ 35.964144647789468, 0.083984598471594 ], [ 35.964167534660632, 0.08364362652768 ], [ 35.964167533443629, 0.083281420495133 ], [ 35.964167531940198, 0.082833953626237 ], [ 35.964167530365287, 0.082365198226849 ], [ 35.964251452281843, 0.082024226074818 ], [ 35.964484148523447, 0.08174725089068 ], [ 35.964926651991824, 0.081491555469217 ], [ 35.965289048544271, 0.081278478657786 ], [ 35.965670517182495, 0.081086696352491 ], [ 35.965964248684436, 0.080873620781672 ], [ 35.966154983110265, 0.080660529453406 ], [ 35.96641056772728, 0.080490080403682 ], [ 35.966769148635116, 0.080383537871487 ], [ 35.967127730757639, 0.080340947510453 ], [ 35.967257429995485, 0.080085237045985 ], [ 35.967001843519078, 0.079701669859287 ], [ 35.96657841041867, 0.079467301149488 ], [ 35.965987131193479, 0.07923291790955 ], [ 35.965498849330423, 0.079083758913271 ], [ 35.965075416943009, 0.07876414346195 ], [ 35.964800756522671, 0.078401908160439 ], [ 35.964490457363233, 0.078125310337477 ], [ 35.964455201231424, 0.078093883045291 ], [ 35.964442174182771, 0.07808227034018 ], [ 35.964341289603162, 0.077932014692844 ], [ 35.964270512196457, 0.077826599156239 ], [ 35.964335360386052, 0.077570911059705 ], [ 35.964484051615322, 0.077606237071199 ], [ 35.964662764890868, 0.077648696742313 ], [ 35.964693942938915, 0.077656104231422 ], [ 35.964906780265352, 0.077706178770215 ], [ 35.965056339494751, 0.07774136484187 ], [ 35.965330997412785, 0.077656102064462 ], [ 35.965414920473854, 0.077357824761316 ], [ 35.965442614852996, 0.077166729249269 ], [ 35.965479769020043, 0.076910356663563 ], [ 35.965498840746719, 0.076526788542095 ], [ 35.965540801633693, 0.076185884990206 ], [ 35.965540800846988, 0.075951499739024 ], [ 35.965483056595261, 0.075889326674252 ], [ 35.965315494864797, 0.075708914347417 ], [ 35.965224179466617, 0.075610596399596 ], [ 35.964968593345972, 0.07533355542399 ], [ 35.964823634093307, 0.074992644453495 ], [ 35.964800743788629, 0.074609076474219 ], [ 35.964800742572756, 0.074246870439614 ], [ 35.964829086724272, 0.073987794785662 ], [ 35.964842703316698, 0.073863331435066 ], [ 35.965075399632511, 0.073607621625797 ], [ 35.96526613413166, 0.073415863123785 ], [ 35.965268961128565, 0.073414309713878 ], [ 35.965478629898918, 0.073299116768191 ], [ 35.965498829876765, 0.073288018394353 ], [ 35.965880299947749, 0.073224088081217 ], [ 35.966071034232627, 0.072968399556416 ], [ 35.966196918111606, 0.072606162891477 ], [ 35.96632661606516, 0.072265259040664 ], [ 35.966578385324574, 0.071988216339732 ], [ 35.966853043815803, 0.071775147880801 ], [ 35.967127701235789, 0.071540776796942 ], [ 35.967360396910053, 0.071391592193733 ], [ 35.967448134047082, 0.071114602400841 ], [ 35.967360395123869, 0.07085890072783 ], [ 35.96715058675202, 0.07079498651853 ], [ 35.96681107828276, 0.070731058655627 ], [ 35.966471569741934, 0.070645828167857 ], [ 35.96600617582061, 0.070475396668937 ], [ 35.965731517042229, 0.070304881969163 ], [ 35.965717413983583, 0.070290560129424 ], [ 35.965682916840123, 0.070255529710823 ], [ 35.965479745995218, 0.070049218102921 ], [ 35.965330762985751, 0.069781725695437 ], [ 35.965266121547721, 0.069665664865205 ], [ 35.96511734607742, 0.069260824889852 ], [ 35.965014348570037, 0.068834668039392 ], [ 35.964907535202677, 0.068451099337221 ], [ 35.964716799058003, 0.068152815918983 ], [ 35.964503174752906, 0.06781188303195 ], [ 35.96441925054566, 0.067470963798268 ], [ 35.964442137061518, 0.06702348174616 ], [ 35.964461208646121, 0.066597338574569 ], [ 35.964503169033662, 0.066107258254604 ], [ 35.96454894356711, 0.065659790218727 ], [ 35.964590904097903, 0.065212352397952 ], [ 35.964651937785924, 0.064807459357921 ], [ 35.964716786691589, 0.064466547672001 ], [ 35.964800708683178, 0.064146908344011 ], [ 35.964840261298583, 0.063725136368685 ], [ 35.964842669214306, 0.063699463475705 ], [ 35.964823594842095, 0.063294641179472 ], [ 35.964735855489032, 0.062911073417905 ], [ 35.964907515690633, 0.062634090385465 ], [ 35.964967673488495, 0.062560166246545 ], [ 35.965010844343361, 0.062507115918986 ], [ 35.965098250049692, 0.062399708511363 ], [ 35.965033398856995, 0.062058737868034 ], [ 35.965117321206407, 0.061845677103202 ], [ 35.965437756021657, 0.061717828048715 ], [ 35.96560560229215, 0.061462118458873 ], [ 35.965731486459497, 0.061185128534829 ], [ 35.9658382964694, 0.060865496176016 ], [ 35.965987068797226, 0.060631122498479 ], [ 35.966219765403288, 0.060460661444976 ], [ 35.966559273233585, 0.060332802258774 ], [ 35.966833931014612, 0.06020496141415 ], [ 35.966982703342708, 0.05997057565594 ], [ 35.967001776215021, 0.059629649023874 ], [ 35.966791965912677, 0.059288750350683 ], [ 35.966578341535858, 0.058926514836122 ], [ 35.975001202737289, 0.059757484973379 ], [ 35.984167929822647, 0.060695042311132 ], [ 35.99071014300192, 0.06136626636514 ], [ 35.990813140114717, 0.061376816656575 ], [ 35.998286140360676, 0.062165151727789 ], [ 36.000887767092216, 0.062399587637832 ], [ 36.001650698617595, 0.059970447570199 ], [ 36.002283930204023, 0.057285661336574 ], [ 36.003256663848866, 0.052725768795053 ], [ 36.004114957641342, 0.048837282818189 ], [ 36.004443016924967, 0.047334867783659 ], [ 36.004543432552971, 0.046896565938647 ], [ 36.005141097389931, 0.044287835018919 ], [ 36.005168204050833, 0.044178883478195 ], [ 36.005862066372316, 0.041389961827235 ], [ 36.006434260612977, 0.038300313156268 ], [ 36.006941610380174, 0.036595679633038 ], [ 36.007323073646006, 0.034464914497113 ], [ 36.007765573016485, 0.032653721754783 ], [ 36.008993904641493, 0.032248884215655 ], [ 36.010115425253503, 0.031865252006284 ], [ 36.012167731120705, 0.031034302843169 ], [ 36.014666357409695, 0.030224594418251 ], [ 36.019575871787715, 0.028562543438587 ], [ 36.023894107623086, 0.027177534286244 ], [ 36.026858126592373, 0.026154745753632 ], [ 36.031237397211562, 0.024684478622267 ], [ 36.037462981549218, 0.022681525017903 ], [ 36.042898928350787, 0.022234034152487 ], [ 36.044447690252021, 0.020295016003328 ], [ 36.045969747545115, 0.01786590267008 ], [ 36.047346848256616, 0.015905581461997 ], [ 36.048510325636123, 0.014200920647451 ], [ 36.050329929566132, 0.011580069634105 ], [ 36.051195862242466, 0.010344208494542 ], [ 36.052214382282486, 0.008873931401493 ], [ 36.053080316171751, 0.00770202243593 ], [ 36.053629629777625, 0.006828397569601 ], [ 36.053904286706242, 0.006430225843012 ], [ 36.054243793367455, 0.005933487987339 ], [ 36.054774035271855, 0.005464657353884 ], [ 36.055834521014454, 0.005123759525778 ], [ 36.056998003701828, 0.004740213828548 ], [ 36.060297715890847, 0.003674780824174 ], [ 36.063410508348568, 0.002737250773946 ], [ 36.07259629234332, -0.001716129181673 ], [ 36.078810432281756, -0.00390754216997 ], [ 36.082140661182699, -0.005082796451446 ], [ 36.088827823840255, -0.007490690260951 ], [ 36.094530793639677, -0.009613847492406 ], [ 36.098204360009561, -0.006659644402452 ], [ 36.100344411880307, -0.005040259213811 ], [ 36.104681737049766, -0.001673616886324 ], [ 36.109720973645622, 0.003866417423617 ], [ 36.113836634405793, 0.006868901385331 ], [ 36.114080202159997, 0.007046591269754 ], [ 36.114481730403178, 0.007339516166648 ], [ 36.113772213839049, 0.013003820870588 ], [ 36.113085585587896, 0.018441006904297 ], [ 36.112364626280744, 0.024492451606056 ], [ 36.111540671204203, 0.030948745160652 ], [ 36.110712898956351, 0.036403569727869 ], [ 36.109995751449688, 0.041432227682317 ], [ 36.109614293059089, 0.045161116396669 ], [ 36.10897725279959, 0.049614467313273 ], [ 36.108576719594183, 0.053087639015062 ], [ 36.108004528448745, 0.057242712700728 ], [ 36.107749904649452, 0.059241041631181 ], [ 36.107241607034162, 0.063230239538673 ], [ 36.113379457548056, 0.062633598209104 ], [ 36.121252995763896, 0.061866439726992 ], [ 36.128893838562867, 0.061336731824836 ], [ 36.129466061070246, 0.066724643828656 ], [ 36.130061168845465, 0.071561532566187 ], [ 36.130568540709454, 0.076760657790736 ], [ 36.131182722972184, 0.081746699030836 ], [ 36.131899904268835, 0.087350672054995 ], [ 36.132124977415259, 0.088921938158956 ], [ 36.132830712621725, 0.093870858532154 ], [ 36.133784406159677, 0.099815786478785 ], [ 36.134799134125508, 0.105568911054444 ], [ 36.135687976513672, 0.110853236341523 ], [ 36.13664166739958, 0.115967165575329 ], [ 36.136965920903627, 0.117317091426748 ], [ 36.137149029461909, 0.118084122187883 ], [ 36.137721242466014, 0.120484398440566 ], [ 36.138526150017107, 0.122380823612443 ], [ 36.140727250940458, 0.128517497157718 ], [ 36.14110872470583, 0.129625499106685 ], [ 36.14168094146391, 0.1335248477425 ], [ 36.142546898992968, 0.139810649908559 ], [ 36.143370891597321, 0.145499867991167 ], [ 36.143943112808643, 0.150485917080273 ], [ 36.144366553199042, 0.153356336352989 ], [ 36.14489680793006, 0.156942212293715 ], [ 36.145572025474337, 0.162013484551784 ], [ 36.146376947214783, 0.168064916566635 ], [ 36.14703309133926, 0.173008330793552 ], [ 36.147860898463243, 0.178548433276561 ], [ 36.148684892347141, 0.184642454217356 ], [ 36.149215147528039, 0.188371249844411 ], [ 36.156196053885232, 0.190376655695574 ], [ 36.157298503518639, 0.190693891061879 ], [ 36.16570229383376, 0.193080317351936 ], [ 36.174529515794156, 0.195615919081922 ], [ 36.180942031934521, 0.197384467121729 ], [ 36.189597592481697, 0.199856132452297 ], [ 36.195651525276446, 0.20160337909204 ], [ 36.199313640473655, 0.202626145931241 ], [ 36.199168680594752, 0.202370804887406 ], [ 36.198810097805655, 0.201862116362757 ], [ 36.198581214835613, 0.201592359066892 ], [ 36.198428626317785, 0.201453624725501 ], [ 36.19831418479643, 0.201307179640521 ], [ 36.198264593334535, 0.201168444971954 ], [ 36.198279851956258, 0.201045131342265 ], [ 36.198428624602336, 0.200906396043675 ], [ 36.198558324334691, 0.200798489200971 ], [ 36.198688023381152, 0.200790778166703 ], [ 36.198871129480857, 0.200790777585287 ], [ 36.199100011605431, 0.200790776858577 ], [ 36.199228070675161, 0.200790776452003 ], [ 36.199344151738323, 0.200790776083493 ], [ 36.199553960828361, 0.200783064795009 ], [ 36.19966077162082, 0.200698289892421 ], [ 36.199676030170288, 0.200551844395411 ], [ 36.199668399586557, 0.200366859953251 ], [ 36.199660769978671, 0.200174178983013 ], [ 36.199714175548962, 0.200027733364802 ], [ 36.199836245277446, 0.199919826546427 ], [ 36.199934647286597, 0.199905628178464 ], [ 36.199996462292326, 0.199896708265003 ], [ 36.200133791367151, 0.199896707829181 ], [ 36.200194589378931, 0.199889886972037 ], [ 36.200271121393769, 0.199881301249615 ], [ 36.200339784899981, 0.199711722708946 ], [ 36.20043133758783, 0.199596120466128 ], [ 36.200511446317684, 0.199495924403395 ], [ 36.200709810015567, 0.199364899570068 ], [ 36.200923432456229, 0.199149086030268 ], [ 36.20106076080706, 0.19891785148761 ], [ 36.20121334746657, 0.198463122607266 ], [ 36.201274381510586, 0.198147113742577 ], [ 36.20114468035375, 0.197800277087245 ], [ 36.201007350578735, 0.197576754037787 ], [ 36.200900539182484, 0.197468862039597 ], [ 36.200892908695614, 0.197314705992022 ], [ 36.20089290821295, 0.197160549920298 ], [ 36.200915795670497, 0.196983291103901 ], [ 36.200999719185624, 0.19681372761528 ], [ 36.201106529737473, 0.196651859575391 ], [ 36.201304894460179, 0.196528546370977 ], [ 36.201556664453484, 0.196482294925378 ], [ 36.201926689969945, 0.196582489561092 ], [ 36.202876552974367, 0.197376356493064 ], [ 36.203242765018615, 0.197646114363347 ], [ 36.203425870335693, 0.19771548018957 ], [ 36.203654752557178, 0.197746307859721 ], [ 36.203799711395341, 0.197669244465622 ], [ 36.203902707065907, 0.19754591646317 ], [ 36.203986630268091, 0.197276157166221 ], [ 36.204001888071083, 0.196890781033023 ], [ 36.203917963109213, 0.196597905501392 ], [ 36.203731041994338, 0.196274186799334 ], [ 36.203387717624864, 0.195896522424164 ], [ 36.203219870785389, 0.195657592319874 ], [ 36.203151205120925, 0.195457200919229 ], [ 36.203151204735136, 0.195333873242638 ], [ 36.203258016215194, 0.195148903537514 ], [ 36.203357197570597, 0.194925378730648 ], [ 36.203494525031026, 0.194408979010991 ], [ 36.203525040939041, 0.194054431223242 ], [ 36.203654739998179, 0.193730725611099 ], [ 36.203807327552063, 0.193561161904472 ], [ 36.20395610036892, 0.193476372774499 ], [ 36.204253647075092, 0.193329941483009 ], [ 36.204772444806821, 0.193152665994305 ], [ 36.205012770505732, 0.193013930405723 ], [ 36.205089064186431, 0.192898313109703 ], [ 36.205058544640487, 0.192089037114049 ], [ 36.205058544014221, 0.191888630393669 ], [ 36.205081431424723, 0.191695949324395 ], [ 36.20518061314241, 0.191588042578187 ], [ 36.205302683161655, 0.191572620946701 ], [ 36.205485789383289, 0.191611159385373 ], [ 36.205615489032922, 0.191796143443504 ], [ 36.205821484326613, 0.192173808256794 ], [ 36.205981702041058, 0.192374199368822 ], [ 36.206191511542059, 0.192497526381902 ], [ 36.206382246719457, 0.192520643551434 ], [ 36.206557722816243, 0.192520642996148 ], [ 36.206702680583184, 0.192420446727962 ], [ 36.206862897262361, 0.192289422015824 ], [ 36.207015484768803, 0.192104437064603 ], [ 36.207076520248854, 0.191927163025507 ], [ 36.207084148482927, 0.191680521741413 ], [ 36.207023112679011, 0.191433895775582 ], [ 36.206954447256003, 0.191310568315548 ], [ 36.206786600657793, 0.19114871624538 ], [ 36.206649270028223, 0.190971442833607 ], [ 36.206626381510105, 0.190809590304772 ], [ 36.206679786937897, 0.190616895044379 ], [ 36.206725562626254, 0.190508988467209 ], [ 36.207148994066536, 0.190254649339074 ], [ 36.207644903426747, 0.189961756869191 ], [ 36.207942450134425, 0.189815310477499 ], [ 36.208907566336322, 0.189067688122598 ], [ 36.20922037100479, 0.188905834532265 ], [ 36.209491214842451, 0.188805637866321 ], [ 36.209834537960738, 0.188782504913864 ], [ 36.210124455049403, 0.188759386224613 ], [ 36.210383854048999, 0.188713135764133 ], [ 36.210586032920823, 0.188636072189886 ], [ 36.210860691025033, 0.188620649070452 ], [ 36.211028538478544, 0.188736265595416 ], [ 36.211142979878367, 0.188844171666492 ], [ 36.211379491249616, 0.188921234861947 ], [ 36.211596929754478, 0.18904456185284 ], [ 36.211825811881262, 0.189044561130117 ], [ 36.212001287978389, 0.189044560576059 ], [ 36.212169134071331, 0.189044560046131 ], [ 36.212436163075026, 0.188998309562246 ], [ 36.212596380331831, 0.18905226931983 ], [ 36.212775671743316, 0.189152464563809 ], [ 36.213050330135346, 0.189229526632379 ], [ 36.213248695245078, 0.189229526006328 ], [ 36.213439430470629, 0.189268065429427 ], [ 36.213592018011191, 0.189414510398541 ], [ 36.213809456923613, 0.189668861595323 ], [ 36.214221447175781, 0.190640003084026 ], [ 36.214374036100061, 0.190909761635612 ], [ 36.214625806646829, 0.191040785046441 ], [ 36.214957685997568, 0.191094729161532 ], [ 36.215232344052794, 0.191063900906204 ], [ 36.215590925602392, 0.19085579753366 ], [ 36.215812176788496, 0.190555209407262 ], [ 36.216044872741207, 0.190177543208299 ], [ 36.216319530149079, 0.189938612711552 ], [ 36.216861216488532, 0.189630312952389 ], [ 36.217566934990707, 0.189345130449794 ], [ 36.217986551790744, 0.189206394299632 ], [ 36.219088998752007, 0.188998288584864 ], [ 36.219718423332694, 0.188751645342524 ], [ 36.220744575911354, 0.188111929241908 ], [ 36.221194708795323, 0.187672605567679 ], [ 36.221526586255344, 0.187117665210498 ], [ 36.221801242157476, 0.186393162815563 ], [ 36.22201486364856, 0.185869051225524 ], [ 36.222259003778937, 0.185545331159587 ], [ 36.222606139775323, 0.185159953977929 ], [ 36.222690062152076, 0.184944155949573 ], [ 36.222835020682396, 0.184766881646621 ], [ 36.22309441934803, 0.184612723750466 ], [ 36.223147824851523, 0.184443160357891 ], [ 36.223193599944288, 0.18414257378975 ], [ 36.223262264217105, 0.183895932312032 ], [ 36.223391963858802, 0.183757197075417 ], [ 36.223536921389481, 0.183579922772341 ], [ 36.22343773897564, 0.183464321129608 ], [ 36.223323297648868, 0.183379531822914 ], [ 36.223323297218421, 0.183240796993878 ], [ 36.223384331726336, 0.183071233577031 ], [ 36.223369073359123, 0.182955616569295 ], [ 36.223330926003143, 0.182847725357191 ], [ 36.22330040743617, 0.182670451605413 ], [ 36.22332329513808, 0.182570255722893 ], [ 36.22342247685863, 0.182462348977989 ], [ 36.223567435389569, 0.182285074674627 ], [ 36.223643728810529, 0.182084682813592 ], [ 36.223643728308431, 0.181922816116542 ], [ 36.223716206846817, 0.181760963286039 ], [ 36.22396797634206, 0.18155286025094 ], [ 36.224067157775956, 0.181352469324587 ], [ 36.223948902032269, 0.181133985947821 ], [ 36.223826830381775, 0.180946241379202 ], [ 36.223826829258847, 0.180584163266699 ], [ 36.223933640070939, 0.180181849442561 ], [ 36.224093856744844, 0.180047735046749 ], [ 36.224307479698162, 0.179994088214644 ], [ 36.224547805292289, 0.179819754299256 ], [ 36.224467695790104, 0.179672243967489 ], [ 36.224399031127852, 0.179471072337566 ], [ 36.224399030379459, 0.17922968223065 ], [ 36.224505840815809, 0.179028525150527 ], [ 36.224639354976134, 0.178733503564072 ], [ 36.225425179757551, 0.177875214868548 ], [ 36.225757057614487, 0.177446077759507 ], [ 36.225745613026369, 0.177258332842363 ], [ 36.225707465298534, 0.177030353639739 ], [ 36.225680761494047, 0.176775551823813 ], [ 36.225573949727547, 0.176547572836497 ], [ 36.225547245964613, 0.176306181805717 ], [ 36.225600650039063, 0.175997734583481 ], [ 36.225905823884936, 0.175246738710417 ], [ 36.226092743492096, 0.175085815747551 ], [ 36.226210999143547, 0.174951700476311 ], [ 36.226210998645165, 0.174790779106654 ], [ 36.226317810373295, 0.174683501549846 ], [ 36.226371214946596, 0.174535975696758 ], [ 36.226371214115971, 0.174267763010867 ], [ 36.226371213659171, 0.17412025141965 ], [ 36.226596280662008, 0.174080017350915 ], [ 36.226611539213913, 0.173932505711773 ], [ 36.226531430587166, 0.173744761009086 ], [ 36.226649684989773, 0.173530178005608 ], [ 36.22690526959483, 0.17335584404188 ], [ 36.227263849884764, 0.173060806646867 ], [ 36.227771204093351, 0.172712137725038 ], [ 36.228091638901603, 0.172591433611961 ], [ 36.228396815074696, 0.172591432655303 ], [ 36.22862188187041, 0.172484155734556 ], [ 36.228782098463526, 0.172323232855574 ], [ 36.229037683608517, 0.172323232054586 ], [ 36.229381005637364, 0.172269585823953 ], [ 36.229716699661893, 0.172215938610577 ], [ 36.229850213032648, 0.171987958868524 ], [ 36.230048576357312, 0.171733156345817 ], [ 36.230220237791364, 0.171518588276321 ], [ 36.230220237210887, 0.17133084332189 ], [ 36.230342306409511, 0.171049217453824 ], [ 36.23050252292024, 0.170861471997513 ], [ 36.230487264206765, 0.170633492721146 ], [ 36.230342303631829, 0.170150711949102 ], [ 36.230193529676541, 0.169869086928892 ], [ 36.230101975795186, 0.169600874528199 ], [ 36.23008671591586, 0.169319249089624 ], [ 36.230288893994903, 0.168983992916043 ], [ 36.230754285353918, 0.16836709533052 ], [ 36.231048015657009, 0.167763625175401 ], [ 36.23123493534947, 0.167629510695729 ], [ 36.231448558098769, 0.167508822019008 ], [ 36.231738473939025, 0.167079685038904 ], [ 36.231860544677438, 0.166972393339822 ], [ 36.231925393051839, 0.166757825603775 ], [ 36.232085610232417, 0.166462788829718 ], [ 36.232207679805335, 0.166301866069773 ], [ 36.232390785620382, 0.166207985971902 ], [ 36.232566261306843, 0.166073885622468 ], [ 36.232753180792983, 0.165872729296646 ], [ 36.232924840939098, 0.165564280694477 ], [ 36.233218571865756, 0.165161966279772 ], [ 36.233336825981539, 0.164853518851222 ], [ 36.233390231142941, 0.16457189319628 ], [ 36.233390230356534, 0.164317091292666 ], [ 36.23344363576642, 0.164115934377365 ], [ 36.233657257316636, 0.163606329901819 ], [ 36.233683958842221, 0.163123548588113 ], [ 36.233538998848353, 0.162828526861557 ], [ 36.233363521960825, 0.162573725505919 ], [ 36.233245266189066, 0.16234574654908 ], [ 36.233245265485515, 0.162117767222408 ], [ 36.233390222865637, 0.161889772341424 ], [ 36.233538995620627, 0.16178249565971 ], [ 36.233725916232054, 0.161621572696462 ], [ 36.233764062798933, 0.161474046889341 ], [ 36.233752617130371, 0.1612594793905 ], [ 36.233725914246037, 0.160977854991426 ], [ 36.233725913542706, 0.160749875664428 ], [ 36.233806021051279, 0.160575541242573 ], [ 36.233867055652247, 0.160434736361031 ], [ 36.241984730844365, 0.158646625756121 ], [ 36.243670803396455, 0.150697574410101 ], [ 36.245238623860715, 0.143705849704627 ], [ 36.244513827730962, 0.142826293274653 ], [ 36.244430729378763, 0.142727627962699 ], [ 36.237834265362842, 0.134895419329833 ], [ 36.230891486906181, 0.126699933558632 ], [ 36.230815192060739, 0.126440630745887 ], [ 36.230777044290285, 0.126198047755212 ], [ 36.23066641637201, 0.125922003966767 ], [ 36.230517641811971, 0.125445200195124 ], [ 36.230391755034248, 0.124893119367458 ], [ 36.229987388129857, 0.122082511408738 ], [ 36.229563948934157, 0.119506123621766 ], [ 36.228957403957565, 0.117038482461929 ], [ 36.228888737523874, 0.116586777475942 ], [ 36.228762850693684, 0.11601796160069 ], [ 36.228656037334723, 0.115273485608162 ], [ 36.228572112376334, 0.114654482595459 ], [ 36.228450039934629, 0.11421114076577 ], [ 36.228282192489623, 0.113776170123452 ], [ 36.22821734134142, 0.11341647614506 ], [ 36.228217340465946, 0.113132069016979 ], [ 36.228240227167269, 0.112705460770301 ], [ 36.228209707474321, 0.11216174262879 ], [ 36.228125783648778, 0.111910796786364 ], [ 36.227885456157516, 0.111475818315081 ], [ 36.227610797056194, 0.111174685054514 ], [ 36.22753450238978, 0.110973926194091 ], [ 36.227450578486732, 0.11069788936513 ], [ 36.22740098668266, 0.11044694240858 ], [ 36.227343764616272, 0.110112339391354 ], [ 36.227343764075528, 0.109936678326171 ], [ 36.22739335459211, 0.10976938009727 ], [ 36.227408612494642, 0.109409686874363 ], [ 36.227317058972865, 0.109259124127977 ], [ 36.227160656641473, 0.109183838569423 ], [ 36.227011882134697, 0.109050002990074 ], [ 36.226893626698775, 0.108932893297316 ], [ 36.226851664105482, 0.108748868365129 ], [ 36.226851663435923, 0.108531375230577 ], [ 36.226851663049665, 0.108405902178067 ], [ 36.226752480574362, 0.108272065437197 ], [ 36.226710518135576, 0.108138228517838 ], [ 36.226710517800804, 0.108029482453874 ], [ 36.226687628704674, 0.107678160394143 ], [ 36.226569372985281, 0.107469037666233 ], [ 36.226420598246399, 0.107259916040198 ], [ 36.22642059755109, 0.107034059914358 ], [ 36.22633667354458, 0.106724562060075 ], [ 36.226130678047809, 0.10628122048866 ], [ 36.225989534545313, 0.106147383878396 ], [ 36.22574157818034, 0.106080462602968 ], [ 36.225474548519799, 0.105921529358731 ], [ 36.225318145775496, 0.105712407756271 ], [ 36.225264739148848, 0.105520019868298 ], [ 36.225215146056321, 0.104850828729413 ], [ 36.225135036515503, 0.104691893895126 ], [ 36.225001521940236, 0.104532960234153 ], [ 36.224890895431216, 0.104390752483681 ], [ 36.224883264782278, 0.104181630416854 ], [ 36.224932855221752, 0.103989242207283 ], [ 36.225142663893159, 0.103838670466139 ], [ 36.22538298966149, 0.103713196663464 ], [ 36.225539391247146, 0.103545898100391 ], [ 36.225539390757874, 0.103386964022763 ], [ 36.225489799107926, 0.103186213131484 ], [ 36.22535628453263, 0.103027278463488 ], [ 36.225325765997908, 0.102859980483305 ], [ 36.225417318516115, 0.102684312084229 ], [ 36.225440205964375, 0.102500286948714 ], [ 36.225489796429869, 0.10231625468275 ], [ 36.225608051913973, 0.102123866258829 ], [ 36.225798786470619, 0.101939833552705 ], [ 36.225947558974546, 0.10174744503369 ], [ 36.225970206695273, 0.101651939545799 ], [ 36.225997149363039, 0.101538322787975 ], [ 36.225458920136276, 0.098653354329557 ], [ 36.225447823946027, 0.098593878165547 ], [ 36.225474525294118, 0.098376384945786 ], [ 36.225497014075259, 0.098300517939566 ], [ 36.22552411581151, 0.098209087721867 ], [ 36.22566525938845, 0.098041789205863 ], [ 36.22584073503927, 0.097891224618761 ], [ 36.226039099473326, 0.097665367872831 ], [ 36.226187872055426, 0.097498069333065 ], [ 36.226306126386085, 0.097255485848101 ], [ 36.226237461440867, 0.096962714932226 ], [ 36.225947542322224, 0.096335348553213 ], [ 36.225745607152831, 0.095997979460591 ], [ 36.225707214930452, 0.095933839154075 ], [ 36.225691955302885, 0.095733080100579 ], [ 36.225630919259522, 0.095406848135798 ], [ 36.225623289817101, 0.095264641069654 ], [ 36.225489774395406, 0.095155902467741 ], [ 36.225283780926297, 0.095047156037843 ], [ 36.225024380345062, 0.094913319794599 ], [ 36.224761165735515, 0.094771113525076 ], [ 36.224444545374027, 0.094720926498645 ], [ 36.224093592938665, 0.094654012590505 ], [ 36.223780787399328, 0.094545267500597 ], [ 36.223456537646442, 0.094369607444083 ], [ 36.223239098860361, 0.094160486029726 ], [ 36.223189507184088, 0.093951363085139 ], [ 36.223212394323546, 0.093666955880642 ], [ 36.223296315370114, 0.093014491307358 ], [ 36.22328105581942, 0.092838829280348 ], [ 36.223139912392021, 0.092730083654977 ], [ 36.22303309996142, 0.092612973924868 ], [ 36.222880511629498, 0.092537696407216 ], [ 36.222724109397987, 0.092495871872424 ], [ 36.222533374066721, 0.092428950417695 ], [ 36.222441820491476, 0.092261653633057 ], [ 36.222384599887285, 0.092077621698561 ], [ 36.222357895865336, 0.091751396672801 ], [ 36.222308303854049, 0.091433527662202 ], [ 36.222209120707049, 0.091082198788087 ], [ 36.222010754803833, 0.090831252291118 ], [ 36.221736095335004, 0.090413008961621 ], [ 36.221594950108589, 0.090044952222495 ], [ 36.221495765982596, 0.089375761229393 ], [ 36.221419469536855, 0.088597831145802 ], [ 36.221301213093568, 0.088154489293814 ], [ 36.221129549949666, 0.087819893674211 ], [ 36.220664155301911, 0.08738491690266 ], [ 36.220374237568656, 0.087209256738443 ], [ 36.220141540795971, 0.087008498361828 ], [ 36.219817289215257, 0.086565164199319 ], [ 36.219432003439096, 0.086071635165998 ], [ 36.219084864224001, 0.085427535931254 ], [ 36.218836905456079, 0.084582683324001 ], [ 36.218676687833849, 0.084415386752742 ], [ 36.218028186829088, 0.083905124504304 ], [ 36.21750557139201, 0.083227570831894 ], [ 36.216982954851147, 0.082516557140884 ], [ 36.216765516132781, 0.082006300593467 ], [ 36.216681589730307, 0.081245089464006 ], [ 36.216666328116126, 0.080400237134298 ], [ 36.216551884249533, 0.079170593894963 ], [ 36.216384036543658, 0.078978206360079 ], [ 36.216166598165216, 0.078902921997453 ], [ 36.216002565719499, 0.078794175436175 ], [ 36.215701203897666, 0.078593418279931 ], [ 36.215468505657789, 0.078242095859813 ], [ 36.215045071715878, 0.077380510766741 ], [ 36.214308829819942, 0.075629736423017 ], [ 36.214137165887891, 0.075040849290613 ], [ 36.213931169437139, 0.074291354981516 ], [ 36.213908278615484, 0.073381252816155 ], [ 36.213751872919147, 0.072216859556766 ], [ 36.213755686385326, 0.072042870669569 ], [ 36.213854868834076, 0.071842112261506 ], [ 36.213957864553556, 0.071728347272495 ], [ 36.214114267268279, 0.071601200525383 ], [ 36.214278298784109, 0.071407806219718 ], [ 36.214373664941633, 0.071113354536394 ], [ 36.214369710442988, 0.070952421080819 ], [ 36.214362219498383, 0.070647600294075 ], [ 36.214213444872776, 0.070153102033071 ], [ 36.213854859954125, 0.068961234454705 ], [ 36.21362216060016, 0.068249215124651 ], [ 36.212840142558335, 0.066787701546836 ], [ 36.212531149936339, 0.066006088514514 ], [ 36.212470112722514, 0.065625985872027 ], [ 36.212470111748864, 0.065310127160758 ], [ 36.212485369274219, 0.064828313312952 ], [ 36.21252351532695, 0.064512447435271 ], [ 36.212595993601461, 0.064260832619547 ], [ 36.212813430147378, 0.063740268708223 ], [ 36.203383482461632, 0.060454832605608 ], [ 36.188296327596966, 0.055203997649677 ], [ 36.179759019607729, 0.052333543305062 ], [ 36.179331757434831, 0.047238840928699 ], [ 36.17869849681076, 0.040440275589793 ], [ 36.178217826484641, 0.034664657530795 ], [ 36.178172047725631, 0.034110165270917 ], [ 36.178094792601854, 0.033124472159394 ], [ 36.177733339988116, 0.028512760230103 ], [ 36.177672263287072, 0.027980441471861 ], [ 36.177046675864418, 0.022528110296762 ], [ 36.17668807442012, 0.016360689652377 ], [ 36.175921286094535, 0.005501838469603 ], [ 36.172602486228818, 0.002181483588671 ], [ 36.171614476572486, 0.001250395911974 ], [ 36.169890227027757, -0.000425563484875 ], [ 36.163512027675978, -0.006973746551893 ], [ 36.162256975573598, -0.011824124618181 ], [ 36.160963777091261, -0.016784321819709 ], [ 36.158240068539456, -0.020756135154881 ], [ 36.153765404443384, -0.027327018143472 ], [ 36.148627006484091, -0.026306425968437 ], [ 36.145281506525933, -0.028942937273419 ], [ 36.143957802245339, -0.029966689276286 ], [ 36.143248265340183, -0.030709961358513 ], [ 36.142676058820015, -0.031046537985906 ], [ 36.142008484606357, -0.031579446785838 ], [ 36.141424834636105, -0.032056263303762 ], [ 36.140776333332077, -0.032622489226282 ], [ 36.140101132764507, -0.032308695197692 ], [ 36.132033053870785, -0.028269741286318 ], [ 36.13084286877087, -0.027675713409618 ], [ 36.12434638154366, -0.044470718969599 ], [ 36.124834659116544, -0.045688437325933 ], [ 36.125136017762422, -0.046516167056321 ], [ 36.125144695672915, -0.046546892797309 ], [ 36.125163355480588, -0.046612957167362 ], [ 36.125261901464668, -0.046961868493458 ], [ 36.125307677926777, -0.047144925230923 ], [ 36.125387785217171, -0.047391653366691 ], [ 36.125387784490698, -0.047622460656223 ], [ 36.125158900319917, -0.048251217553171 ], [ 36.125151270612129, -0.048474066536426 ], [ 36.125151269860595, -0.04871283613477 ], [ 36.125204675203996, -0.048935684305855 ], [ 36.125334374511233, -0.049190370881453 ], [ 36.12552892277278, -0.049476894818224 ], [ 36.125837913205679, -0.049739540247056 ], [ 36.125963798060972, -0.049819131521099 ], [ 36.12636052737048, -0.04950873462352 ], [ 36.126803033517795, -0.049262008153732 ], [ 36.127096766064497, -0.049166501653228 ], [ 36.127325647106218, -0.049214256100694 ], [ 36.127585047048399, -0.049301806081812 ], [ 36.127909295169154, -0.049667917276861 ], [ 36.128351798914032, -0.050185249291626 ], [ 36.129145252828174, -0.051379093767009 ], [ 36.129366503188301, -0.052278455828455 ], [ 36.129366502313118, -0.052557016835424 ], [ 36.12936650108788, -0.052947005869485 ], [ 36.12945805213981, -0.053273320885946 ], [ 36.129580122817565, -0.05340862414707 ], [ 36.129706007048604, -0.053687189581547 ], [ 36.129839519886225, -0.054093095603929 ], [ 36.129934886151432, -0.054352649657755 ], [ 36.126154709157163, -0.052700554682403 ], [ 36.123079878796474, -0.051356725809928 ], [ 36.121706576942124, -0.054435270775284 ], [ 36.121008483771661, -0.055571647775302 ], [ 36.120413384148598, -0.057513815992448 ], [ 36.120043352561673, -0.05918738964155 ], [ 36.118975229620609, -0.061418817995156 ], [ 36.117479857704481, -0.064476701226812 ], [ 36.118052053081882, -0.067369304436869 ], [ 36.118067860880025, -0.067437709468476 ], [ 36.118773021878077, -0.070489181744916 ], [ 36.118096877497543, -0.071694637297642 ], [ 36.114195355191036, -0.078650419863912 ], [ 36.108675452082025, -0.088877802057061 ], [ 36.104441108652544, -0.097005976797228 ], [ 36.102457476343616, -0.093059124806927 ], [ 36.09303894971579, -0.102587953551981 ], [ 36.092611705366267, -0.101944833418995 ], [ 36.092268384832515, -0.101384042759341 ], [ 36.092161573928237, -0.101007816536076 ], [ 36.092054764384145, -0.10051800685689 ], [ 36.092054766341782, -0.099900428087657 ], [ 36.092070028001054, -0.098750450890461 ], [ 36.092111991884302, -0.098168366896379 ], [ 36.092211174738914, -0.097927013319179 ], [ 36.09233706068504, -0.097664366264505 ], [ 36.092375208079538, -0.097550788971426 ], [ 36.092253138802214, -0.097288141120304 ], [ 36.092096736651591, -0.096975799452946 ], [ 36.092062405070848, -0.096833823797767 ], [ 36.092062405678568, -0.096642163607681 ], [ 36.092070035585749, -0.096358220596221 ], [ 36.092001372244297, -0.096131066550925 ], [ 36.091822082298641, -0.095747737540467 ], [ 36.091703827430514, -0.095357313220614 ], [ 36.091654237601709, -0.094973984626572 ], [ 36.091677128018176, -0.094533875107977 ], [ 36.091738164626555, -0.094044065965303 ], [ 36.091867866039536, -0.093320013752982 ], [ 36.091959420044802, -0.093028968457952 ], [ 36.092001383230716, -0.092666942781466 ], [ 36.092005198404991, -0.092297813422937 ], [ 36.091879314643393, -0.091871894436077 ], [ 36.091913648687516, -0.091552457874718 ], [ 36.092054794322529, -0.091076848053218 ], [ 36.091921279563444, -0.090963270207895 ], [ 36.091555068506281, -0.090878082696739 ], [ 36.09135670513988, -0.090622537151169 ], [ 36.091272782988419, -0.090331491291512 ], [ 36.09113164057446, -0.08979199584513 ], [ 36.091040088912067, -0.089344782397539 ], [ 36.090929463534373, -0.089117628215763 ], [ 36.090765431793614, -0.088989851207198 ], [ 36.089659170902941, -0.088329672686547 ], [ 36.089029746626821, -0.087925054701387 ], [ 36.088884788061314, -0.087747585054108 ], [ 36.088743644837585, -0.087463642568522 ], [ 36.088587243104179, -0.087335865583804 ], [ 36.088205773057531, -0.087243582516082 ], [ 36.087915855934597, -0.087200991435776 ], [ 36.087557274314456, -0.086980931960062 ], [ 36.087259729380762, -0.086562108929551 ], [ 36.087191066131936, -0.08630656379947 ], [ 36.087187251950652, -0.086047951340587 ], [ 36.087034664564293, -0.085812230669403 ], [ 36.086889705937978, -0.08565412869062 ], [ 36.086702786400117, -0.085456496920011 ], [ 36.086554013676292, -0.085328037389276 ], [ 36.086298428888874, -0.085189699378838 ], [ 36.086035214906282, -0.085110647271428 ], [ 36.085829221943122, -0.085041474490556 ], [ 36.085611784064106, -0.084942658205504 ], [ 36.085386717429792, -0.084764791643133 ], [ 36.08473821961416, -0.084211425703164 ], [ 36.084455933086609, -0.083984150156991 ], [ 36.084043946041625, -0.08356912921296 ], [ 36.083776917779659, -0.083262803462859 ], [ 36.083395449479198, -0.082936713018379 ], [ 36.082933871233827, -0.082571099705573 ], [ 36.082571475699098, -0.082324059574881 ], [ 36.082273929718419, -0.082235129219508 ], [ 36.082060307064062, -0.082067140828223 ], [ 36.081747502479267, -0.081849751371446 ], [ 36.08138129209911, -0.081553303435327 ], [ 36.081018895250203, -0.081405078888307 ], [ 36.080713720168596, -0.08134579197501 ], [ 36.080458134910543, -0.081355669285173 ], [ 36.080252140948417, -0.081286496502519 ], [ 36.079195470713103, -0.080752893562504 ], [ 36.078821630791495, -0.080624433302409 ], [ 36.078329534828221, -0.08047621638878 ], [ 36.077936621110545, -0.080278583949108 ], [ 36.077722998268101, -0.080169889538082 ], [ 36.077368233066622, -0.079507829811521 ], [ 36.076925729472819, -0.078944578338411 ], [ 36.076738809685892, -0.078826004871032 ], [ 36.07652518652845, -0.078816118997316 ], [ 36.076376413081299, -0.078914934101045 ], [ 36.076044534639458, -0.078648136787071 ], [ 36.075838540646537, -0.078588842138662 ], [ 36.075621103454132, -0.078588841435157 ], [ 36.07504126843601, -0.078746941071981 ], [ 36.074934456088862, -0.078825999033435 ], [ 36.074797126683222, -0.078914928991208 ], [ 36.074717017959507, -0.078806234004578 ], [ 36.074579689406129, -0.078628367721899 ], [ 36.074415657734519, -0.078480143813352 ], [ 36.074247811870109, -0.078391213874477 ], [ 36.074118112165806, -0.078262746348234 ], [ 36.07402274523929, -0.078213346300868 ], [ 36.073923562530453, -0.078094766069544 ], [ 36.073793863889428, -0.077946542272013 ], [ 36.073717570390414, -0.077768675179841 ], [ 36.073610759243408, -0.077472228078624 ], [ 36.073442913979356, -0.077195553158698 ], [ 36.07310722116739, -0.076731117613082 ], [ 36.07305000184347, -0.076503843796607 ], [ 36.073050002664871, -0.076246925691245 ], [ 36.072988968653526, -0.075920836277099 ], [ 36.072912675154932, -0.075742969184616 ], [ 36.072645646898842, -0.075436643428117 ], [ 36.07256935333713, -0.075278541667386 ], [ 36.072470174726021, -0.074191585008539 ], [ 36.072508324256432, -0.073410946638597 ], [ 36.072470177728604, -0.073252845001252 ], [ 36.072363366013889, -0.073134264744485 ], [ 36.072145928854191, -0.073124384897468 ], [ 36.072039116570537, -0.07318367148637 ], [ 36.071920860213552, -0.073262721356587 ], [ 36.071783530966265, -0.073302242514653 ], [ 36.071703422642805, -0.073381301569183 ], [ 36.071577537342272, -0.073440587089483 ], [ 36.07148979901212, -0.07351963806528 ], [ 36.071459280542548, -0.073657982202149 ], [ 36.071360098233939, -0.073727146951355 ], [ 36.071165547967709, -0.073756796835358 ], [ 36.070921408258648, -0.073598686476178 ], [ 36.070742117290472, -0.073539399966517 ], [ 36.070536123393708, -0.073450461848727 ], [ 36.070341574791669, -0.073272595378856 ], [ 36.070074546252492, -0.073055206063885 ], [ 36.069780814531747, -0.072887217407718 ], [ 36.06960533831402, -0.072906981163698 ], [ 36.069311605707341, -0.073015673932015 ], [ 36.069094167977902, -0.073183661936787 ], [ 36.068956838477213, -0.073302233348018 ], [ 36.068857654788587, -0.073489986061579 ], [ 36.068651661417164, -0.073549271321586 ], [ 36.06833885610979, -0.073559156496131 ], [ 36.068033679334356, -0.073717258026386 ], [ 36.067797167555995, -0.073895123097908 ], [ 36.067522506984126, -0.074310141826448 ], [ 36.067358474206145, -0.074507772464998 ], [ 36.067266922346988, -0.074438599043166 ], [ 36.067217331683139, -0.074320027025435 ], [ 36.067148666875831, -0.074240975542184 ], [ 36.067003708747869, -0.074240975071607 ], [ 36.066805343509465, -0.074260731705632 ], [ 36.066553573128949, -0.074310138680991 ], [ 36.066248398017933, -0.074260729897282 ], [ 36.065912703816593, -0.074231085339589 ], [ 36.065519789881542, -0.074102625010346 ], [ 36.065355757831774, -0.074072982016698 ], [ 36.065264205560908, -0.074132267647736 ], [ 36.065157393118056, -0.074240969075881 ], [ 36.065050582245519, -0.07417179661093 ], [ 36.064794997812065, -0.073924756816697 ], [ 36.064657668976054, -0.073835826974484 ], [ 36.064413527823923, -0.073816060849235 ], [ 36.064215163617128, -0.073825939347069 ], [ 36.064127425761534, -0.073756773991082 ], [ 36.064047317229679, -0.07358878602711 ], [ 36.063940506135417, -0.073588785679988 ], [ 36.063822249301936, -0.073816058927759 ], [ 36.063784101792756, -0.073964282182242 ], [ 36.063497999191355, -0.07407297598031 ], [ 36.063127972579167, -0.074161904173578 ], [ 36.062761761255572, -0.074161902983074 ], [ 36.06247947441841, -0.074033443012027 ], [ 36.062124708119939, -0.073717238830154 ], [ 36.061781385990365, -0.073351617831751 ], [ 36.061212996440375, -0.073055177279707 ], [ 36.060682753606962, -0.072857544383083 ], [ 36.060297469552502, -0.072768613733172 ], [ 36.060102919317288, -0.07278837037811 ], [ 36.059816817001177, -0.072808133772181 ], [ 36.059748152639031, -0.072590745099027 ], [ 36.059748153178745, -0.072422757395077 ], [ 36.059740524648184, -0.07227453399155 ], [ 36.059652786761269, -0.072215247777386 ], [ 36.059523086678588, -0.072205361165585 ], [ 36.059309463331353, -0.072254768263053 ], [ 36.059229355609922, -0.072146074280792 ], [ 36.059217911044399, -0.072007737054333 ], [ 36.059217911647764, -0.071819984018324 ], [ 36.059111100902825, -0.071711289949001 ], [ 36.058886033863168, -0.071661881423283 ], [ 36.05880592457018, -0.071731053280635 ], [ 36.058718186048161, -0.071869390184129 ], [ 36.058649521257081, -0.072096664599925 ], [ 36.058573226268692, -0.072383224919458 ], [ 36.058443525645998, -0.072541333058771 ], [ 36.058275678370741, -0.072580855122224 ], [ 36.058119276264406, -0.072570975470508 ], [ 36.057981947651363, -0.072412873508802 ], [ 36.057779768145913, -0.072514560666202 ], [ 36.057676771093931, -0.072502432130479 ], [ 36.05759284760483, -0.07232047764508 ], [ 36.057497481554279, -0.071999015094167 ], [ 36.057253341275015, -0.071707878096139 ], [ 36.057032090094069, -0.071392483765283 ], [ 36.056810838736041, -0.071132198397558 ], [ 36.056402664650811, -0.071357655547605 ], [ 36.056116561932058, -0.071502600047696 ], [ 36.055941085207294, -0.071679746503123 ], [ 36.055811384367416, -0.071905204560486 ], [ 36.055811383693857, -0.072114559222999 ], [ 36.055731274053144, -0.072291713036371 ], [ 36.055620648421765, -0.072146774290396 ], [ 36.055460431435677, -0.072098454261436 ], [ 36.05518958724825, -0.072082348554166 ], [ 36.054899669992167, -0.072082347608951 ], [ 36.054594493722547, -0.072082346613904 ], [ 36.054117656301187, -0.072082345058905 ], [ 36.0536675219034, -0.072082343590779 ], [ 36.053286051410687, -0.072130655812702 ], [ 36.052900766758889, -0.072227286522112 ], [ 36.05251548058834, -0.072484953393909 ], [ 36.048708394589305, -0.077332355167621 ], [ 36.048868605191721, -0.079361502142686 ], [ 36.048853321687744, -0.08696276672068 ], [ 36.046503493260474, -0.078685109917321 ], [ 36.038702429905022, -0.078802779376443 ], [ 36.036837038407413, -0.079676368118519 ], [ 36.03684846934523, -0.08371673404005 ], [ 36.036016863182333, -0.084153532767982 ], [ 36.035147110141097, -0.084541794407642 ], [ 36.034399427798427, -0.084748055925079 ], [ 36.033182538227862, -0.084893650739903 ], [ 36.031954203999987, -0.084930047417183 ], [ 36.030256662661891, -0.084869375674008 ], [ 36.028627785306718, -0.084832968607553 ], [ 36.027857215806357, -0.084772299905455 ], [ 36.027410896638685, -0.084699496014633 ], [ 36.026747138707542, -0.084493228855639 ], [ 36.025915534427732, -0.084347628320362 ], [ 36.025408179968579, -0.084347626651378 ], [ 36.024866492399475, -0.08437189033023 ], [ 36.023264316135169, -0.084930018851237 ], [ 36.022119904323048, -0.085476005576023 ], [ 36.021696471544423, -0.085597337527457 ], [ 36.021299743026624, -0.085645866136129 ], [ 36.020216368635182, -0.085463871105034 ], [ 36.019758604219689, -0.085463869596436 ], [ 36.019445798580399, -0.085573064650569 ], [ 36.019071956332908, -0.085852123771742 ], [ 36.018793482698023, -0.086276788054778 ], [ 36.018659966043394, -0.086747965223491 ], [ 36.018686665190891, -0.087939407203416 ], [ 36.018743327432475, -0.090647463248693 ] ] ] ] } },
{ "type": "Feature", "properties": { "fid": 3, "CONST_CODE": 174, "Shape_Area": 0.00413361443, "OBJECTID_1": 730, "NAME": "BAHATI", "OBJECTID": 3127, "CONSTITUEN": "BAHATI", "COUNTY_ASS": 869, "SPOILT": 128, "COUNTY_A_1": "BAHATI", "REJECTED": 496, "REPORTED": 22, "SPOILT_VAL": 0.014263427679964, "VALID": 8974, "DISPUTED": 0, "RESULT": "1", "COUNTY_COD": 32, "Shape_Leng": 0.3597811499, "COUNTY_NAM": "NAKURU", "Shape_Le_1": 0.3597811499, "REGISTERED": "13252" }, "geometry": { "type": "MultiPolygon", "coordinates": [ [ [ [ 36.214715883320942, -0.293251769002425 ], [ 36.214727326451651, -0.293547360962556 ], [ 36.214860839810036, -0.294146194426332 ], [ 36.216264629984018, -0.300638018969176 ], [ 36.217607386763362, -0.306914299203559 ], [ 36.218858590503402, -0.312843112861678 ], [ 36.220140312804311, -0.318939703738753 ], [ 36.221448736415788, -0.325287752027841 ], [ 36.222570243218776, -0.33049795814438 ], [ 36.223471798482784, -0.334800346981919 ], [ 36.223189055014586, -0.334850950916326 ], [ 36.222697663972816, -0.335015850400946 ], [ 36.213373757160397, -0.338144731410194 ], [ 36.204153328567259, -0.340540201679886 ], [ 36.195230330452461, -0.343534547015897 ], [ 36.18779451941883, -0.339042965937463 ], [ 36.177384389892723, -0.330958127935958 ], [ 36.160430740696057, -0.32137608323846 ], [ 36.15923329809555, -0.320799529707284 ], [ 36.157880579639126, -0.315511109959762 ], [ 36.156411935087718, -0.310218844030974 ], [ 36.156297246275614, -0.309786298891993 ], [ 36.156296311285352, -0.309782772279272 ], [ 36.155286610750451, -0.305974709079737 ], [ 36.16545661182893, -0.303741004029941 ], [ 36.165910561635002, -0.303641003937483 ], [ 36.165937278095143, -0.299214754237716 ], [ 36.165962829366741, -0.297487152383334 ], [ 36.165962846370299, -0.297485981544831 ], [ 36.165974681812344, -0.296685764291727 ], [ 36.166021219416237, -0.293539201833246 ], [ 36.166033503794289, -0.292760456323138 ], [ 36.166033708834028, -0.292747431122607 ], [ 36.16609752719102, -0.288701667706143 ], [ 36.165273552466218, -0.288644388715009 ], [ 36.162927511722295, -0.288376032946718 ], [ 36.155271409548327, -0.287330428352269 ], [ 36.152673598868233, -0.286951030374543 ], [ 36.152212019363972, -0.286951028946918 ], [ 36.149251809855606, -0.287367433601767 ], [ 36.149804933742224, -0.289893524018028 ], [ 36.150034465688854, -0.2913028539241 ], [ 36.150171138275923, -0.292142024431761 ], [ 36.149995662280894, -0.292077247221337 ], [ 36.149357203542259, -0.291762028932188 ], [ 36.149332700552343, -0.291749930862563 ], [ 36.145253996230629, -0.28973620378552 ], [ 36.137468202832046, -0.285775847893771 ], [ 36.129556523379634, -0.281806251629208 ], [ 36.129177090650685, -0.281583548491565 ], [ 36.128114303410968, -0.280959758019055 ], [ 36.128011572484496, -0.280899461021727 ], [ 36.128075160099229, -0.280722509556873 ], [ 36.128342117712165, -0.279969156806369 ], [ 36.129510763119718, -0.276680056405538 ], [ 36.129335287385089, -0.276531990582845 ], [ 36.128240470248002, -0.275865765912002 ], [ 36.126699330629535, -0.275847249163189 ], [ 36.125051375154221, -0.277364775662345 ], [ 36.124688979376671, -0.277164743350535 ], [ 36.121007798609369, -0.27514401643906 ], [ 36.11393916892532, -0.271266953020044 ], [ 36.107721215804617, -0.267843298676174 ], [ 36.104524501779245, -0.266094433232882 ], [ 36.103361019444392, -0.265475943876415 ], [ 36.100801358915355, -0.264114270610049 ], [ 36.099614989737525, -0.263438804721713 ], [ 36.096906555485852, -0.261939777398358 ], [ 36.093843356494688, -0.260237206239765 ], [ 36.090959446532899, -0.258590142241203 ], [ 36.087694068632665, -0.256795040927232 ], [ 36.087243934191278, -0.256461944459029 ], [ 36.086572548540978, -0.256119575212227 ], [ 36.086004158247988, -0.256017772862405 ], [ 36.085389990615568, -0.256008530045315 ], [ 36.083825964395274, -0.255860458786427 ], [ 36.082521336599356, -0.255666154820191 ], [ 36.079881565236761, -0.255194225958755 ], [ 36.079469577054361, -0.255110965233257 ], [ 36.078054324314301, -0.254861124093588 ], [ 36.073125732592466, -0.254037580939934 ], [ 36.066083798037916, -0.252756332746618 ], [ 36.058271294770144, -0.251123893840371 ], [ 36.054998282174182, -0.250512703532667 ], [ 36.054349783856225, -0.250392223861239 ], [ 36.052820084763461, -0.251477104173011 ], [ 36.047597747331217, -0.255185812001127 ], [ 36.044275134298644, -0.257519509284414 ], [ 36.044447659174651, -0.261392396471654 ], [ 36.044526886608942, -0.263170910709126 ], [ 36.044713791704453, -0.267926657547162 ], [ 36.044557415453589, -0.267951422848346 ], [ 36.044542580429777, -0.267953772531791 ], [ 36.042722517508672, -0.268242014460828 ], [ 36.042897987407834, -0.270222525325762 ], [ 36.043028670214376, -0.272217167647077 ], [ 36.043030300137154, -0.272242039164245 ], [ 36.043046753357501, -0.272493167491811 ], [ 36.042848389378513, -0.272417469065442 ], [ 36.042741426669366, -0.272288670431551 ], [ 36.042146486287784, -0.271572276353135 ], [ 36.041707797166033, -0.271143379534509 ], [ 36.040818974951037, -0.270272984493532 ], [ 36.0400674803277, -0.269579157996322 ], [ 36.039403723879033, -0.269175493380624 ], [ 36.039052771732429, -0.269099793453988 ], [ 36.039212979597622, -0.272026395240358 ], [ 36.038900174090678, -0.272076860095309 ], [ 36.038614071613239, -0.272127324029523 ], [ 36.037671837843106, -0.272669749488106 ], [ 36.036870749669966, -0.273073409378222 ], [ 36.035817889613988, -0.273666299333742 ], [ 36.034978654597396, -0.274006892877642 ], [ 36.034440781879333, -0.274044754633356 ], [ 36.033487106262193, -0.27390598653908 ], [ 36.032697464752268, -0.27347708858429 ], [ 36.031518724494966, -0.272833726567043 ], [ 36.030744340520592, -0.272556195039136 ], [ 36.030168321082336, -0.272493125949129 ], [ 36.029565598413136, -0.272493124000373 ], [ 36.029039168707747, -0.272530956594324 ], [ 36.028463148463771, -0.27272018460382 ], [ 36.027372143042804, -0.273098611623753 ], [ 36.026307839690638, -0.273464436357215 ], [ 36.025468604628095, -0.273817661460147 ], [ 36.024804845607058, -0.273905958463533 ], [ 36.024179234789578, -0.273943790733565 ], [ 36.023793950249249, -0.27397859349428 ], [ 36.023736727751164, -0.274427141286074 ], [ 36.023618471663283, -0.274726152752664 ], [ 36.023767243299368, -0.27520455407239 ], [ 36.023824462120274, -0.275593274695314 ], [ 36.023824460781803, -0.276011909405025 ], [ 36.024064785807283, -0.276400631627011 ], [ 36.02477431983462, -0.276639849443752 ], [ 36.025357968622593, -0.276910090552113 ], [ 36.02540374373455, -0.277204031598806 ], [ 36.025533443096727, -0.277448977901326 ], [ 36.025622755175263, -0.277768645322483 ], [ 36.025766136696021, -0.278281837541651 ], [ 36.025903464222175, -0.278791321917154 ], [ 36.026017903159527, -0.279477195119186 ], [ 36.026075123352513, -0.279749924189375 ], [ 36.023759839907775, -0.279078048623709 ], [ 36.023715748899313, -0.279065253822332 ], [ 36.021077868395153, -0.278299764477413 ], [ 36.012254471477121, -0.275817541838275 ], [ 36.012047037974412, -0.278082631677534 ], [ 36.01061409315551, -0.293729830888626 ], [ 36.010553052720468, -0.295091164606155 ], [ 36.010423353352891, -0.295159661765167 ], [ 36.010263134881903, -0.295249551042541 ], [ 36.010041882231555, -0.295373643105045 ], [ 36.009816814528413, -0.295512827193844 ], [ 36.009580303035342, -0.295582404237651 ], [ 36.009389567432642, -0.295702422122522 ], [ 36.009271310938594, -0.295814357127638 ], [ 36.009278940575228, -0.295930349703897 ], [ 36.009286569013454, -0.296108208464243 ], [ 36.009263680416872, -0.296286037929892 ], [ 36.009042427064962, -0.2963169703029 ], [ 36.008641884128416, -0.29615459191273 ], [ 36.008374855021948, -0.296092723853878 ], [ 36.007791206429694, -0.296069529687923 ], [ 36.005681676167782, -0.296023347691532 ], [ 36.003946444364161, -0.281351059201936 ], [ 36.003572203126559, -0.278186654687799 ], [ 36.003988008655234, -0.277235464930767 ], [ 36.004499183870564, -0.275793213881263 ], [ 36.004842508378317, -0.275444277906218 ], [ 36.005651231619566, -0.273164547984532 ], [ 36.006601101961365, -0.270280014410174 ], [ 36.006322632125162, -0.269200438858578 ], [ 36.012578802967319, -0.250567711502395 ], [ 36.014100884089714, -0.245758895682595 ], [ 36.014673099694498, -0.242654316531741 ], [ 36.01573742273429, -0.235848140905915 ], [ 36.016763599520132, -0.229107087060159 ], [ 36.017778329543987, -0.222908790852981 ], [ 36.01869387826342, -0.216460837805219 ], [ 36.019395799934642, -0.211510883109221 ], [ 36.020181645754356, -0.205920479830282 ], [ 36.020212164205567, -0.20579022084288 ], [ 36.026460668568539, -0.198363521147057 ], [ 36.032114077448632, -0.19149060301127 ], [ 36.036363671793893, -0.186186636460514 ], [ 36.037450855873125, -0.188065080231108 ], [ 36.039651949394873, -0.184542352513812 ], [ 36.042497730819463, -0.179998872868069 ], [ 36.043531520608674, -0.178202974564538 ], [ 36.046339150484194, -0.175370982260573 ], [ 36.047247051239047, -0.174480714791048 ], [ 36.051315636381766, -0.169759516166642 ], [ 36.053621441212627, -0.16708385283806 ], [ 36.05373206787381, -0.166911050268761 ], [ 36.052259595850437, -0.166150149250765 ], [ 36.048734816815809, -0.164447651565924 ], [ 36.042215503537605, -0.161280402576401 ], [ 36.035093467743373, -0.157789792636057 ], [ 36.028524562983662, -0.154470382604743 ], [ 36.02820412922145, -0.154299168269324 ], [ 36.026497241923089, -0.153562763429844 ], [ 36.025465177348387, -0.153117498990694 ], [ 36.025968724092316, -0.151181438519949 ], [ 36.02705974270004, -0.146986650550381 ], [ 36.028322422874595, -0.142356261725516 ], [ 36.029180741381353, -0.139048831918871 ], [ 36.030317535000819, -0.135168657415421 ], [ 36.030506988635707, -0.134408707077723 ], [ 36.030557292335338, -0.134206925289218 ], [ 36.031427627437637, -0.130715766406219 ], [ 36.031557328692323, -0.130365419212122 ], [ 36.032167689756413, -0.127427837738707 ], [ 36.045179621382516, -0.131696885679655 ], [ 36.058698907234444, -0.136071605500414 ], [ 36.075956595774159, -0.141693225134937 ], [ 36.090131306719286, -0.146297917140658 ], [ 36.090334188704887, -0.14636382403783 ], [ 36.090119171950761, -0.142107161634082 ], [ 36.090021402976021, -0.140171642851855 ], [ 36.090040486484526, -0.136853664742662 ], [ 36.099466621772272, -0.13387383746705 ], [ 36.106626823598013, -0.131295550278611 ], [ 36.110151605627934, -0.131697094807272 ], [ 36.110552149338112, -0.131908438036229 ], [ 36.111097651245672, -0.13178163178049 ], [ 36.111536342053327, -0.13165483927906 ], [ 36.11231453932507, -0.132436784936779 ], [ 36.113069848107195, -0.13304966259476 ], [ 36.11535866393838, -0.134423366894098 ], [ 36.117876361394146, -0.135987261244299 ], [ 36.117773837083305, -0.139888007752308 ], [ 36.117731385986772, -0.141503168251121 ], [ 36.117731384068236, -0.142116043500582 ], [ 36.118017482980072, -0.143188928452422 ], [ 36.118117568036425, -0.142881595146678 ], [ 36.118240586334764, -0.142503843456354 ], [ 36.118971167043867, -0.140260439988479 ], [ 36.127104102211725, -0.1426557412955 ], [ 36.140985784931637, -0.146946196676106 ], [ 36.142286598004425, -0.146995315592208 ], [ 36.142671883322308, -0.147009793726921 ], [ 36.143278419995717, -0.146976806769913 ], [ 36.143713296379488, -0.146985059378628 ], [ 36.143965066182012, -0.147125205451542 ], [ 36.144365608102504, -0.147595101688004 ], [ 36.144537268807824, -0.148064997205275 ], [ 36.144823370183225, -0.148353538903314 ], [ 36.145193395608551, -0.148328817546047 ], [ 36.145506202797293, -0.148040277728212 ], [ 36.145807564872847, -0.147784710629019 ], [ 36.146147073656998, -0.147634770830451 ], [ 36.14635688245265, -0.147441641470512 ], [ 36.146459879481277, -0.147463693430875 ], [ 36.147188487166929, -0.147463695716852 ], [ 36.147772137775419, -0.147121496488777 ], [ 36.155233709291728, -0.141776705969575 ], [ 36.159944875287025, -0.138338429093218 ], [ 36.161821712548665, -0.136871864157322 ], [ 36.16300427205335, -0.136089699172751 ], [ 36.163698548699109, -0.135763806449703 ], [ 36.164186830501457, -0.135649736255174 ], [ 36.164686556916529, -0.135340135000723 ], [ 36.165090916845593, -0.134834987251746 ], [ 36.165365577303433, -0.134443896722259 ], [ 36.165754677966824, -0.134020222396207 ], [ 36.166483287092817, -0.133547673905621 ], [ 36.167097455162946, -0.133058818886436 ], [ 36.167551406034974, -0.132586255443832 ], [ 36.167681107307821, -0.132211470632109 ], [ 36.167845141464809, -0.131559652164466 ], [ 36.167940510257715, -0.131005628225859 ], [ 36.167875661251671, -0.130663425953625 ], [ 36.167860404341283, -0.130304932765851 ], [ 36.167860405294455, -0.129995314849096 ], [ 36.167845147032928, -0.129750894387147 ], [ 36.168039697364868, -0.129376109776641 ], [ 36.169462586483682, -0.127485867859871 ], [ 36.170919808678391, -0.125579333968811 ], [ 36.171614086615861, -0.124829758648013 ], [ 36.172083295295351, -0.124422376643175 ], [ 36.172552504623653, -0.124129067364643 ], [ 36.172991196124286, -0.123770575589073 ], [ 36.173380297178802, -0.123542439401687 ], [ 36.174044054881229, -0.123509851274551 ], [ 36.174593371629896, -0.123428378506284 ], [ 36.175566121162753, -0.123216544265523 ], [ 36.176908897580532, -0.122825464100529 ], [ 36.177652763754388, -0.122662512423424 ], [ 36.178186823138063, -0.122369202337051 ], [ 36.178606442318035, -0.121782581154113 ], [ 36.178900177333944, -0.12088634166069 ], [ 36.179270206268392, -0.119713089780005 ], [ 36.179739417291458, -0.118865741155498 ], [ 36.180097999864273, -0.118458366855736 ], [ 36.181002085627469, -0.118148758793375 ], [ 36.181959575988195, -0.117985814824068 ], [ 36.182604261317046, -0.117741388356336 ], [ 36.18365712061005, -0.116975515013987 ], [ 36.184256029295838, -0.11660072460574 ], [ 36.186472371981331, -0.116372602136944 ], [ 36.188333946047649, -0.116242244112283 ], [ 36.189791162099475, -0.1159978191514 ], [ 36.191004237084925, -0.116030414110022 ], [ 36.191603144769914, -0.115981533693528 ], [ 36.191961727887218, -0.115720814256797 ], [ 36.192415678238945, -0.115411204790105 ], [ 36.192915403834647, -0.115362317018583 ], [ 36.193464721175857, -0.11541120803683 ], [ 36.19399877810536, -0.115590456764109 ], [ 36.194891417852666, -0.115606751602075 ], [ 36.196119752098312, -0.115557872122391 ], [ 36.196947542383697, -0.115378628613032 ], [ 36.197981327398935, -0.115020138664704 ], [ 36.198450536164891, -0.114906067387401 ], [ 36.198790044169364, -0.115003841032057 ], [ 36.200556247366841, -0.116111925167001 ], [ 36.201559511127691, -0.116812615422568 ], [ 36.203096833168303, -0.117578496771618 ], [ 36.205702270570313, -0.118539919551066 ], [ 36.207273926488242, -0.119028781326839 ], [ 36.208033051968201, -0.119093966064584 ], [ 36.208731141690492, -0.119061377011691 ], [ 36.209635226190116, -0.118833243401186 ], [ 36.210607975354641, -0.118735480844126 ], [ 36.211496801048433, -0.118768073770254 ], [ 36.21235510693581, -0.119387290092338 ], [ 36.213327853195487, -0.119917734426624 ], [ 36.210762905135219, -0.123138211944173 ], [ 36.210736857012662, -0.123170916826331 ], [ 36.209219404869515, -0.125076187120706 ], [ 36.209124037493027, -0.125172001312553 ], [ 36.208933302147074, -0.125229464450037 ], [ 36.208742566684407, -0.125325361908132 ], [ 36.208593793201764, -0.12544029594564 ], [ 36.208460278674572, -0.125574395343256 ], [ 36.208383984082225, -0.125746928230565 ], [ 36.208345836582602, -0.125900214376137 ], [ 36.208326762042027, -0.126072672940598 ], [ 36.208288614367717, -0.126283519456941 ], [ 36.208155099723882, -0.12645599277058 ], [ 36.201681527939812, -0.134658126840179 ], [ 36.20232428948713, -0.137961397414861 ], [ 36.203508741087802, -0.144048517662542 ], [ 36.205431320688412, -0.153668792745656 ], [ 36.207334826987655, -0.163404100791401 ], [ 36.208677580865292, -0.170146182285608 ], [ 36.209276480388326, -0.173139483313034 ], [ 36.211027401158056, -0.182050706359343 ], [ 36.211084619940983, -0.182472342387506 ], [ 36.211256280198285, -0.183104764979211 ], [ 36.211427939571706, -0.18369879855572 ], [ 36.212038287305369, -0.185308591973931 ], [ 36.212324387385962, -0.186036830396345 ], [ 36.212419753438418, -0.186381702603941 ], [ 36.212438826589846, -0.186669327308121 ], [ 36.212438825723538, -0.186956728457579 ], [ 36.21228623578542, -0.187550791242269 ], [ 36.21220994055642, -0.187934036837943 ], [ 36.212209939747709, -0.188202340126843 ], [ 36.212286232897227, -0.188509018568438 ], [ 36.212515112577655, -0.189352228547111 ], [ 36.212663884336045, -0.189812117953921 ], [ 36.212778324407495, -0.190157110019641 ], [ 36.2128355435392, -0.190463727997566 ], [ 36.21287368971025, -0.190751158457201 ], [ 36.212873688844169, -0.191038634103669 ], [ 36.212892762054388, -0.191306937449438 ], [ 36.212859412992032, -0.19629713162329 ], [ 36.212854597817476, -0.197017730000793 ], [ 36.212721073628131, -0.200026555616137 ], [ 36.212644776976632, -0.201214696960635 ], [ 36.21264477547679, -0.201712974918071 ], [ 36.212701994206526, -0.202153676576673 ], [ 36.212854581260409, -0.20251787131209 ], [ 36.212864046216048, -0.202535703728302 ], [ 36.212991909616868, -0.202776598901672 ], [ 36.213007168545396, -0.202805346411581 ], [ 36.213255122809052, -0.203131092019596 ], [ 36.213541224168047, -0.203437710688461 ], [ 36.213884546525833, -0.203763516990918 ], [ 36.221079053115574, -0.210260100113236 ], [ 36.22442454830643, -0.209631723246113 ], [ 36.225057788288147, -0.209512776813133 ], [ 36.225183672838639, -0.209704423256931 ], [ 36.225553697483036, -0.210279345450012 ], [ 36.227304637417113, -0.212885637724417 ], [ 36.229093724514662, -0.215453586387649 ], [ 36.229437046366854, -0.215951850268882 ], [ 36.230920958146065, -0.218194054152953 ], [ 36.231794521126481, -0.219497230461772 ], [ 36.232309503524121, -0.220206341461038 ], [ 36.23371712147123, -0.222371841564662 ], [ 36.235052261095433, -0.224288179314875 ], [ 36.237489844641082, -0.227948575693601 ], [ 36.237981939025929, -0.228657628216518 ], [ 36.238382480547422, -0.229290051437181 ], [ 36.238687655486657, -0.229749941274748 ], [ 36.238916536520001, -0.230152464821053 ], [ 36.239011902932319, -0.230382409567102 ], [ 36.239751948354758, -0.232509608191064 ], [ 36.240133415778615, -0.233506104786933 ], [ 36.241464734969867, -0.237262253828602 ], [ 36.242437475767126, -0.240021860018196 ], [ 36.244493582872998, -0.245751905176589 ], [ 36.24498948966778, -0.247342555874895 ], [ 36.245309920420283, -0.248549825354012 ], [ 36.246980744260298, -0.253913995769812 ], [ 36.247320835785182, -0.255009641328365 ], [ 36.246080175802561, -0.255654801963393 ], [ 36.246072074507119, -0.255659014747507 ], [ 36.245880566621913, -0.255740838948781 ], [ 36.245689058759709, -0.255822663120711 ], [ 36.245144727842259, -0.256086215926412 ], [ 36.236626412610775, -0.25987994562871 ], [ 36.228458624761622, -0.263493048729791 ], [ 36.220074711077849, -0.267402077977573 ], [ 36.213776491100496, -0.270182197050972 ], [ 36.213850010717827, -0.271712447644171 ], [ 36.213984024920173, -0.274703079837314 ], [ 36.214349702931258, -0.282863464264431 ], [ 36.214439161225464, -0.285476446957293 ], [ 36.214551864520772, -0.2887683630278 ], [ 36.214715883320942, -0.293251769002425 ] ] ] ] } },
{ "type": "Feature", "properties": { "fid": 4, "CONST_CODE": 172, "Shape_Area": 0.01516210756, "OBJECTID_1": 694, "NAME": "KABAZI", "OBJECTID": 3008, "CONSTITUEN": "SUBUKIA", "COUNTY_ASS": 859, "SPOILT": 8, "COUNTY_A_1": "KABAZI", "REJECTED": 176, "REPORTED": 7, "SPOILT_VAL": 0.0047114252061249999, "VALID": 1698, "DISPUTED": 0, "RESULT": "1", "COUNTY_COD": 32, "Shape_Leng": 0.81935297358000003, "COUNTY_NAM": "NAKURU", "Shape_Le_1": 0.81935297358000003, "REGISTERED": "14829" }, "geometry": { "type": "MultiPolygon", "coordinates": [ [ [ [ 36.255173732280085, -0.032180354713639 ], [ 36.256014615578479, -0.032632891044412 ], [ 36.255537771396561, -0.034895753736767 ], [ 36.255112710716965, -0.03700488936383 ], [ 36.254698524207441, -0.039060066766163 ], [ 36.253973721254027, -0.04251029425133 ], [ 36.25355409724277, -0.044730154203131 ], [ 36.253477802845161, -0.044842092411584 ], [ 36.253287067149465, -0.045022718144636 ], [ 36.250681618985297, -0.04770707433291 ], [ 36.249289248695533, -0.049092347680776 ], [ 36.249083254907724, -0.049298915049071 ], [ 36.248964998294248, -0.049471004851908 ], [ 36.248911591862608, -0.049600059727424 ], [ 36.24887344418633, -0.049814428837923 ], [ 36.247507757866131, -0.057856076450857 ], [ 36.248356058628168, -0.057832551518413 ], [ 36.248623575868415, -0.0578251326585 ], [ 36.251532266479266, -0.057744469413076 ], [ 36.251874638479762, -0.072151484975665 ], [ 36.251875546365838, -0.072189682716283 ], [ 36.251876073334756, -0.072200186038705 ], [ 36.252375242874422, -0.082157984010484 ], [ 36.252276396045097, -0.08274029635021 ], [ 36.252275004019324, -0.082748497251888 ], [ 36.250662411171028, -0.092248345770386 ], [ 36.249327240349757, -0.100814697222368 ], [ 36.247557173993108, -0.116107448058924 ], [ 36.244284162838653, -0.11553259248895 ], [ 36.229013022539235, -0.112827254830341 ], [ 36.228598121395642, -0.112753753473465 ], [ 36.229000769808678, -0.108756449416321 ], [ 36.229399233093396, -0.10480069652194 ], [ 36.221575286268703, -0.103478386745163 ], [ 36.220259190567198, -0.111259028815459 ], [ 36.215216137069532, -0.117544757920501 ], [ 36.213327853195487, -0.119917734426624 ], [ 36.21235510693581, -0.119387290092338 ], [ 36.211496801048433, -0.118768073770254 ], [ 36.210607975354641, -0.118735480844126 ], [ 36.209635226190116, -0.118833243401186 ], [ 36.208731141690492, -0.119061377011691 ], [ 36.208033051968201, -0.119093966064584 ], [ 36.207273926488242, -0.119028781326839 ], [ 36.205702270570313, -0.118539919551066 ], [ 36.203096833168303, -0.117578496771618 ], [ 36.201559511127691, -0.116812615422568 ], [ 36.200556247366841, -0.116111925167001 ], [ 36.198790044169364, -0.115003841032057 ], [ 36.198450536164891, -0.114906067387401 ], [ 36.197981327398935, -0.115020138664704 ], [ 36.196947542383697, -0.115378628613032 ], [ 36.196119752098312, -0.115557872122391 ], [ 36.194891417852666, -0.115606751602075 ], [ 36.19399877810536, -0.115590456764109 ], [ 36.193464721175857, -0.11541120803683 ], [ 36.192915403834647, -0.115362317018583 ], [ 36.192415678238945, -0.115411204790105 ], [ 36.191961727887218, -0.115720814256797 ], [ 36.191603144769914, -0.115981533693528 ], [ 36.191004237084925, -0.116030414110022 ], [ 36.189791162099475, -0.1159978191514 ], [ 36.188333946047649, -0.116242244112283 ], [ 36.186472371981331, -0.116372602136944 ], [ 36.184256029295838, -0.11660072460574 ], [ 36.18365712061005, -0.116975515013987 ], [ 36.182604261317046, -0.117741388356336 ], [ 36.181959575988195, -0.117985814824068 ], [ 36.181002085627469, -0.118148758793375 ], [ 36.180097999864273, -0.118458366855736 ], [ 36.179739417291458, -0.118865741155498 ], [ 36.179270206268392, -0.119713089780005 ], [ 36.178900177333944, -0.12088634166069 ], [ 36.178606442318035, -0.121782581154113 ], [ 36.178186823138063, -0.122369202337051 ], [ 36.177652763754388, -0.122662512423424 ], [ 36.176908897580532, -0.122825464100529 ], [ 36.175566121162753, -0.123216544265523 ], [ 36.174593371629896, -0.123428378506284 ], [ 36.174044054881229, -0.123509851274551 ], [ 36.173380297178802, -0.123542439401687 ], [ 36.172991196124286, -0.123770575589073 ], [ 36.172552504623653, -0.124129067364643 ], [ 36.172083295295351, -0.124422376643175 ], [ 36.171614086615861, -0.124829758648013 ], [ 36.170919808678391, -0.125579333968811 ], [ 36.169462586483682, -0.127485867859871 ], [ 36.168039697364868, -0.129376109776641 ], [ 36.167845147032928, -0.129750894387147 ], [ 36.167860405294455, -0.129995314849096 ], [ 36.167860404341283, -0.130304932765851 ], [ 36.167875661251671, -0.130663425953625 ], [ 36.167940510257715, -0.131005628225859 ], [ 36.167845141464809, -0.131559652164466 ], [ 36.167681107307821, -0.132211470632109 ], [ 36.167551406034974, -0.132586255443832 ], [ 36.167097455162946, -0.133058818886436 ], [ 36.166483287092817, -0.133547673905621 ], [ 36.165754677966824, -0.134020222396207 ], [ 36.165365577303433, -0.134443896722259 ], [ 36.165090916845593, -0.134834987251746 ], [ 36.164686556916529, -0.135340135000723 ], [ 36.164186830501457, -0.135649736255174 ], [ 36.163698548699109, -0.135763806449703 ], [ 36.16300427205335, -0.136089699172751 ], [ 36.161821712548665, -0.136871864157322 ], [ 36.159944875287025, -0.138338429093218 ], [ 36.155233709291728, -0.141776705969575 ], [ 36.147772137775419, -0.147121496488777 ], [ 36.147188487166929, -0.147463695716852 ], [ 36.146459879481277, -0.147463693430875 ], [ 36.14635688245265, -0.147441641470512 ], [ 36.146147073656998, -0.147634770830451 ], [ 36.145807564872847, -0.147784710629019 ], [ 36.145506202797293, -0.148040277728212 ], [ 36.145193395608551, -0.148328817546047 ], [ 36.144823370183225, -0.148353538903314 ], [ 36.144537268807824, -0.148064997205275 ], [ 36.144365608102504, -0.147595101688004 ], [ 36.143965066182012, -0.147125205451542 ], [ 36.143713296379488, -0.146985059378628 ], [ 36.143278419995717, -0.146976806769913 ], [ 36.142671883322308, -0.147009793726921 ], [ 36.142286598004425, -0.146995315592208 ], [ 36.140985784931637, -0.146946196676106 ], [ 36.127104102211725, -0.1426557412955 ], [ 36.118971167043867, -0.140260439988479 ], [ 36.118240586334764, -0.142503843456354 ], [ 36.118117568036425, -0.142881595146678 ], [ 36.118017482980072, -0.143188928452422 ], [ 36.117731384068236, -0.142116043500582 ], [ 36.117731385986772, -0.141503168251121 ], [ 36.117773837083305, -0.139888007752308 ], [ 36.117876361394146, -0.135987261244299 ], [ 36.11535866393838, -0.134423366894098 ], [ 36.113069848107195, -0.13304966259476 ], [ 36.11231453932507, -0.132436784936779 ], [ 36.111536342053327, -0.13165483927906 ], [ 36.111097651245672, -0.13178163178049 ], [ 36.110552149338112, -0.131908438036229 ], [ 36.110151605627934, -0.131697094807272 ], [ 36.106626823598013, -0.131295550278611 ], [ 36.099466621772272, -0.13387383746705 ], [ 36.090040486484526, -0.136853664742662 ], [ 36.090021402976021, -0.140171642851855 ], [ 36.090119171950761, -0.142107161634082 ], [ 36.090334188704887, -0.14636382403783 ], [ 36.090131306719286, -0.146297917140658 ], [ 36.075956595774159, -0.141693225134937 ], [ 36.058698907234444, -0.136071605500414 ], [ 36.045179621382516, -0.131696885679655 ], [ 36.032167689756413, -0.127427837738707 ], [ 36.031557328692323, -0.130365419212122 ], [ 36.031427627437637, -0.130715766406219 ], [ 36.021208054178537, -0.127472507135645 ], [ 36.020780829167251, -0.12087201964471 ], [ 36.020136178150693, -0.11051831912165 ], [ 36.019258837552456, -0.098137031742005 ], [ 36.018820552803021, -0.091784995456359 ], [ 36.018743877347461, -0.090673741185366 ], [ 36.018743327432475, -0.090647463248693 ], [ 36.018686665190891, -0.087939407203416 ], [ 36.018659966043394, -0.086747965223491 ], [ 36.018793482698023, -0.086276788054778 ], [ 36.019071956332908, -0.085852123771742 ], [ 36.019445798580399, -0.085573064650569 ], [ 36.019758604219689, -0.085463869596436 ], [ 36.020216368635182, -0.085463871105034 ], [ 36.021299743026624, -0.085645866136129 ], [ 36.021696471544423, -0.085597337527457 ], [ 36.022119904323048, -0.085476005576023 ], [ 36.023264316135169, -0.084930018851237 ], [ 36.024866492399475, -0.08437189033023 ], [ 36.025408179968579, -0.084347626651378 ], [ 36.025915534427732, -0.084347628320362 ], [ 36.026747138707542, -0.084493228855639 ], [ 36.027410896638685, -0.084699496014633 ], [ 36.027857215806357, -0.084772299905455 ], [ 36.028627785306718, -0.084832968607553 ], [ 36.030256662661891, -0.084869375674008 ], [ 36.031954203999987, -0.084930047417183 ], [ 36.033182538227862, -0.084893650739903 ], [ 36.034399427798427, -0.084748055925079 ], [ 36.035147110141097, -0.084541794407642 ], [ 36.036016863182333, -0.084153532767982 ], [ 36.03684846934523, -0.08371673404005 ], [ 36.036837038407413, -0.079676368118519 ], [ 36.038702429905022, -0.078802779376443 ], [ 36.046503493260474, -0.078685109917321 ], [ 36.048853321687744, -0.08696276672068 ], [ 36.048868605191721, -0.079361502142686 ], [ 36.048708394589305, -0.077332355167621 ], [ 36.05251548058834, -0.072484953393909 ], [ 36.052900766758889, -0.072227286522112 ], [ 36.053286051410687, -0.072130655812702 ], [ 36.0536675219034, -0.072082343590779 ], [ 36.054117656301187, -0.072082345058905 ], [ 36.054594493722547, -0.072082346613904 ], [ 36.054899669992167, -0.072082347608951 ], [ 36.05518958724825, -0.072082348554166 ], [ 36.055460431435677, -0.072098454261436 ], [ 36.055620648421765, -0.072146774290396 ], [ 36.055731274053144, -0.072291713036371 ], [ 36.055811383693857, -0.072114559222999 ], [ 36.055811384367416, -0.071905204560486 ], [ 36.055941085207294, -0.071679746503123 ], [ 36.056116561932058, -0.071502600047696 ], [ 36.056402664650811, -0.071357655547605 ], [ 36.056810838736041, -0.071132198397558 ], [ 36.057032090094069, -0.071392483765283 ], [ 36.057253341275015, -0.071707878096139 ], [ 36.057497481554279, -0.071999015094167 ], [ 36.05759284760483, -0.07232047764508 ], [ 36.057676771093931, -0.072502432130479 ], [ 36.057779768145913, -0.072514560666202 ], [ 36.057981947651363, -0.072412873508802 ], [ 36.058119276264406, -0.072570975470508 ], [ 36.058275678370741, -0.072580855122224 ], [ 36.058443525645998, -0.072541333058771 ], [ 36.058573226268692, -0.072383224919458 ], [ 36.058649521257081, -0.072096664599925 ], [ 36.058718186048161, -0.071869390184129 ], [ 36.05880592457018, -0.071731053280635 ], [ 36.058886033863168, -0.071661881423283 ], [ 36.059111100902825, -0.071711289949001 ], [ 36.059217911647764, -0.071819984018324 ], [ 36.059217911044399, -0.072007737054333 ], [ 36.059229355609922, -0.072146074280792 ], [ 36.059309463331353, -0.072254768263053 ], [ 36.059523086678588, -0.072205361165585 ], [ 36.059652786761269, -0.072215247777386 ], [ 36.059740524648184, -0.07227453399155 ], [ 36.059748153178745, -0.072422757395077 ], [ 36.059748152639031, -0.072590745099027 ], [ 36.059816817001177, -0.072808133772181 ], [ 36.060102919317288, -0.07278837037811 ], [ 36.060297469552502, -0.072768613733172 ], [ 36.060682753606962, -0.072857544383083 ], [ 36.061212996440375, -0.073055177279707 ], [ 36.061781385990365, -0.073351617831751 ], [ 36.062124708119939, -0.073717238830154 ], [ 36.06247947441841, -0.074033443012027 ], [ 36.062761761255572, -0.074161902983074 ], [ 36.063127972579167, -0.074161904173578 ], [ 36.063497999191355, -0.07407297598031 ], [ 36.063784101792756, -0.073964282182242 ], [ 36.063822249301936, -0.073816058927759 ], [ 36.063940506135417, -0.073588785679988 ], [ 36.064047317229679, -0.07358878602711 ], [ 36.064127425761534, -0.073756773991082 ], [ 36.064215163617128, -0.073825939347069 ], [ 36.064413527823923, -0.073816060849235 ], [ 36.064657668976054, -0.073835826974484 ], [ 36.064794997812065, -0.073924756816697 ], [ 36.065050582245519, -0.07417179661093 ], [ 36.065157393118056, -0.074240969075881 ], [ 36.065264205560908, -0.074132267647736 ], [ 36.065355757831774, -0.074072982016698 ], [ 36.065519789881542, -0.074102625010346 ], [ 36.065912703816593, -0.074231085339589 ], [ 36.066248398017933, -0.074260729897282 ], [ 36.066553573128949, -0.074310138680991 ], [ 36.066805343509465, -0.074260731705632 ], [ 36.067003708747869, -0.074240975071607 ], [ 36.067148666875831, -0.074240975542184 ], [ 36.067217331683139, -0.074320027025435 ], [ 36.067266922346988, -0.074438599043166 ], [ 36.067358474206145, -0.074507772464998 ], [ 36.067522506984126, -0.074310141826448 ], [ 36.067797167555995, -0.073895123097908 ], [ 36.068033679334356, -0.073717258026386 ], [ 36.06833885610979, -0.073559156496131 ], [ 36.068651661417164, -0.073549271321586 ], [ 36.068857654788587, -0.073489986061579 ], [ 36.068956838477213, -0.073302233348018 ], [ 36.069094167977902, -0.073183661936787 ], [ 36.069311605707341, -0.073015673932015 ], [ 36.06960533831402, -0.072906981163698 ], [ 36.069780814531747, -0.072887217407718 ], [ 36.070074546252492, -0.073055206063885 ], [ 36.070341574791669, -0.073272595378856 ], [ 36.070536123393708, -0.073450461848727 ], [ 36.070742117290472, -0.073539399966517 ], [ 36.070921408258648, -0.073598686476178 ], [ 36.071165547967709, -0.073756796835358 ], [ 36.071360098233939, -0.073727146951355 ], [ 36.071459280542548, -0.073657982202149 ], [ 36.07148979901212, -0.07351963806528 ], [ 36.071577537342272, -0.073440587089483 ], [ 36.071703422642805, -0.073381301569183 ], [ 36.071783530966265, -0.073302242514653 ], [ 36.071920860213552, -0.073262721356587 ], [ 36.072039116570537, -0.07318367148637 ], [ 36.072145928854191, -0.073124384897468 ], [ 36.072363366013889, -0.073134264744485 ], [ 36.072470177728604, -0.073252845001252 ], [ 36.072508324256432, -0.073410946638597 ], [ 36.072470174726021, -0.074191585008539 ], [ 36.07256935333713, -0.075278541667386 ], [ 36.072645646898842, -0.075436643428117 ], [ 36.072912675154932, -0.075742969184616 ], [ 36.072988968653526, -0.075920836277099 ], [ 36.073050002664871, -0.076246925691245 ], [ 36.07305000184347, -0.076503843796607 ], [ 36.07310722116739, -0.076731117613082 ], [ 36.073442913979356, -0.077195553158698 ], [ 36.073610759243408, -0.077472228078624 ], [ 36.073717570390414, -0.077768675179841 ], [ 36.073793863889428, -0.077946542272013 ], [ 36.073923562530453, -0.078094766069544 ], [ 36.07402274523929, -0.078213346300868 ], [ 36.074118112165806, -0.078262746348234 ], [ 36.074247811870109, -0.078391213874477 ], [ 36.074415657734519, -0.078480143813352 ], [ 36.074579689406129, -0.078628367721899 ], [ 36.074717017959507, -0.078806234004578 ], [ 36.074797126683222, -0.078914928991208 ], [ 36.074934456088862, -0.078825999033435 ], [ 36.07504126843601, -0.078746941071981 ], [ 36.075621103454132, -0.078588841435157 ], [ 36.075838540646537, -0.078588842138662 ], [ 36.076044534639458, -0.078648136787071 ], [ 36.076376413081299, -0.078914934101045 ], [ 36.07652518652845, -0.078816118997316 ], [ 36.076738809685892, -0.078826004871032 ], [ 36.076925729472819, -0.078944578338411 ], [ 36.077368233066622, -0.079507829811521 ], [ 36.077722998268101, -0.080169889538082 ], [ 36.077936621110545, -0.080278583949108 ], [ 36.078329534828221, -0.08047621638878 ], [ 36.078821630791495, -0.080624433302409 ], [ 36.079195470713103, -0.080752893562504 ], [ 36.080252140948417, -0.081286496502519 ], [ 36.080458134910543, -0.081355669285173 ], [ 36.080713720168596, -0.08134579197501 ], [ 36.081018895250203, -0.081405078888307 ], [ 36.08138129209911, -0.081553303435327 ], [ 36.081747502479267, -0.081849751371446 ], [ 36.082060307064062, -0.082067140828223 ], [ 36.082273929718419, -0.082235129219508 ], [ 36.082571475699098, -0.082324059574881 ], [ 36.082933871233827, -0.082571099705573 ], [ 36.083395449479198, -0.082936713018379 ], [ 36.083776917779659, -0.083262803462859 ], [ 36.084043946041625, -0.08356912921296 ], [ 36.084455933086609, -0.083984150156991 ], [ 36.08473821961416, -0.084211425703164 ], [ 36.085386717429792, -0.084764791643133 ], [ 36.085611784064106, -0.084942658205504 ], [ 36.085829221943122, -0.085041474490556 ], [ 36.086035214906282, -0.085110647271428 ], [ 36.086298428888874, -0.085189699378838 ], [ 36.086554013676292, -0.085328037389276 ], [ 36.086702786400117, -0.085456496920011 ], [ 36.086889705937978, -0.08565412869062 ], [ 36.087034664564293, -0.085812230669403 ], [ 36.087187251950652, -0.086047951340587 ], [ 36.087191066131936, -0.08630656379947 ], [ 36.087259729380762, -0.086562108929551 ], [ 36.087557274314456, -0.086980931960062 ], [ 36.087915855934597, -0.087200991435776 ], [ 36.088205773057531, -0.087243582516082 ], [ 36.088587243104179, -0.087335865583804 ], [ 36.088743644837585, -0.087463642568522 ], [ 36.088884788061314, -0.087747585054108 ], [ 36.089029746626821, -0.087925054701387 ], [ 36.089659170902941, -0.088329672686547 ], [ 36.090765431793614, -0.088989851207198 ], [ 36.090929463534373, -0.089117628215763 ], [ 36.091040088912067, -0.089344782397539 ], [ 36.09113164057446, -0.08979199584513 ], [ 36.091272782988419, -0.090331491291512 ], [ 36.09135670513988, -0.090622537151169 ], [ 36.091555068506281, -0.090878082696739 ], [ 36.091921279563444, -0.090963270207895 ], [ 36.092054794322529, -0.091076848053218 ], [ 36.091913648687516, -0.091552457874718 ], [ 36.091879314643393, -0.091871894436077 ], [ 36.092005198404991, -0.092297813422937 ], [ 36.092001383230716, -0.092666942781466 ], [ 36.091959420044802, -0.093028968457952 ], [ 36.091867866039536, -0.093320013752982 ], [ 36.091738164626555, -0.094044065965303 ], [ 36.091677128018176, -0.094533875107977 ], [ 36.091654237601709, -0.094973984626572 ], [ 36.091703827430514, -0.095357313220614 ], [ 36.091822082298641, -0.095747737540467 ], [ 36.092001372244297, -0.096131066550925 ], [ 36.092070035585749, -0.096358220596221 ], [ 36.092062405678568, -0.096642163607681 ], [ 36.092062405070848, -0.096833823797767 ], [ 36.092096736651591, -0.096975799452946 ], [ 36.092253138802214, -0.097288141120304 ], [ 36.092375208079538, -0.097550788971426 ], [ 36.09233706068504, -0.097664366264505 ], [ 36.092211174738914, -0.097927013319179 ], [ 36.092111991884302, -0.098168366896379 ], [ 36.092070028001054, -0.098750450890461 ], [ 36.092054766341782, -0.099900428087657 ], [ 36.092054764384145, -0.10051800685689 ], [ 36.092161573928237, -0.101007816536076 ], [ 36.092268384832515, -0.101384042759341 ], [ 36.092611705366267, -0.101944833418995 ], [ 36.09303894971579, -0.102587953551981 ], [ 36.102457476343616, -0.093059124806927 ], [ 36.104441108652544, -0.097005976797228 ], [ 36.108675452082025, -0.088877802057061 ], [ 36.114195355191036, -0.078650419863912 ], [ 36.118096877497543, -0.071694637297642 ], [ 36.118773021878077, -0.070489181744916 ], [ 36.118067860880025, -0.067437709468476 ], [ 36.118052053081882, -0.067369304436869 ], [ 36.117479857704481, -0.064476701226812 ], [ 36.118975229620609, -0.061418817995156 ], [ 36.120043352561673, -0.05918738964155 ], [ 36.120413384148598, -0.057513815992448 ], [ 36.121008483771661, -0.055571647775302 ], [ 36.121706576942124, -0.054435270775284 ], [ 36.123079878796474, -0.051356725809928 ], [ 36.126154709157163, -0.052700554682403 ], [ 36.129934886151432, -0.054352649657755 ], [ 36.129839519886225, -0.054093095603929 ], [ 36.129706007048604, -0.053687189581547 ], [ 36.129580122817565, -0.05340862414707 ], [ 36.12945805213981, -0.053273320885946 ], [ 36.12936650108788, -0.052947005869485 ], [ 36.129366502313118, -0.052557016835424 ], [ 36.129366503188301, -0.052278455828455 ], [ 36.129145252828174, -0.051379093767009 ], [ 36.128351798914032, -0.050185249291626 ], [ 36.127909295169154, -0.049667917276861 ], [ 36.127585047048399, -0.049301806081812 ], [ 36.127325647106218, -0.049214256100694 ], [ 36.127096766064497, -0.049166501653228 ], [ 36.126803033517795, -0.049262008153732 ], [ 36.12636052737048, -0.04950873462352 ], [ 36.125963798060972, -0.049819131521099 ], [ 36.125837913205679, -0.049739540247056 ], [ 36.12552892277278, -0.049476894818224 ], [ 36.125334374511233, -0.049190370881453 ], [ 36.125204675203996, -0.048935684305855 ], [ 36.125151269860595, -0.04871283613477 ], [ 36.125151270612129, -0.048474066536426 ], [ 36.125158900319917, -0.048251217553171 ], [ 36.125387784490698, -0.047622460656223 ], [ 36.125387785217171, -0.047391653366691 ], [ 36.125307677926777, -0.047144925230923 ], [ 36.125261901464668, -0.046961868493458 ], [ 36.125163355480588, -0.046612957167362 ], [ 36.125144695672915, -0.046546892797309 ], [ 36.125136017762422, -0.046516167056321 ], [ 36.124834659116544, -0.045688437325933 ], [ 36.12434638154366, -0.044470718969599 ], [ 36.13084286877087, -0.027675713409618 ], [ 36.132033053870785, -0.028269741286318 ], [ 36.140101132764507, -0.032308695197692 ], [ 36.140776333332077, -0.032622489226282 ], [ 36.141424834636105, -0.032056263303762 ], [ 36.142008484606357, -0.031579446785838 ], [ 36.142676058820015, -0.031046537985906 ], [ 36.143248265340183, -0.030709961358513 ], [ 36.143957802245339, -0.029966689276286 ], [ 36.145281506525933, -0.028942937273419 ], [ 36.148627006484091, -0.026306425968437 ], [ 36.153765404443384, -0.027327018143472 ], [ 36.158240068539456, -0.020756135154881 ], [ 36.160963777091261, -0.016784321819709 ], [ 36.162256975573598, -0.011824124618181 ], [ 36.163512027675978, -0.006973746551893 ], [ 36.169890227027757, -0.000425563484875 ], [ 36.171614476572486, 0.001250395911974 ], [ 36.172602486228818, 0.002181483588671 ], [ 36.175921286094535, 0.005501838469603 ], [ 36.17668807442012, 0.016360689652377 ], [ 36.177046675864418, 0.022528110296762 ], [ 36.177672263287072, 0.027980441471861 ], [ 36.177733339988116, 0.028512760230103 ], [ 36.178094792601854, 0.033124472159394 ], [ 36.178172047725631, 0.034110165270917 ], [ 36.178217826484641, 0.034664657530795 ], [ 36.17869849681076, 0.040440275589793 ], [ 36.179331757434831, 0.047238840928699 ], [ 36.179759019607729, 0.052333543305062 ], [ 36.188296327596966, 0.055203997649677 ], [ 36.203383482461632, 0.060454832605608 ], [ 36.212813430147378, 0.063740268708223 ], [ 36.212595993601461, 0.064260832619547 ], [ 36.21252351532695, 0.064512447435271 ], [ 36.212485369274219, 0.064828313312952 ], [ 36.212470111748864, 0.065310127160758 ], [ 36.212470112722514, 0.065625985872027 ], [ 36.212531149936339, 0.066006088514514 ], [ 36.212840142558335, 0.066787701546836 ], [ 36.21362216060016, 0.068249215124651 ], [ 36.213854859954125, 0.068961234454705 ], [ 36.214213444872776, 0.070153102033071 ], [ 36.214362219498383, 0.070647600294075 ], [ 36.214369710442988, 0.070952421080819 ], [ 36.214373664941633, 0.071113354536394 ], [ 36.214278298784109, 0.071407806219718 ], [ 36.214114267268279, 0.071601200525383 ], [ 36.213957864553556, 0.071728347272495 ], [ 36.213854868834076, 0.071842112261506 ], [ 36.213755686385326, 0.072042870669569 ], [ 36.213751872919147, 0.072216859556766 ], [ 36.213908278615484, 0.073381252816155 ], [ 36.213931169437139, 0.074291354981516 ], [ 36.214137165887891, 0.075040849290613 ], [ 36.214308829819942, 0.075629736423017 ], [ 36.215045071715878, 0.077380510766741 ], [ 36.215468505657789, 0.078242095859813 ], [ 36.215701203897666, 0.078593418279931 ], [ 36.216002565719499, 0.078794175436175 ], [ 36.216166598165216, 0.078902921997453 ], [ 36.216384036543658, 0.078978206360079 ], [ 36.216551884249533, 0.079170593894963 ], [ 36.216666328116126, 0.080400237134298 ], [ 36.216681589730307, 0.081245089464006 ], [ 36.216765516132781, 0.082006300593467 ], [ 36.216982954851147, 0.082516557140884 ], [ 36.21750557139201, 0.083227570831894 ], [ 36.218028186829088, 0.083905124504304 ], [ 36.218676687833849, 0.084415386752742 ], [ 36.218836905456079, 0.084582683324001 ], [ 36.219084864224001, 0.085427535931254 ], [ 36.219432003439096, 0.086071635165998 ], [ 36.219817289215257, 0.086565164199319 ], [ 36.220141540795971, 0.087008498361828 ], [ 36.220374237568656, 0.087209256738443 ], [ 36.220664155301911, 0.08738491690266 ], [ 36.221129549949666, 0.087819893674211 ], [ 36.221301213093568, 0.088154489293814 ], [ 36.221419469536855, 0.088597831145802 ], [ 36.221495765982596, 0.089375761229393 ], [ 36.221594950108589, 0.090044952222495 ], [ 36.221736095335004, 0.090413008961621 ], [ 36.222010754803833, 0.090831252291118 ], [ 36.222209120707049, 0.091082198788087 ], [ 36.222308303854049, 0.091433527662202 ], [ 36.222357895865336, 0.091751396672801 ], [ 36.222384599887285, 0.092077621698561 ], [ 36.222441820491476, 0.092261653633057 ], [ 36.222533374066721, 0.092428950417695 ], [ 36.222724109397987, 0.092495871872424 ], [ 36.222880511629498, 0.092537696407216 ], [ 36.22303309996142, 0.092612973924868 ], [ 36.223139912392021, 0.092730083654977 ], [ 36.22328105581942, 0.092838829280348 ], [ 36.223296315370114, 0.093014491307358 ], [ 36.223212394323546, 0.093666955880642 ], [ 36.223189507184088, 0.093951363085139 ], [ 36.223239098860361, 0.094160486029726 ], [ 36.223456537646442, 0.094369607444083 ], [ 36.223780787399328, 0.094545267500597 ], [ 36.224093592938665, 0.094654012590505 ], [ 36.224444545374027, 0.094720926498645 ], [ 36.224761165735515, 0.094771113525076 ], [ 36.225024380345062, 0.094913319794599 ], [ 36.225283780926297, 0.095047156037843 ], [ 36.225489774395406, 0.095155902467741 ], [ 36.225623289817101, 0.095264641069654 ], [ 36.225630919259522, 0.095406848135798 ], [ 36.225691955302885, 0.095733080100579 ], [ 36.225707214930452, 0.095933839154075 ], [ 36.225745607152831, 0.095997979460591 ], [ 36.225947542322224, 0.096335348553213 ], [ 36.226237461440867, 0.096962714932226 ], [ 36.226306126386085, 0.097255485848101 ], [ 36.226187872055426, 0.097498069333065 ], [ 36.226039099473326, 0.097665367872831 ], [ 36.22584073503927, 0.097891224618761 ], [ 36.22566525938845, 0.098041789205863 ], [ 36.22552411581151, 0.098209087721867 ], [ 36.225497014075259, 0.098300517939566 ], [ 36.225474525294118, 0.098376384945786 ], [ 36.225447823946027, 0.098593878165547 ], [ 36.225458920136276, 0.098653354329557 ], [ 36.225997149363039, 0.101538322787975 ], [ 36.225970206695273, 0.101651939545799 ], [ 36.225947558974546, 0.10174744503369 ], [ 36.225798786470619, 0.101939833552705 ], [ 36.225608051913973, 0.102123866258829 ], [ 36.225489796429869, 0.10231625468275 ], [ 36.225440205964375, 0.102500286948714 ], [ 36.225417318516115, 0.102684312084229 ], [ 36.225325765997908, 0.102859980483305 ], [ 36.22535628453263, 0.103027278463488 ], [ 36.225489799107926, 0.103186213131484 ], [ 36.225539390757874, 0.103386964022763 ], [ 36.225539391247146, 0.103545898100391 ], [ 36.22538298966149, 0.103713196663464 ], [ 36.225142663893159, 0.103838670466139 ], [ 36.224932855221752, 0.103989242207283 ], [ 36.224883264782278, 0.104181630416854 ], [ 36.224890895431216, 0.104390752483681 ], [ 36.225001521940236, 0.104532960234153 ], [ 36.225135036515503, 0.104691893895126 ], [ 36.225215146056321, 0.104850828729413 ], [ 36.225264739148848, 0.105520019868298 ], [ 36.225318145775496, 0.105712407756271 ], [ 36.225474548519799, 0.105921529358731 ], [ 36.22574157818034, 0.106080462602968 ], [ 36.225989534545313, 0.106147383878396 ], [ 36.226130678047809, 0.10628122048866 ], [ 36.22633667354458, 0.106724562060075 ], [ 36.22642059755109, 0.107034059914358 ], [ 36.226420598246399, 0.107259916040198 ], [ 36.226569372985281, 0.107469037666233 ], [ 36.226687628704674, 0.107678160394143 ], [ 36.226710517800804, 0.108029482453874 ], [ 36.226710518135576, 0.108138228517838 ], [ 36.226752480574362, 0.108272065437197 ], [ 36.226851663049665, 0.108405902178067 ], [ 36.226851663435923, 0.108531375230577 ], [ 36.226851664105482, 0.108748868365129 ], [ 36.226893626698775, 0.108932893297316 ], [ 36.227011882134697, 0.109050002990074 ], [ 36.227160656641473, 0.109183838569423 ], [ 36.227317058972865, 0.109259124127977 ], [ 36.227408612494642, 0.109409686874363 ], [ 36.22739335459211, 0.10976938009727 ], [ 36.227343764075528, 0.109936678326171 ], [ 36.227343764616272, 0.110112339391354 ], [ 36.22740098668266, 0.11044694240858 ], [ 36.227450578486732, 0.11069788936513 ], [ 36.22753450238978, 0.110973926194091 ], [ 36.227610797056194, 0.111174685054514 ], [ 36.227885456157516, 0.111475818315081 ], [ 36.228125783648778, 0.111910796786364 ], [ 36.228209707474321, 0.11216174262879 ], [ 36.228240227167269, 0.112705460770301 ], [ 36.228217340465946, 0.113132069016979 ], [ 36.22821734134142, 0.11341647614506 ], [ 36.228282192489623, 0.113776170123452 ], [ 36.228450039934629, 0.11421114076577 ], [ 36.228572112376334, 0.114654482595459 ], [ 36.228656037334723, 0.115273485608162 ], [ 36.228762850693684, 0.11601796160069 ], [ 36.228888737523874, 0.116586777475942 ], [ 36.228957403957565, 0.117038482461929 ], [ 36.229563948934157, 0.119506123621766 ], [ 36.229987388129857, 0.122082511408738 ], [ 36.230391755034248, 0.124893119367458 ], [ 36.230517641811971, 0.125445200195124 ], [ 36.23066641637201, 0.125922003966767 ], [ 36.230777044290285, 0.126198047755212 ], [ 36.230815192060739, 0.126440630745887 ], [ 36.230891486906181, 0.126699933558632 ], [ 36.237834265362842, 0.134895419329833 ], [ 36.244430729378763, 0.142727627962699 ], [ 36.244513827730962, 0.142826293274653 ], [ 36.245238623860715, 0.143705849704627 ], [ 36.243670803396455, 0.150697574410101 ], [ 36.241984730844365, 0.158646625756121 ], [ 36.233867055652247, 0.160434736361031 ], [ 36.233806021051279, 0.160575541242573 ], [ 36.233725913542706, 0.160749875664428 ], [ 36.233725914246037, 0.160977854991426 ], [ 36.233752617130371, 0.1612594793905 ], [ 36.233764062798933, 0.161474046889341 ], [ 36.233725916232054, 0.161621572696462 ], [ 36.233538995620627, 0.16178249565971 ], [ 36.233390222865637, 0.161889772341424 ], [ 36.233245265485515, 0.162117767222408 ], [ 36.233245266189066, 0.16234574654908 ], [ 36.233363521960825, 0.162573725505919 ], [ 36.233538998848353, 0.162828526861557 ], [ 36.233683958842221, 0.163123548588113 ], [ 36.233657257316636, 0.163606329901819 ], [ 36.23344363576642, 0.164115934377365 ], [ 36.233390230356534, 0.164317091292666 ], [ 36.233390231142941, 0.16457189319628 ], [ 36.233336825981539, 0.164853518851222 ], [ 36.233218571865756, 0.165161966279772 ], [ 36.232924840939098, 0.165564280694477 ], [ 36.232753180792983, 0.165872729296646 ], [ 36.232566261306843, 0.166073885622468 ], [ 36.232390785620382, 0.166207985971902 ], [ 36.232207679805335, 0.166301866069773 ], [ 36.232085610232417, 0.166462788829718 ], [ 36.231925393051839, 0.166757825603775 ], [ 36.231860544677438, 0.166972393339822 ], [ 36.231738473939025, 0.167079685038904 ], [ 36.231448558098769, 0.167508822019008 ], [ 36.23123493534947, 0.167629510695729 ], [ 36.231048015657009, 0.167763625175401 ], [ 36.230754285353918, 0.16836709533052 ], [ 36.230288893994903, 0.168983992916043 ], [ 36.23008671591586, 0.169319249089624 ], [ 36.230101975795186, 0.169600874528199 ], [ 36.230193529676541, 0.169869086928892 ], [ 36.230342303631829, 0.170150711949102 ], [ 36.230487264206765, 0.170633492721146 ], [ 36.23050252292024, 0.170861471997513 ], [ 36.230342306409511, 0.171049217453824 ], [ 36.230220237210887, 0.17133084332189 ], [ 36.230220237791364, 0.171518588276321 ], [ 36.230048576357312, 0.171733156345817 ], [ 36.229850213032648, 0.171987958868524 ], [ 36.229716699661893, 0.172215938610577 ], [ 36.229381005637364, 0.172269585823953 ], [ 36.229037683608517, 0.172323232054586 ], [ 36.228782098463526, 0.172323232855574 ], [ 36.22862188187041, 0.172484155734556 ], [ 36.228396815074696, 0.172591432655303 ], [ 36.228091638901603, 0.172591433611961 ], [ 36.227771204093351, 0.172712137725038 ], [ 36.227263849884764, 0.173060806646867 ], [ 36.22690526959483, 0.17335584404188 ], [ 36.226649684989773, 0.173530178005608 ], [ 36.226531430587166, 0.173744761009086 ], [ 36.226611539213913, 0.173932505711773 ], [ 36.226596280662008, 0.174080017350915 ], [ 36.226371213659171, 0.17412025141965 ], [ 36.226371214115971, 0.174267763010867 ], [ 36.226371214946596, 0.174535975696758 ], [ 36.226317810373295, 0.174683501549846 ], [ 36.226210998645165, 0.174790779106654 ], [ 36.226210999143547, 0.174951700476311 ], [ 36.226092743492096, 0.175085815747551 ], [ 36.225905823884936, 0.175246738710417 ], [ 36.225600650039063, 0.175997734583481 ], [ 36.225547245964613, 0.176306181805717 ], [ 36.225573949727547, 0.176547572836497 ], [ 36.225680761494047, 0.176775551823813 ], [ 36.225707465298534, 0.177030353639739 ], [ 36.225745613026369, 0.177258332842363 ], [ 36.225757057614487, 0.177446077759507 ], [ 36.225425179757551, 0.177875214868548 ], [ 36.224639354976134, 0.178733503564072 ], [ 36.224505840815809, 0.179028525150527 ], [ 36.224399030379459, 0.17922968223065 ], [ 36.224399031127852, 0.179471072337566 ], [ 36.224467695790104, 0.179672243967489 ], [ 36.224547805292289, 0.179819754299256 ], [ 36.224307479698162, 0.179994088214644 ], [ 36.224093856744844, 0.180047735046749 ], [ 36.223933640070939, 0.180181849442561 ], [ 36.223826829258847, 0.180584163266699 ], [ 36.223826830381775, 0.180946241379202 ], [ 36.223948902032269, 0.181133985947821 ], [ 36.224067157775956, 0.181352469324587 ], [ 36.22396797634206, 0.18155286025094 ], [ 36.223716206846817, 0.181760963286039 ], [ 36.223643728308431, 0.181922816116542 ], [ 36.223643728810529, 0.182084682813592 ], [ 36.223567435389569, 0.182285074674627 ], [ 36.22342247685863, 0.182462348977989 ], [ 36.22332329513808, 0.182570255722893 ], [ 36.22330040743617, 0.182670451605413 ], [ 36.223330926003143, 0.182847725357191 ], [ 36.223369073359123, 0.182955616569295 ], [ 36.223384331726336, 0.183071233577031 ], [ 36.223323297218421, 0.183240796993878 ], [ 36.223323297648868, 0.183379531822914 ], [ 36.22343773897564, 0.183464321129608 ], [ 36.223536921389481, 0.183579922772341 ], [ 36.223391963858802, 0.183757197075417 ], [ 36.223262264217105, 0.183895932312032 ], [ 36.223193599944288, 0.18414257378975 ], [ 36.223147824851523, 0.184443160357891 ], [ 36.22309441934803, 0.184612723750466 ], [ 36.222835020682396, 0.184766881646621 ], [ 36.222690062152076, 0.184944155949573 ], [ 36.222606139775323, 0.185159953977929 ], [ 36.222259003778937, 0.185545331159587 ], [ 36.22201486364856, 0.185869051225524 ], [ 36.221801242157476, 0.186393162815563 ], [ 36.221526586255344, 0.187117665210498 ], [ 36.221194708795323, 0.187672605567679 ], [ 36.220744575911354, 0.188111929241908 ], [ 36.219718423332694, 0.188751645342524 ], [ 36.219088998752007, 0.188998288584864 ], [ 36.217986551790744, 0.189206394299632 ], [ 36.217566934990707, 0.189345130449794 ], [ 36.216861216488532, 0.189630312952389 ], [ 36.216319530149079, 0.189938612711552 ], [ 36.216044872741207, 0.190177543208299 ], [ 36.215812176788496, 0.190555209407262 ], [ 36.215590925602392, 0.19085579753366 ], [ 36.215232344052794, 0.191063900906204 ], [ 36.214957685997568, 0.191094729161532 ], [ 36.214625806646829, 0.191040785046441 ], [ 36.214374036100061, 0.190909761635612 ], [ 36.214221447175781, 0.190640003084026 ], [ 36.213809456923613, 0.189668861595323 ], [ 36.213592018011191, 0.189414510398541 ], [ 36.213439430470629, 0.189268065429427 ], [ 36.213248695245078, 0.189229526006328 ], [ 36.213050330135346, 0.189229526632379 ], [ 36.212775671743316, 0.189152464563809 ], [ 36.212596380331831, 0.18905226931983 ], [ 36.212436163075026, 0.188998309562246 ], [ 36.212169134071331, 0.189044560046131 ], [ 36.212001287978389, 0.189044560576059 ], [ 36.211825811881262, 0.189044561130117 ], [ 36.211596929754478, 0.18904456185284 ], [ 36.211379491249616, 0.188921234861947 ], [ 36.211142979878367, 0.188844171666492 ], [ 36.211028538478544, 0.188736265595416 ], [ 36.210860691025033, 0.188620649070452 ], [ 36.210586032920823, 0.188636072189886 ], [ 36.210383854048999, 0.188713135764133 ], [ 36.210124455049403, 0.188759386224613 ], [ 36.209834537960738, 0.188782504913864 ], [ 36.209491214842451, 0.188805637866321 ], [ 36.20922037100479, 0.188905834532265 ], [ 36.208907566336322, 0.189067688122598 ], [ 36.207942450134425, 0.189815310477499 ], [ 36.207644903426747, 0.189961756869191 ], [ 36.207148994066536, 0.190254649339074 ], [ 36.206725562626254, 0.190508988467209 ], [ 36.206679786937897, 0.190616895044379 ], [ 36.206626381510105, 0.190809590304772 ], [ 36.206649270028223, 0.190971442833607 ], [ 36.206786600657793, 0.19114871624538 ], [ 36.206954447256003, 0.191310568315548 ], [ 36.207023112679011, 0.191433895775582 ], [ 36.207084148482927, 0.191680521741413 ], [ 36.207076520248854, 0.191927163025507 ], [ 36.207015484768803, 0.192104437064603 ], [ 36.206862897262361, 0.192289422015824 ], [ 36.206702680583184, 0.192420446727962 ], [ 36.206557722816243, 0.192520642996148 ], [ 36.206382246719457, 0.192520643551434 ], [ 36.206191511542059, 0.192497526381902 ], [ 36.205981702041058, 0.192374199368822 ], [ 36.205821484326613, 0.192173808256794 ], [ 36.205615489032922, 0.191796143443504 ], [ 36.205485789383289, 0.191611159385373 ], [ 36.205302683161655, 0.191572620946701 ], [ 36.20518061314241, 0.191588042578187 ], [ 36.205081431424723, 0.191695949324395 ], [ 36.205058544014221, 0.191888630393669 ], [ 36.205058544640487, 0.192089037114049 ], [ 36.205089064186431, 0.192898313109703 ], [ 36.205012770505732, 0.193013930405723 ], [ 36.204772444806821, 0.193152665994305 ], [ 36.204253647075092, 0.193329941483009 ], [ 36.20395610036892, 0.193476372774499 ], [ 36.203807327552063, 0.193561161904472 ], [ 36.203654739998179, 0.193730725611099 ], [ 36.203525040939041, 0.194054431223242 ], [ 36.203494525031026, 0.194408979010991 ], [ 36.203357197570597, 0.194925378730648 ], [ 36.203258016215194, 0.195148903537514 ], [ 36.203151204735136, 0.195333873242638 ], [ 36.203151205120925, 0.195457200919229 ], [ 36.203219870785389, 0.195657592319874 ], [ 36.203387717624864, 0.195896522424164 ], [ 36.203731041994338, 0.196274186799334 ], [ 36.203917963109213, 0.196597905501392 ], [ 36.204001888071083, 0.196890781033023 ], [ 36.203986630268091, 0.197276157166221 ], [ 36.203902707065907, 0.19754591646317 ], [ 36.203799711395341, 0.197669244465622 ], [ 36.203654752557178, 0.197746307859721 ], [ 36.203425870335693, 0.19771548018957 ], [ 36.203242765018615, 0.197646114363347 ], [ 36.202876552974367, 0.197376356493064 ], [ 36.201926689969945, 0.196582489561092 ], [ 36.201556664453484, 0.196482294925378 ], [ 36.201304894460179, 0.196528546370977 ], [ 36.201106529737473, 0.196651859575391 ], [ 36.200999719185624, 0.19681372761528 ], [ 36.200915795670497, 0.196983291103901 ], [ 36.20089290821295, 0.197160549920298 ], [ 36.200892908695614, 0.197314705992022 ], [ 36.200900539182484, 0.197468862039597 ], [ 36.201007350578735, 0.197576754037787 ], [ 36.20114468035375, 0.197800277087245 ], [ 36.201274381510586, 0.198147113742577 ], [ 36.20121334746657, 0.198463122607266 ], [ 36.20106076080706, 0.19891785148761 ], [ 36.200923432456229, 0.199149086030268 ], [ 36.200709810015567, 0.199364899570068 ], [ 36.200511446317684, 0.199495924403395 ], [ 36.20043133758783, 0.199596120466128 ], [ 36.200339784899981, 0.199711722708946 ], [ 36.200271121393769, 0.199881301249615 ], [ 36.200194589378931, 0.199889886972037 ], [ 36.200133791367151, 0.199896707829181 ], [ 36.199996462292326, 0.199896708265003 ], [ 36.199934647286597, 0.199905628178464 ], [ 36.199836245277446, 0.199919826546427 ], [ 36.199714175548962, 0.200027733364802 ], [ 36.199660769978671, 0.200174178983013 ], [ 36.199668399586557, 0.200366859953251 ], [ 36.199676030170288, 0.200551844395411 ], [ 36.19966077162082, 0.200698289892421 ], [ 36.199553960828361, 0.200783064795009 ], [ 36.199344151738323, 0.200790776083493 ], [ 36.199228070675161, 0.200790776452003 ], [ 36.199100011605431, 0.200790776858577 ], [ 36.198871129480857, 0.200790777585287 ], [ 36.198688023381152, 0.200790778166703 ], [ 36.198558324334691, 0.200798489200971 ], [ 36.198428624602336, 0.200906396043675 ], [ 36.198279851956258, 0.201045131342265 ], [ 36.198264593334535, 0.201168444971954 ], [ 36.19831418479643, 0.201307179640521 ], [ 36.198428626317785, 0.201453624725501 ], [ 36.198581214835613, 0.201592359066892 ], [ 36.198810097805655, 0.201862116362757 ], [ 36.199168680594752, 0.202370804887406 ], [ 36.199313640473655, 0.202626145931241 ], [ 36.199504375712351, 0.202988389540249 ], [ 36.199590239593952, 0.203254829074299 ], [ 36.199607373769815, 0.203307997984525 ], [ 36.199737074841678, 0.203627606343824 ], [ 36.199809554053964, 0.203682814733763 ], [ 36.199848083166764, 0.203712163098687 ], [ 36.199933700417432, 0.203777378443389 ], [ 36.20007276882459, 0.203883308201337 ], [ 36.20047712797794, 0.204181628169167 ], [ 36.200751786994132, 0.204458616732867 ], [ 36.200835711974023, 0.204756908522188 ], [ 36.200751789330852, 0.205204405766174 ], [ 36.200603017519228, 0.205609239584132 ], [ 36.200393210541428, 0.205971483456143 ], [ 36.20016051481872, 0.20641898217842 ], [ 36.199900283881114, 0.206802551985539 ], [ 36.199885857940032, 0.206823816395527 ], [ 36.199809564246735, 0.206934730200138 ], [ 36.199607386059483, 0.207228650624592 ], [ 36.199439540971511, 0.207548275027845 ], [ 36.199332730116808, 0.207931821192218 ], [ 36.199313658242318, 0.208294034255235 ], [ 36.199504393413697, 0.208635005442418 ], [ 36.199545347565163, 0.20867630481088 ], [ 36.199644561932004, 0.208776354325434 ], [ 36.199746559309119, 0.208879211629245 ], [ 36.199779053429204, 0.208911978902324 ], [ 36.200053712177443, 0.209103742888103 ], [ 36.200263520957598, 0.209316810706783 ], [ 36.200328371860806, 0.209593859331655 ], [ 36.200263522761276, 0.20989213648964 ], [ 36.200118565685962, 0.21021174571757 ], [ 36.19990494357419, 0.210531385365739 ], [ 36.199904944309161, 0.210765770564742 ], [ 36.200053718190262, 0.211021456904482 ], [ 36.199927833924882, 0.211277130022245 ], [ 36.199737099358018, 0.211447639175564 ], [ 36.199504402367751, 0.211490244148369 ], [ 36.199332741610512, 0.211596770882029 ], [ 36.199332742278884, 0.211809853460516 ], [ 36.199523477914994, 0.21198031609837 ], [ 36.199714213818346, 0.21223598720297 ], [ 36.19973710249883, 0.212449084809648 ], [ 36.199588329687103, 0.212534309857036 ], [ 36.199355632496705, 0.212513023077503 ], [ 36.199248821841195, 0.212640941824892 ], [ 36.199355633566107, 0.21285393446371 ], [ 36.199462446157483, 0.213024382266791 ], [ 36.199565443880651, 0.21323749471965 ], [ 36.199504408717132, 0.213514484344903 ], [ 36.199630294586022, 0.213770185857051 ], [ 36.199565446286904, 0.214004571260906 ], [ 36.199439561821933, 0.214196366719688 ], [ 36.199416673678719, 0.214473342128924 ], [ 36.199439563626761, 0.214771648201193 ], [ 36.199142017605993, 0.215133892347354 ], [ 36.199016133542408, 0.215453532721167 ], [ 36.199010457598177, 0.215472264145015 ], [ 36.19896935600223, 0.21560791746699 ], [ 36.198966561029692, 0.215617140221664 ], [ 36.1989322113673, 0.215730507317098 ], [ 36.198783439158021, 0.216007482119142 ], [ 36.198592704726153, 0.216220580403618 ], [ 36.198508781350711, 0.216433663247309 ], [ 36.198466821398647, 0.216774559663633 ], [ 36.198466822067601, 0.216987672442483 ], [ 36.198741480279239, 0.21700900338447 ], [ 36.198909327835672, 0.217158134277734 ], [ 36.19886736668289, 0.217435108739515 ], [ 36.198951290529656, 0.217690825484261 ], [ 36.199206876132266, 0.217840000394917 ], [ 36.199332762067698, 0.218116989423807 ], [ 36.199332762870164, 0.218372677239556 ], [ 36.199271728841275, 0.218692301297618 ], [ 36.19908099434307, 0.218884066759042 ], [ 36.198806335797727, 0.218756224731387 ], [ 36.198573638742502, 0.218777527084564 ], [ 36.198382904110723, 0.218926688313241 ], [ 36.198360017035192, 0.219224965333353 ], [ 36.198211244492541, 0.219395459250521 ], [ 36.198062472217543, 0.21965116163341 ], [ 36.198127323188153, 0.219949438374055 ], [ 36.198337131766586, 0.220098688934957 ], [ 36.19863467832355, 0.220226486592671 ], [ 36.19889026345718, 0.220226470678623 ], [ 36.199142033856461, 0.220311693444656 ], [ 36.199039037538398, 0.22054607896726 ], [ 36.198848304040787, 0.220737845434999 ], [ 36.198848304843651, 0.220993562445091 ], [ 36.199058113354582, 0.221121419779394 ], [ 36.198974190912914, 0.221313201008263 ], [ 36.198890267203552, 0.221419727461549 ], [ 36.198657571416604, 0.221526254388104 ], [ 36.198466836852397, 0.221696703134726 ], [ 36.198253214008723, 0.221781957583156 ], [ 36.198020516418822, 0.221632782601161 ], [ 36.197787819828939, 0.221483637821448 ], [ 36.197555122841344, 0.221526257895796 ], [ 36.197364388277251, 0.221696706642716 ], [ 36.197303354115803, 0.221973756668686 ], [ 36.197448313726852, 0.222144204347106 ], [ 36.197303355320656, 0.222357257180941 ], [ 36.197047770187453, 0.222357257994459 ], [ 36.196815073865224, 0.222293321680578 ], [ 36.196689188130073, 0.222080254607704 ], [ 36.196582375136963, 0.221781962900704 ], [ 36.196158943580954, 0.221675378664748 ], [ 36.19573551249384, 0.221718029549138 ], [ 36.19581943640835, 0.221995033810361 ], [ 36.195670664067492, 0.222229418471946 ], [ 36.195460855493927, 0.222399882381022 ], [ 36.195354045174973, 0.222634237713451 ], [ 36.195144236735707, 0.222847351158504 ], [ 36.195293011684051, 0.223124325010354 ], [ 36.19522816245432, 0.223380042226167 ], [ 36.194888654344624, 0.22340136102853 ], [ 36.194655957491428, 0.223486570235146 ], [ 36.194488111873284, 0.223635762599788 ], [ 36.194316450118968, 0.223742289332824 ], [ 36.194022717832077, 0.223699685029477 ], [ 36.193934979049075, 0.223465301121778 ], [ 36.193767132358325, 0.223273520695237 ], [ 36.193511547225128, 0.223273521509821 ], [ 36.193450512997806, 0.223529209518211 ], [ 36.193450513802233, 0.2237848812241 ], [ 36.19334370241711, 0.223997979239913 ], [ 36.193133894576135, 0.22408321857616 ], [ 36.192943158940416, 0.223912756950486 ], [ 36.192687573404918, 0.223784883656326 ], [ 36.192454877082561, 0.223720977545944 ], [ 36.192115368905625, 0.223720978628564 ], [ 36.192031444258276, 0.223529214042562 ], [ 36.191840709689288, 0.223380053023054 ], [ 36.191672863138393, 0.223550516799147 ], [ 36.191691937087505, 0.223848838986945 ], [ 36.191733900048547, 0.224147144993797 ], [ 36.191543165485946, 0.224317608842673 ], [ 36.191310468828014, 0.22414714634446 ], [ 36.19103581055078, 0.224104527886932 ], [ 36.1907001161075, 0.224019305391602 ], [ 36.190360608467323, 0.224189724412205 ], [ 36.190146985826004, 0.224338915916973 ], [ 36.189914289570574, 0.22429632652139 ], [ 36.189998211741496, 0.224019277429169 ], [ 36.190105021991819, 0.223763604375555 ], [ 36.189895213748031, 0.223720970610233 ], [ 36.189639628346249, 0.223635762960627 ], [ 36.189448893716644, 0.223784909089388 ], [ 36.189513744690366, 0.224083216030028 ], [ 36.189448895260817, 0.224274996191663 ], [ 36.189216199340962, 0.224338918887916 ], [ 36.189006391164348, 0.22431758673587 ], [ 36.188834729007908, 0.224296329967562 ], [ 36.18868595626607, 0.224402857635388 ], [ 36.188773694916229, 0.224594622208748 ], [ 36.188792769933464, 0.224914230907997 ], [ 36.188792770739347, 0.225169918721394 ], [ 36.188602035841619, 0.225233856384859 ], [ 36.188411300339325, 0.225105997986183 ], [ 36.188178603151044, 0.225084696109647 ], [ 36.187968795646398, 0.22527647774091 ], [ 36.187736098122109, 0.225148619476374 ], [ 36.187522474742167, 0.225063396592492 ], [ 36.187396590348435, 0.225276449366565 ], [ 36.1872897799649, 0.225489562484011 ], [ 36.186996047677596, 0.225446944088806 ], [ 36.186824386991326, 0.225574758341731 ], [ 36.18665654071058, 0.22583047588682 ], [ 36.186442917733892, 0.225873095903142 ], [ 36.186275069772691, 0.225596091912339 ], [ 36.186019484967439, 0.225383040357359 ], [ 36.18576771497068, 0.225425630293572 ], [ 36.185725753957236, 0.225745224086579 ], [ 36.185618942641618, 0.225979729423685 ], [ 36.185535020539113, 0.226277976434325 ], [ 36.185618944322407, 0.22651236135938 ], [ 36.185786791947443, 0.22668279386062 ], [ 36.18570286977797, 0.226959783554534 ], [ 36.185618946541382, 0.227215500830952 ], [ 36.185618947348608, 0.227471278243316 ], [ 36.185618948289871, 0.227769524984857 ], [ 36.185428214325427, 0.227812115732792 ], [ 36.185279439844713, 0.227684272302292 ], [ 36.185046743118647, 0.227492477991655 ], [ 36.184707234538898, 0.227364650272221 ], [ 36.184371539893711, 0.227215504819999 ], [ 36.184138843840195, 0.227236838386118 ], [ 36.183860371031926, 0.227343350361518 ], [ 36.183627673978272, 0.227364638624441 ], [ 36.183311055083109, 0.227449893405728 ], [ 36.183078358635214, 0.227662946521573 ], [ 36.182952474041095, 0.227812123652521 ], [ 36.182952474579601, 0.227982586892239 ], [ 36.183162283092301, 0.22811044422135 ], [ 36.183227133866325, 0.228344829206519 ], [ 36.183013511159459, 0.228472673796296 ], [ 36.183003722262356, 0.228506843591807 ], [ 36.182952476800914, 0.228685726362475 ], [ 36.182868554565289, 0.228941443638521 ], [ 36.182654931050706, 0.228813585315207 ], [ 36.182445121403404, 0.228643137848384 ], [ 36.182231498090637, 0.22857920248486 ], [ 36.181998802104694, 0.228621837664367 ], [ 36.182021690722571, 0.228813602443456 ], [ 36.182189538550226, 0.229047971997492 ], [ 36.18223150044745, 0.229325006591091 ], [ 36.181937769632071, 0.229431533716811 ], [ 36.181750848746709, 0.229498426151454 ], [ 36.181640222814828, 0.229538075955943 ], [ 36.181384637817168, 0.229580681006726 ], [ 36.181365565548205, 0.229815051158925 ], [ 36.181365566626127, 0.230156022940547 ], [ 36.181491452297458, 0.230347802490268 ], [ 36.181384641185353, 0.230646109977032 ], [ 36.181068022358659, 0.230752637176197 ], [ 36.180835326181771, 0.231050945066086 ], [ 36.180644592094076, 0.231370554434172 ], [ 36.180495819623808, 0.231562304661147 ], [ 36.180453858545668, 0.231860627040771 ], [ 36.180602632296235, 0.232073709135909 ], [ 36.18081244147173, 0.23209502618419 ], [ 36.180907808116537, 0.231967166872261 ], [ 36.181003175761347, 0.231839322661371 ], [ 36.181216798736671, 0.231796702643791 ], [ 36.181384645564151, 0.232031072196276 ], [ 36.181491458697131, 0.232372013432106 ], [ 36.181640232986325, 0.232755543664272 ], [ 36.182273473783361, 0.232904732457199 ], [ 36.184074012986791, 0.233309559013496 ], [ 36.185935587420886, 0.233778323437664 ], [ 36.187884900964313, 0.234268404298012 ], [ 36.190742112437263, 0.23490762777849 ], [ 36.192836383979611, 0.235376361268557 ], [ 36.195628745409266, 0.236015630271758 ], [ 36.197406396917984, 0.236527014314639 ], [ 36.199016200870211, 0.236889237270985 ], [ 36.201301207495376, 0.237357985270319 ], [ 36.203010193737853, 0.23779823127596 ], [ 36.203509920614742, 0.237997571259957 ], [ 36.205354640817674, 0.236491931313578 ], [ 36.205507395503552, 0.236367255135683 ], [ 36.206096279292751, 0.235886613424219 ], [ 36.209380727997321, 0.233348482503085 ], [ 36.211730576951261, 0.231675632512396 ], [ 36.215644449863568, 0.228772166732685 ], [ 36.217460241766496, 0.227483868974556 ], [ 36.221908170608017, 0.224138168804435 ], [ 36.223399714959683, 0.223042162445588 ], [ 36.224944665102775, 0.221869227891732 ], [ 36.226932118222145, 0.220292523744124 ], [ 36.229644363587781, 0.218350468329692 ], [ 36.231288494618063, 0.217119867398087 ], [ 36.232623636207812, 0.216119992126492 ], [ 36.235469395486632, 0.214120255129917 ], [ 36.23627048075938, 0.213428049355269 ], [ 36.236960939392247, 0.212870422926655 ], [ 36.237533141726374, 0.212235898035555 ], [ 36.239787619258813, 0.208794060093934 ], [ 36.241866620133308, 0.205486816792409 ], [ 36.244044802839944, 0.202102659235414 ], [ 36.247310170051016, 0.197064858211178 ], [ 36.248782636914001, 0.194815169049855 ], [ 36.25128506696133, 0.190815706005564 ], [ 36.252162443772569, 0.189623570975549 ], [ 36.253020747103463, 0.188277595042045 ], [ 36.25472209529633, 0.185758642445325 ], [ 36.254897569729565, 0.185216858670088 ], [ 36.256076309137299, 0.184161822581253 ], [ 36.257121533836873, 0.183225000344899 ], [ 36.258175378800793, 0.182045848689921 ], [ 36.258253765575056, 0.181958141248012 ], [ 36.258269247530514, 0.181940818222855 ], [ 36.258368481244794, 0.18182978555453 ], [ 36.258456673990885, 0.181731106628446 ], [ 36.259841405481545, 0.180336809557486 ], [ 36.261226136824142, 0.178892721134199 ], [ 36.265628278868256, 0.171892062212469 ], [ 36.269835871814578, 0.165198741488676 ], [ 36.273417856856511, 0.159289121542646 ], [ 36.276114835880414, 0.154841124879344 ], [ 36.27656878275404, 0.154055054736553 ], [ 36.276660334320674, 0.153894987805382 ], [ 36.277156242884679, 0.152998625123086 ], [ 36.277438529656074, 0.152540295735477 ], [ 36.277648336750062, 0.152201918652556 ], [ 36.278056507948911, 0.151530760990144 ], [ 36.278193836345018, 0.151305587025849 ], [ 36.278361681318927, 0.150935422251418 ], [ 36.278983473515055, 0.149562714037932 ], [ 36.282298420747395, 0.140748785411241 ], [ 36.286601367885886, 0.129694020219573 ], [ 36.286868392947106, 0.128336029597605 ], [ 36.287543585027407, 0.124913585113147 ], [ 36.287745761327756, 0.123978009774576 ], [ 36.287886902429101, 0.123320107657241 ], [ 36.288199704598902, 0.121986921959132 ], [ 36.289172439652162, 0.117826308470419 ], [ 36.28991629655826, 0.114655567921156 ], [ 36.289247175486551, 0.113772010477847 ], [ 36.286021472661595, 0.109512551910001 ], [ 36.273245992679406, 0.092645709943293 ], [ 36.272856892001684, 0.092173520781116 ], [ 36.272505938493332, 0.091749381198736 ], [ 36.272166428591561, 0.091192777724459 ], [ 36.271960433431381, 0.090853052864471 ], [ 36.271514111583059, 0.090006513569737 ], [ 36.271277597699864, 0.089434390878883 ], [ 36.271121194467476, 0.089060386362264 ], [ 36.270697760108305, 0.088040489351675 ], [ 36.270377322562901, 0.087267727619287 ], [ 36.268942984028754, 0.083433429012316 ], [ 36.263354404770148, 0.06904233728211 ], [ 36.262515163214637, 0.066403154237649 ], [ 36.261920066797195, 0.065407237283591 ], [ 36.261637777108703, 0.064912688085297 ], [ 36.261523336417724, 0.064710092032306 ], [ 36.260066114870021, 0.062874530194142 ], [ 36.2579642074205, 0.060228442765369 ], [ 36.257567477640166, 0.059730492142293 ], [ 36.257456849826198, 0.059486933830481 ], [ 36.25726992847428, 0.059083132909719 ], [ 36.257220335628801, 0.058485578368262 ], [ 36.257269924549441, 0.057788434764466 ], [ 36.25783103582404, 0.055772246451196 ], [ 36.257845937672037, 0.055718699905749 ], [ 36.259398503787608, 0.050119814010698 ], [ 36.260684043519774, 0.045438995488191 ], [ 36.260931996530708, 0.044393241290322 ], [ 36.261096026060351, 0.043868990874927 ], [ 36.261275315458832, 0.043297733697478 ], [ 36.261858958558157, 0.041209985207052 ], [ 36.262068764437451, 0.040459349979989 ], [ 36.262190834316961, 0.040060048237766 ], [ 36.262610446403514, 0.038666683222819 ], [ 36.263056762658252, 0.037322182277231 ], [ 36.263304715578322, 0.036575244690237 ], [ 36.263701442453872, 0.035778493141047 ], [ 36.26988503080949, 0.022482904873581 ], [ 36.268259059625642, 0.022146716978877 ], [ 36.266272507954852, 0.021735975031241 ], [ 36.262644666840004, 0.001326058168971 ], [ 36.262602703945007, 0.001039130278908 ], [ 36.262553111936548, 0.000716394674953 ], [ 36.262335672574949, 0.000317996005929 ], [ 36.262038125273229, -0.00004056570714 ], [ 36.261584174494445, -0.000518640098232 ], [ 36.261404882400747, -0.000837336264797 ], [ 36.261286624212929, -0.001534565944421 ], [ 36.261153108288276, -0.002140580883915 ], [ 36.261107331619513, -0.002351272350383 ], [ 36.261027221609837, -0.002666669731691 ], [ 36.260870816623175, -0.003287508851662 ], [ 36.260817410833653, -0.003536404073784 ], [ 36.260710597283655, -0.004024545919522 ], [ 36.260603784461026, -0.004603211834993 ], [ 36.260554191587062, -0.004881103201447 ], [ 36.260100237247293, -0.006873114586102 ], [ 36.260004867662062, -0.007375706209573 ], [ 36.259959090861706, -0.007630052953451 ], [ 36.259886609510602, -0.008060612381947 ], [ 36.259802684984692, -0.008546368323133 ], [ 36.25965009471868, -0.009260658118456 ], [ 36.259444098615354, -0.010239563384954 ], [ 36.258692592328408, -0.013466590449221 ], [ 36.258177601758128, -0.015518340607185 ], [ 36.258070789091313, -0.016044862411433 ], [ 36.258002122985147, -0.016394820213672 ], [ 36.257902938330503, -0.01725140485193 ], [ 36.257830458203678, -0.017607233951633 ], [ 36.257742718808942, -0.018048173832125 ], [ 36.257742716295667, -0.018883118891095 ], [ 36.25789530115874, -0.019632133094551 ], [ 36.258116551972897, -0.020415124990481 ], [ 36.258146203727435, -0.020504302132091 ], [ 36.258186622392763, -0.020625862113317 ], [ 36.258219548120216, -0.020724887198002 ], [ 36.25823862064285, -0.020888420128595 ], [ 36.258238620264578, -0.021014139837312 ], [ 36.258238620228788, -0.021026033466608 ], [ 36.25822951787184, -0.021142333079068 ], [ 36.258227175779986, -0.021172256412282 ], [ 36.258162325108557, -0.021378765821505 ], [ 36.258002552935906, -0.021727506196865 ], [ 36.257977627752958, -0.021781912377365 ], [ 36.257452786899947, -0.022927507687722 ], [ 36.256731803447586, -0.024553641668463 ], [ 36.255305095703903, -0.027754376655381 ], [ 36.253504546674847, -0.031282053422196 ], [ 36.255173732280085, -0.032180354713639 ] ] ] ] } },
{ "type": "Feature", "properties": { "fid": 5, "CONST_CODE": 169, "Shape_Area": 0.00612801737, "OBJECTID_1": 709, "NAME": "ELEMENTAITA", "OBJECTID": 3061, "CONSTITUEN": "GILGIL", "COUNTY_ASS": 845, "SPOILT": 112, "COUNTY_A_1": "ELEMENTAITA", "REJECTED": 288, "REPORTED": 19, "SPOILT_VAL": 0.014381099126862, "VALID": 7788, "DISPUTED": 0, "RESULT": "1", "COUNTY_COD": 32, "Shape_Leng": 0.53026911521999998, "COUNTY_NAM": "NAKURU", "Shape_Le_1": 0.53026911521999998, "REGISTERED": "9955" }, "geometry": { "type": "MultiPolygon", "coordinates": [ [ [ [ 36.454583506775066, -0.588920934439331 ], [ 36.456258113295874, -0.607030181435631 ], [ 36.456662461148674, -0.611094588915963 ], [ 36.456853190081802, -0.613499582382387 ], [ 36.456925668674934, -0.613691962278835 ], [ 36.457402504618976, -0.614341472066023 ], [ 36.46392562541935, -0.622398055243514 ], [ 36.468838946632793, -0.62834307208647 ], [ 36.485722824116287, -0.62671994597141 ], [ 36.490659050094052, -0.626257490411351 ], [ 36.490620894503778, -0.629554535987184 ], [ 36.490529341090024, -0.63005192802256 ], [ 36.490485113621375, -0.630209402959293 ], [ 36.490399639715768, -0.630513736782168 ], [ 36.49009446108758, -0.631366425419824 ], [ 36.489468846913333, -0.632645337120559 ], [ 36.489281926134069, -0.632846658164999 ], [ 36.488885196160993, -0.633010954841953 ], [ 36.488560946291592, -0.633173811065965 ], [ 36.488179474844571, -0.63352904682193 ], [ 36.48760345359144, -0.634091544364218 ], [ 36.487309720303223, -0.634432019548075 ], [ 36.487061763924558, -0.634831720272981 ], [ 36.486928247819293, -0.635186957683249 ], [ 36.48684050885398, -0.635512611194385 ], [ 36.486840507971593, -0.635853087146787 ], [ 36.486840506974161, -0.636237967315024 ], [ 36.486840506168662, -0.636548799850056 ], [ 36.486768026684615, -0.636696835527018 ], [ 36.48663451203943, -0.636874454055325 ], [ 36.486371297406244, -0.636978084008312 ], [ 36.486119526019053, -0.636992904551949 ], [ 36.485501544932582, -0.637081712368547 ], [ 36.485207812295272, -0.637170521036327 ], [ 36.48481108197759, -0.637466590720994 ], [ 36.484486831529864, -0.637851470034501 ], [ 36.484254134132108, -0.63826593360586 ], [ 36.484177839335189, -0.638532360714785 ], [ 36.484105358658546, -0.638754444021788 ], [ 36.484177837645895, -0.63918366919311 ], [ 36.484254131099142, -0.639435335901503 ], [ 36.484692819290295, -0.64036789504687 ], [ 36.484780556644623, -0.640663965999036 ], [ 36.484841590923601, -0.640974798687434 ], [ 36.485032325114247, -0.641389322761747 ], [ 36.485224615785533, -0.641619310664578 ], [ 36.485589270162471, -0.642055453896434 ], [ 36.48589825928839, -0.642558727310905 ], [ 36.486165287126198, -0.643150810050122 ], [ 36.486562014719929, -0.643520930444795 ], [ 36.487664461342838, -0.644645931384031 ], [ 36.48800396859005, -0.645119621859998 ], [ 36.488179443647276, -0.645578490700786 ], [ 36.488251921484583, -0.646066941273955 ], [ 36.488221403331316, -0.646496226562346 ], [ 36.488106961099184, -0.646910749823617 ], [ 36.487274110203344, -0.648353346487405 ], [ 36.48547480461847, -0.651469960413083 ], [ 36.485326029107014, -0.651973232601591 ], [ 36.485280252046422, -0.652358113624196 ], [ 36.485150545771774, -0.654711739904356 ], [ 36.479340730991161, -0.663430517244277 ], [ 36.478943999665923, -0.664496348119232 ], [ 36.478753262937204, -0.665058846581816 ], [ 36.478608302889427, -0.665769380000875 ], [ 36.478341269864607, -0.667175626695444 ], [ 36.478017015259177, -0.668774313280456 ], [ 36.477856795153286, -0.669884489557006 ], [ 36.477784314208151, -0.670595023147978 ], [ 36.477708015380088, -0.672415793812468 ], [ 36.477547782886084, -0.67830727036508 ], [ 36.477605000207554, -0.679373041941487 ], [ 36.477799545273591, -0.681386192862378 ], [ 36.477822432728232, -0.68160951667069 ], [ 36.478245853643777, -0.685741029725326 ], [ 36.477983818201523, -0.685765995140883 ], [ 36.47261153612758, -0.686277830939912 ], [ 36.465813734630089, -0.686923900426139 ], [ 36.462853524737085, -0.687158877414671 ], [ 36.462575052481583, -0.686718310901105 ], [ 36.462269876805166, -0.68642463950996 ], [ 36.462021921714317, -0.686321847858346 ], [ 36.461785410410457, -0.686307205232842 ], [ 36.461365793033266, -0.686219055129301 ], [ 36.460782143724877, -0.686013531997825 ], [ 36.460183236471337, -0.685778545623093 ], [ 36.459862800816438, -0.68585199338086 ], [ 36.459542366084904, -0.68595478252543 ], [ 36.459145636242908, -0.686057572474945 ], [ 36.458649724333945, -0.686130959364337 ], [ 36.458096591843827, -0.686395285089024 ], [ 36.457482424341691, -0.686630207853893 ], [ 36.457074251558986, -0.686703654371756 ], [ 36.456959809895004, -0.6868945346647 ], [ 36.456929291122478, -0.68717350377087 ], [ 36.456681335188257, -0.687393785501294 ], [ 36.456418120423471, -0.687540620601101 ], [ 36.455864986893218, -0.687819647721549 ], [ 36.455498776132281, -0.687907736350634 ], [ 36.455121120584749, -0.687907735351454 ], [ 36.45467098500896, -0.687878331362607 ], [ 36.454217035811155, -0.687702151972056 ], [ 36.453999598495905, -0.687702151396465 ], [ 36.45379360385185, -0.68783428424128 ], [ 36.453560906284117, -0.687922373223093 ], [ 36.453343469275843, -0.687804939649306 ], [ 36.45309551306984, -0.687746192794888 ], [ 36.452832298380869, -0.687863684493432 ], [ 36.452599601659337, -0.688010519672759 ], [ 36.452378347877698, -0.688186697275537 ], [ 36.452115133572519, -0.688157353178216 ], [ 36.451825216689684, -0.687951771423461 ], [ 36.451649740511982, -0.687922368160862 ], [ 36.451474264103709, -0.687981113893631 ], [ 36.451283528519568, -0.688098604776929 ], [ 36.451096608017792, -0.688186693879354 ], [ 36.450760914761204, -0.688098603391742 ], [ 36.450306965563705, -0.687922364601723 ], [ 36.449959827252073, -0.687848975482165 ], [ 36.449608874896576, -0.687790228353603 ], [ 36.449299884178721, -0.687511258347575 ], [ 36.448456836071131, -0.687085391729992 ], [ 36.448235584442685, -0.686821063956559 ], [ 36.44796092819913, -0.685998796656836 ], [ 36.447812157947084, -0.684868098300949 ], [ 36.447739678534852, -0.684603830316561 ], [ 36.447609980270883, -0.684251413182401 ], [ 36.447537501282419, -0.683825548601147 ], [ 36.447392543996678, -0.683473131424926 ], [ 36.446572386738552, -0.68197537247303 ], [ 36.445992556524438, -0.680213285943371 ], [ 36.445660679151921, -0.679410701200337 ], [ 36.440930454499686, -0.677062583229841 ], [ 36.435402956777729, -0.674312906352957 ], [ 36.435292330763538, -0.674257874719431 ], [ 36.435357189934074, -0.670817234826562 ], [ 36.435372458977938, -0.667019856991299 ], [ 36.435569419459142, -0.658991550636067 ], [ 36.43568529810382, -0.654268222119784 ], [ 36.435372494801271, -0.653458196502548 ], [ 36.433194316656731, -0.647056239035882 ], [ 36.432465710742854, -0.645880354440374 ], [ 36.430676621384862, -0.643554745440141 ], [ 36.430520220342544, -0.643110518632121 ], [ 36.430466819325758, -0.641202978535559 ], [ 36.430829221378715, -0.639112540314248 ], [ 36.430958924540754, -0.637988922803223 ], [ 36.430310423702629, -0.638339118081331 ], [ 36.429051569953735, -0.639086432820275 ], [ 36.427796529528791, -0.640466094129186 ], [ 36.426713150341449, -0.641845815286805 ], [ 36.425740399139819, -0.642535645002937 ], [ 36.424542586273702, -0.641098431934462 ], [ 36.423173111558327, -0.639891220895176 ], [ 36.422543688427112, -0.63885647118565 ], [ 36.421857043145884, -0.638224122764205 ], [ 36.420888109856769, -0.637821717695274 ], [ 36.420544786303722, -0.637848360104474 ], [ 36.420411271409627, -0.638113587026475 ], [ 36.420422714815572, -0.638342631149368 ], [ 36.420521896248431, -0.638607859705277 ], [ 36.420590560991648, -0.638740473531196 ], [ 36.420590560317336, -0.638993640084538 ], [ 36.420590559546675, -0.639282990833962 ], [ 36.420746961124472, -0.639524096074142 ], [ 36.420880475605905, -0.639789324720939 ], [ 36.420926250995954, -0.640042550793924 ], [ 36.42089191763155, -0.640536823076624 ], [ 36.421021617172073, -0.640777928243101 ], [ 36.4212276097238, -0.64105521781103 ], [ 36.421395456478592, -0.641236077832815 ], [ 36.421670114608538, -0.641332508016108 ], [ 36.421921884770597, -0.64140481668259 ], [ 36.422162210435218, -0.641657983880109 ], [ 36.422246132751319, -0.641959395579053 ], [ 36.422135505889791, -0.642224623564062 ], [ 36.421967659139959, -0.642417543407227 ], [ 36.42178836763069, -0.64251397236612 ], [ 36.421513709211617, -0.64252603335992 ], [ 36.421227605808447, -0.642526032588575 ], [ 36.421071204197709, -0.642296988079894 ], [ 36.420937689715686, -0.642031759436694 ], [ 36.420773658094568, -0.641802655509168 ], [ 36.420674476340118, -0.641657979868902 ], [ 36.420674476693058, -0.641525425627871 ], [ 36.420617257190401, -0.641308382715268 ], [ 36.420483742130905, -0.641260137431569 ], [ 36.420197639631645, -0.641296320855862 ], [ 36.419789466024746, -0.64130838048219 ], [ 36.419644507884826, -0.64128425762927 ], [ 36.419419440953327, -0.641139581648746 ], [ 36.419106636058821, -0.640934660184409 ], [ 36.418854865897167, -0.640862291112542 ], [ 36.418698462676929, -0.640862290690355 ], [ 36.418530615376277, -0.640886412699101 ], [ 36.418351324898744, -0.640970841334855 ], [ 36.418149145292674, -0.641091393700536 ], [ 36.41814914468214, -0.641320437789219 ], [ 36.418267399206066, -0.64156154292429 ], [ 36.418530613030669, -0.641766525665501 ], [ 36.418797642021438, -0.641911201759028 ], [ 36.418927341915108, -0.642019693285799 ], [ 36.419011264647899, -0.642164368884859 ], [ 36.419011263716477, -0.642513964876027 ], [ 36.418961671811381, -0.642827437948025 ], [ 36.418664123079026, -0.643695427964047 ], [ 36.418652678067041, -0.644069206787335 ], [ 36.418809079709774, -0.644286190567123 ], [ 36.41914477370198, -0.644467050032393 ], [ 36.419251584628107, -0.644551419034493 ], [ 36.419251583985947, -0.644792524852949 ], [ 36.419201991984572, -0.645142181109814 ], [ 36.41911806774236, -0.645564084855295 ], [ 36.419034139353457, -0.647167513007514 ], [ 36.418881550431067, -0.647432800269665 ], [ 36.418854847686994, -0.647698028473399 ], [ 36.419011249138023, -0.647987319227344 ], [ 36.419183510024709, -0.648121470615812 ], [ 36.419274462964957, -0.648192300954147 ], [ 36.419369830586525, -0.648385161096701 ], [ 36.419381272965815, -0.649000045785546 ], [ 36.419396531570143, -0.649156782927701 ], [ 36.419560563257164, -0.649361703981312 ], [ 36.419873368347474, -0.649494319464557 ], [ 36.420243393551118, -0.649614872361347 ], [ 36.420472275394324, -0.649795732539383 ], [ 36.420521865791009, -0.650048899211714 ], [ 36.420483717774722, -0.650410556819147 ], [ 36.4204722731169, -0.650651721996818 ], [ 36.420495160315539, -0.650965134846464 ], [ 36.420640118623119, -0.651302730889381 ], [ 36.420746928844778, -0.651652328158103 ], [ 36.420880443200545, -0.651965800701654 ], [ 36.421143656740732, -0.652279214196483 ], [ 36.421273356251533, -0.652532441485439 ], [ 36.421250466193236, -0.652918221589488 ], [ 36.421143654432441, -0.653147265375991 ], [ 36.420998694713475, -0.65334018527003 ], [ 36.420964361991452, -0.653593351711455 ], [ 36.420964361286188, -0.65385857897174 ], [ 36.420868993541582, -0.654087622787923 ], [ 36.420506596320799, -0.654352850078131 ], [ 36.42024338052952, -0.654509585458865 ], [ 36.419922945977348, -0.654545768789102 ], [ 36.419716951427731, -0.654642198676849 ], [ 36.419549104579609, -0.654871241290017 ], [ 36.419369813228101, -0.654907425000345 ], [ 36.419034119359722, -0.654678380023415 ], [ 36.41897689972749, -0.654509582046116 ], [ 36.41886627456465, -0.654135863318672 ], [ 36.418886285074024, -0.653955147779154 ], [ 36.418892978244443, -0.653894697179772 ], [ 36.418961643240387, -0.653557162121353 ], [ 36.419060826472233, -0.653147259763824 ], [ 36.419179083634944, -0.652773540643933 ], [ 36.419095161061229, -0.652568559405698 ], [ 36.418820502312741, -0.652327452856633 ], [ 36.418759467771515, -0.652122532083917 ], [ 36.418843392725122, -0.651809059119649 ], [ 36.418976907556527, -0.651567953670082 ], [ 36.418976908070057, -0.651375033383697 ], [ 36.418866282298168, -0.651230358726586 ], [ 36.418557291052068, -0.651158049909361 ], [ 36.418221597896576, -0.651037496098841 ], [ 36.417897348885809, -0.650868697397773 ], [ 36.417191629879738, -0.650494977057122 ], [ 36.416974191892351, -0.650374423564705 ], [ 36.416974192631166, -0.650097134565506 ], [ 36.416939861192922, -0.649868029990415 ], [ 36.416581278684212, -0.649868029022555 ], [ 36.416352396230934, -0.649916274332879 ], [ 36.41604340518203, -0.650145316570103 ], [ 36.415825965555783, -0.650639648737115 ], [ 36.415753485521023, -0.650989244517354 ], [ 36.415539861285737, -0.651338840922581 ], [ 36.415097355464177, -0.651411207109313 ], [ 36.414628147054657, -0.651314775397446 ], [ 36.414219973314054, -0.651375020545287 ], [ 36.414124605696195, -0.651555879847441 ], [ 36.414124604570766, -0.651977844209942 ], [ 36.414124603445373, -0.652399808571547 ], [ 36.414017790521918, -0.652689098608237 ], [ 36.413849943447076, -0.653002570337587 ], [ 36.413346401283398, -0.653545086240344 ], [ 36.413144221062971, -0.653894681664832 ], [ 36.413216699297799, -0.654220216781632 ], [ 36.413430321862513, -0.654497506352177 ], [ 36.413647759722075, -0.654666304762963 ], [ 36.413945305535215, -0.654895349639171 ], [ 36.414151299507303, -0.655015902091627 ], [ 36.414258109888038, -0.655305253105568 ], [ 36.414292441522839, -0.655835708721358 ], [ 36.414246663686185, -0.656125059322017 ], [ 36.414017780652671, -0.65639028596117 ], [ 36.413731677826625, -0.656547021276873 ], [ 36.41352568414694, -0.656691696082209 ], [ 36.413300615793638, -0.656703757207607 ], [ 36.413216692931179, -0.656607266134732 ], [ 36.413178547645145, -0.655944196881824 ], [ 36.413132772769494, -0.655498170348706 ], [ 36.413071738197047, -0.65530524990109 ], [ 36.412785635110772, -0.655184696225381 ], [ 36.412556752913225, -0.655136450686788 ], [ 36.412400350272087, -0.655293186353548 ], [ 36.412270649347313, -0.655570474994969 ], [ 36.412076099329958, -0.655847763460632 ], [ 36.411839586477903, -0.656040623706038 ], [ 36.411671740045378, -0.656112990632194 ], [ 36.411431413766813, -0.656088867522578 ], [ 36.411202531408037, -0.656100927630427 ], [ 36.411130051982859, -0.656221480336635 ], [ 36.411130051435734, -0.656426462351839 ], [ 36.41122923296593, -0.656655506690509 ], [ 36.411324599458645, -0.656896611745126 ], [ 36.411454299032513, -0.657125656165647 ], [ 36.411568740110475, -0.657157699952843 ], [ 36.411683181295047, -0.657149779244134 ], [ 36.411923508056368, -0.656993043805697 ], [ 36.412175278640866, -0.6569086757776 ], [ 36.412304977793866, -0.656920736854575 ], [ 36.412388901495547, -0.657077473169322 ], [ 36.412377456932575, -0.657282394748266 ], [ 36.412377456257254, -0.657535561277452 ], [ 36.412259199413008, -0.657788727486763 ], [ 36.412102795642731, -0.657993709077579 ], [ 36.411885358203357, -0.658041953409459 ], [ 36.411671735219947, -0.657921340533565 ], [ 36.411492444639279, -0.657668173520345 ], [ 36.411263563148715, -0.657354760124033 ], [ 36.411061384471452, -0.657125655103508 ], [ 36.410832502466391, -0.657005101583108 ], [ 36.410653211178143, -0.657017162831622 ], [ 36.41035184965115, -0.657053345203064 ], [ 36.410031414774991, -0.657210081431175 ], [ 36.409875011036561, -0.657402940884789 ], [ 36.409707163412442, -0.657921335222026 ], [ 36.409669015649655, -0.65818656237385 ], [ 36.409573646901549, -0.658415666588718 ], [ 36.409443946555221, -0.658475912486095 ], [ 36.409276100347391, -0.658463850298867 ], [ 36.409096809412958, -0.658343296913075 ], [ 36.408906074912977, -0.658054006080064 ], [ 36.408639046626213, -0.657644102741313 ], [ 36.40847501481052, -0.657487366209744 ], [ 36.40833005660339, -0.657487365817448 ], [ 36.408089730227651, -0.657499425893547 ], [ 36.407910438810369, -0.657559671656758 ], [ 36.407708259231427, -0.657668163284348 ], [ 36.407479376388601, -0.657861082945251 ], [ 36.407178014216441, -0.658138371117809 ], [ 36.407025425482637, -0.65833123058044 ], [ 36.40684613512942, -0.658367414287898 ], [ 36.406533328552911, -0.658415658360236 ], [ 36.406354038070774, -0.658500026582592 ], [ 36.40615185820112, -0.658717068774411 ], [ 36.406151857330819, -0.659042542276598 ], [ 36.40617474439653, -0.659404201039705 ], [ 36.406304443647429, -0.659753857755779 ], [ 36.406342589992974, -0.660019085111712 ], [ 36.40641506806552, -0.660404866466563 ], [ 36.406472287760742, -0.660549540973699 ], [ 36.406594358677935, -0.660645971744303 ], [ 36.406819426000467, -0.660645972353633 ], [ 36.407120787464592, -0.660633912443092 ], [ 36.40771969619238, -0.660308439558012 ], [ 36.408223237654425, -0.660031151935493 ], [ 36.408497896983299, -0.660055275138058 ], [ 36.408688630902233, -0.660187889280111 ], [ 36.40887936562811, -0.66039281140278 ], [ 36.409012880078876, -0.660670100748455 ], [ 36.408917511040727, -0.661007696126421 ], [ 36.408806884302734, -0.661224678159221 ], [ 36.408738218624912, -0.661441661311998 ], [ 36.408772551287782, -0.661586335756202 ], [ 36.408951842222905, -0.661706889139883 ], [ 36.409108244189532, -0.661803379399756 ], [ 36.40917452787258, -0.661957696470624 ], [ 36.409180722842905, -0.661972118015195 ], [ 36.409085355287722, -0.662128853841184 ], [ 36.408890804622423, -0.662273528672578 ], [ 36.408749660937026, -0.662454386833585 ], [ 36.408677180189287, -0.662695492433755 ], [ 36.408688623626311, -0.662912474794787 ], [ 36.408749659392008, -0.663033027857698 ], [ 36.408845026206883, -0.663153640410979 ], [ 36.408951837909683, -0.663322378111257 ], [ 36.408928948297408, -0.663539420782969 ], [ 36.408772545493541, -0.663756403695891 ], [ 36.40843685052856, -0.663937261329361 ], [ 36.408172168886999, -0.664035147802249 ], [ 36.408078268659359, -0.664069874989537 ], [ 36.407754018388708, -0.664371225146241 ], [ 36.407277178189879, -0.664937863546056 ], [ 36.406998705563993, -0.665022290895143 ], [ 36.406582902740737, -0.665106659481666 ], [ 36.40636546423481, -0.665178965865328 ], [ 36.406136581422274, -0.665359824792672 ], [ 36.405900069824384, -0.665456253583292 ], [ 36.405732222228465, -0.665588866751246 ], [ 36.405514783754427, -0.665649172812826 ], [ 36.40520579324528, -0.665673294435016 ], [ 36.404915875570246, -0.665769724087448 ], [ 36.404759471926077, -0.665926459744711 ], [ 36.404641216240243, -0.666119320299061 ], [ 36.404568735297715, -0.666432792263712 ], [ 36.404507699210633, -0.666806511511201 ], [ 36.404484810049496, -0.667228475778378 ], [ 36.404545844234896, -0.667566071567965 ], [ 36.404591620656362, -0.66780717647501 ], [ 36.404534399090352, -0.667988034857664 ], [ 36.403191622509631, -0.668602856419394 ], [ 36.402833039444083, -0.668807776038832 ], [ 36.402569824225623, -0.669121248488966 ], [ 36.402257017967607, -0.669422659071568 ], [ 36.402031950255541, -0.669567333813726 ], [ 36.401719143739186, -0.669591455424207 ], [ 36.401455929423548, -0.669567332252479 ], [ 36.401288083600662, -0.669410595719556 ], [ 36.401253751067401, -0.669217675357657 ], [ 36.401288084375111, -0.669121245015013 ], [ 36.401360564060489, -0.66890426288833 ], [ 36.401528412012659, -0.668639035096346 ], [ 36.401768738908082, -0.668434054752288 ], [ 36.402066285853543, -0.668241194686545 ], [ 36.40248590391051, -0.668072399018932 ], [ 36.403035221315534, -0.667843356450509 ], [ 36.403203069202675, -0.667602191717805 ], [ 36.403264105161256, -0.667276717389007 ], [ 36.403046667654166, -0.66697530536611 ], [ 36.402699531089283, -0.666625707471438 ], [ 36.402558387595604, -0.666360479845466 ], [ 36.402436318452139, -0.665974698367944 ], [ 36.402436319065245, -0.665745594910803 ], [ 36.402352395912338, -0.665383937000911 ], [ 36.402245585533038, -0.665094586000515 ], [ 36.402031963645555, -0.664564129922836 ], [ 36.401730603212535, -0.664190409688057 ], [ 36.401455943946601, -0.664142164025252 ], [ 36.401276653462673, -0.664226592648705 ], [ 36.400975291447978, -0.664443574159979 ], [ 36.400738778332666, -0.664732924230368 ], [ 36.400666298550284, -0.664986090553588 ], [ 36.400689185775967, -0.66528750205281 ], [ 36.400689185097924, -0.665540668571917 ], [ 36.400448858138382, -0.665769711979978 ], [ 36.400185643533177, -0.665854079970596 ], [ 36.399983464403292, -0.665793833176019 ], [ 36.399670659146544, -0.665721464950871 ], [ 36.399491367855894, -0.665733525190341 ], [ 36.399334965016713, -0.665962629229951 ], [ 36.399228152184378, -0.666215795458326 ], [ 36.399205263408398, -0.666493084372815 ], [ 36.399144227900365, -0.666649820287642 ], [ 36.398953492625374, -0.666649819769937 ], [ 36.398667390277531, -0.666625696534642 ], [ 36.398247772672427, -0.666625695395423 ], [ 36.397885376149809, -0.666625694411402 ], [ 36.39756494029978, -0.666770368895676 ], [ 36.397206358556303, -0.666854736626103 ], [ 36.397000364065207, -0.666927044044906 ], [ 36.396557858491384, -0.666902979781677 ], [ 36.395600368497988, -0.666758301825355 ], [ 36.395035792683316, -0.666758300290649 ], [ 36.394715356994446, -0.666842669130584 ], [ 36.394547510266655, -0.667023527213252 ], [ 36.394581841798534, -0.667216387173787 ], [ 36.394749688264177, -0.667505738338284 ], [ 36.394990013866938, -0.667783027966592 ], [ 36.395325706575299, -0.668072379586256 ], [ 36.395588920276182, -0.668325546817256 ], [ 36.39564613984129, -0.668518466236085 ], [ 36.395562216428928, -0.668626958176855 ], [ 36.39521507895968, -0.668614895500838 ], [ 36.39486794045802, -0.668614894557259 ], [ 36.39422325601182, -0.668434034267056 ], [ 36.39370827139696, -0.668385847347272 ], [ 36.393506092007762, -0.668421970584119 ], [ 36.393422168174268, -0.668687198603748 ], [ 36.39357475603876, -0.66881981263918 ], [ 36.393864673101824, -0.668952427047965 ], [ 36.393921892796172, -0.66909710255634 ], [ 36.393876116179619, -0.669302084433757 ], [ 36.393708268483728, -0.669470880781473 ], [ 36.393517532819551, -0.669615496217586 ], [ 36.393204727302283, -0.669639617825161 ], [ 36.392907180645061, -0.669724045116523 ], [ 36.392544783667446, -0.669892782543614 ], [ 36.392125165218083, -0.670206253557516 ], [ 36.391659770183928, -0.670712585316641 ], [ 36.391289742449366, -0.671158671089414 ], [ 36.391072303713131, -0.671315407581184 ], [ 36.390881569274811, -0.671375653306393 ], [ 36.39067939046771, -0.67119485361863 ], [ 36.389958413789067, -0.670314738820487 ], [ 36.389828713666063, -0.670290616008999 ], [ 36.389721902738273, -0.670206247015148 ], [ 36.389733347111424, -0.670073633426745 ], [ 36.389802011567433, -0.669941019994098 ], [ 36.390042338531245, -0.66971197659318 ], [ 36.390175854178345, -0.669543179145993 ], [ 36.390152965599064, -0.66937438127274 ], [ 36.389924084332684, -0.669350258191016 ], [ 36.389756236992447, -0.669386441924772 ], [ 36.389554057602524, -0.669422624558201 ], [ 36.38906196017674, -0.66968785146433 ], [ 36.388844521602508, -0.669784280300904 ], [ 36.388630898260729, -0.669796341451363 ], [ 36.388356240219764, -0.669663727082987 ], [ 36.388031990782672, -0.669651664466704 ], [ 36.387864143442208, -0.669687848200082 ], [ 36.387719184875415, -0.669820461424858 ], [ 36.387478857975751, -0.670025382366875 ], [ 36.387314825608236, -0.670073626836309 ], [ 36.386990575008561, -0.670121870868839 ], [ 36.386616734434376, -0.670133931581939 ], [ 36.386139896743465, -0.67013393028142 ], [ 36.385624911997098, -0.670133928876594 ], [ 36.385132815186523, -0.670170051320389 ], [ 36.384942079715081, -0.670242418174827 ], [ 36.384713196993467, -0.670387092902334 ], [ 36.384655976228331, -0.670640259259357 ], [ 36.384678863676896, -0.670857241643967 ], [ 36.38482382149737, -0.671001917391205 ], [ 36.385014556611566, -0.671062224560475 ], [ 36.385216735645045, -0.671158654540503 ], [ 36.3853502503516, -0.67133951444676 ], [ 36.385384581492289, -0.671677049754668 ], [ 36.385407467187711, -0.672545100914433 ], [ 36.385479945676138, -0.672774144157615 ], [ 36.385586757149547, -0.673027310958765 ], [ 36.38552953583924, -0.673111680511243 ], [ 36.385289209490132, -0.673111679855717 ], [ 36.384942072083135, -0.673075555122796 ], [ 36.38469030171732, -0.673075554435893 ], [ 36.384415643253327, -0.673099676144383 ], [ 36.384259240318542, -0.672991124153563 ], [ 36.384030358700656, -0.672725895286599 ], [ 36.383793847714429, -0.672593281023108 ], [ 36.383553521300371, -0.672617402825077 ], [ 36.383385673829125, -0.672701771068861 ], [ 36.383168236090761, -0.672858507557833 ], [ 36.383038535284747, -0.673087610653237 ], [ 36.382954611057819, -0.673497513009011 ], [ 36.382943165936325, -0.673907416568428 ], [ 36.382893573311854, -0.674112338025938 ], [ 36.38274861464599, -0.674281135437036 ], [ 36.382534990880394, -0.674449872256255 ], [ 36.382367142986041, -0.674691036977739 ], [ 36.382271775229825, -0.674920080767014 ], [ 36.38203144822991, -0.675161184885642 ], [ 36.381886488726359, -0.675269675648299 ], [ 36.381707198335278, -0.675317921080682 ], [ 36.381577498309014, -0.675257614078935 ], [ 36.381527907561825, -0.675137061052758 ], [ 36.381527908341951, -0.674847770759995 ], [ 36.381649979917768, -0.674329316948097 ], [ 36.381661424844644, -0.673991781769685 ], [ 36.381539355122342, -0.673822983628953 ], [ 36.38132573177905, -0.673835044777651 ], [ 36.381024370178054, -0.673895349595492 ], [ 36.380703934419223, -0.674003839879215 ], [ 36.380497940761678, -0.674136453940122 ], [ 36.380246170135088, -0.674232882678949 ], [ 36.38017750457972, -0.674401680298159 ], [ 36.380177503961711, -0.674630724348367 ], [ 36.380211835328559, -0.674883890949817 ], [ 36.380307202296393, -0.675317917256003 ], [ 36.380330089354089, -0.675679574983523 ], [ 36.380234720401972, -0.675980986144229 ], [ 36.380150796629223, -0.67622209068853 ], [ 36.380021095496843, -0.676571747676208 ], [ 36.379719733797238, -0.676668176278241 ], [ 36.379445075461788, -0.676644053070081 ], [ 36.379048346948387, -0.676619929528184 ], [ 36.378884314416204, -0.67672848064176 ], [ 36.378605839968714, -0.677114260000185 ], [ 36.378319734891555, -0.677729083383289 ], [ 36.378006927807483, -0.678331906370347 ], [ 36.377839080748835, -0.678633256924128 ], [ 36.377839079902536, -0.678946730072712 ], [ 36.377839079186536, -0.679211957299699 ], [ 36.377888669640669, -0.679441001479583 ], [ 36.377923000942346, -0.679718290531631 ], [ 36.377743708052925, -0.680321113877211 ], [ 36.377434715257728, -0.681189103685981 ], [ 36.377385123404032, -0.681478453230994 ], [ 36.377491934104746, -0.681647251323298 ], [ 36.377659781025102, -0.681767804668729 ], [ 36.377900107019158, -0.681900418937189 ], [ 36.378174765193648, -0.681984788385726 ], [ 36.378426534976754, -0.682201831787184 ], [ 36.378426534307643, -0.682449826669621 ], [ 36.378426534196066, -0.682491182472812 ], [ 36.378367067991341, -0.682534753944458 ], [ 36.378163319290053, -0.682684041605146 ], [ 36.377709369267052, -0.682816654981908 ], [ 36.377362230563001, -0.682889021402874 ], [ 36.377099015526362, -0.683130125447857 ], [ 36.376919724710341, -0.683335046540448 ], [ 36.376751877301416, -0.683395352726335 ], [ 36.376439071777632, -0.683419474327541 ], [ 36.376152968130235, -0.683503842242191 ], [ 36.375996565282342, -0.683732885853416 ], [ 36.375901196295906, -0.684046358732402 ], [ 36.375935527848796, -0.684600936728361 ], [ 36.375878305885749, -0.684926470435017 ], [ 36.375565500231197, -0.684998777551116 ], [ 36.375073403248138, -0.685095205626195 ], [ 36.374821632161861, -0.685360433162243 ], [ 36.374596564147346, -0.685613599039411 ], [ 36.37430664685148, -0.685565412730993 ], [ 36.374054877393753, -0.685227816448269 ], [ 36.373948065464823, -0.685143447459467 ], [ 36.373684851045581, -0.685155508470562 ], [ 36.373410192283593, -0.685288121327819 ], [ 36.373169865311382, -0.685517164706709 ], [ 36.372918094908734, -0.685529225748909 ], [ 36.372536625065194, -0.685263996479496 ], [ 36.372296299005363, -0.68515550466852 ], [ 36.372139896449532, -0.68527605712449 ], [ 36.372055972478499, -0.685589529025413 ], [ 36.371983491296085, -0.685987370659922 ], [ 36.371865235698436, -0.68614404700326 ], [ 36.371602021148263, -0.686204351919553 ], [ 36.371277770377866, -0.686312843190157 ], [ 36.370991667826488, -0.686361087318775 ], [ 36.370644530283116, -0.686373147092253 ], [ 36.370331723431462, -0.686517821574794 ], [ 36.370140988661532, -0.686698620175147 ], [ 36.370091395935901, -0.686939785203479 ], [ 36.370118098127151, -0.687253198007105 ], [ 36.370163874248469, -0.687602854447573 ], [ 36.37003417330714, -0.687880143038248 ], [ 36.369671776186074, -0.688097125354113 ], [ 36.369240714224667, -0.688217676048211 ], [ 36.368992758369671, -0.688398534894093 ], [ 36.368882130260239, -0.688748131506047 ], [ 36.368691395228389, -0.689025419927605 ], [ 36.368439625150842, -0.6889169270799 ], [ 36.368237446864569, -0.68854320816121 ], [ 36.368092488042585, -0.688398532425383 ], [ 36.367829273426125, -0.688482900398449 ], [ 36.367493579147485, -0.688772250153899 ], [ 36.367291398837025, -0.689145967963108 ], [ 36.367279953644619, -0.68957999394448 ], [ 36.36736387562572, -0.690001958455115 ], [ 36.367325726937054, -0.690604720742436 ], [ 36.367302837891224, -0.690978440046404 ], [ 36.36742109231502, -0.691255729311896 ], [ 36.367600382829146, -0.691533018744302 ], [ 36.367733897438889, -0.691750061812789 ], [ 36.367745340313419, -0.692172026119443 ], [ 36.367672858378612, -0.692847156678184 ], [ 36.367600378683967, -0.693064138775886 ], [ 36.367363866257008, -0.693461979944223 ], [ 36.367196018029468, -0.693823637113718 ], [ 36.367134981470343, -0.694366154095071 ], [ 36.36702816946346, -0.694679625917411 ], [ 36.366860321300976, -0.695017161636047 ], [ 36.366764952180326, -0.695378878398698 ], [ 36.366860319440548, -0.695704353107 ], [ 36.367051054233755, -0.695885212141413 ], [ 36.367363859697541, -0.69588521299901 ], [ 36.367600371341759, -0.695776722500908 ], [ 36.367736650629126, -0.695745194852998 ], [ 36.36791317700132, -0.695704355993383 ], [ 36.368115355909509, -0.69584903187985 ], [ 36.368225981388598, -0.696102198661473 ], [ 36.368248865954186, -0.69775387159203 ], [ 36.368260309188457, -0.698043221277838 ], [ 36.368489191039082, -0.698224081420656 ], [ 36.368882104492144, -0.698272267001933 ], [ 36.36914532014378, -0.698175837301886 ], [ 36.369423792687613, -0.698127593155219 ], [ 36.369698452062764, -0.698139655638048 ], [ 36.369923519070987, -0.69826020912992 ], [ 36.370140957230788, -0.698320515358458 ], [ 36.370259212732115, -0.698199963813335 ], [ 36.370343136606166, -0.697922674106302 ], [ 36.370415617039498, -0.697802122435626 ], [ 36.370655943624328, -0.697717693998661 ], [ 36.370964934082728, -0.697717694844411 ], [ 36.371266295301751, -0.697802124763965 ], [ 36.371613433849333, -0.697790063983171 ], [ 36.371781279968189, -0.69783824995424 ], [ 36.371792723268733, -0.698103477184863 ], [ 36.371865202627291, -0.698380766312823 ], [ 36.371937681506878, -0.698465195605568 ], [ 36.372200895571943, -0.698585749200915 ], [ 36.372403074872089, -0.698585749753925 ], [ 36.372609069210377, -0.698573688586663 ], [ 36.372979094792072, -0.698561628874632 ], [ 36.373288086543482, -0.698453138574857 ], [ 36.373494079849124, -0.698453139138045 ], [ 36.373661926837912, -0.698549569010923 ], [ 36.373959472400877, -0.698875103662052 ], [ 36.374440124203531, -0.699212641145947 ], [ 36.374607971029853, -0.699369377657612 ], [ 36.374642302267716, -0.699670789133275 ], [ 36.37456982234702, -0.699972200316524 ], [ 36.374569821469038, -0.700297674754113 ], [ 36.374737667937929, -0.700587024862407 ], [ 36.374989437564139, -0.700864314475679 ], [ 36.375336574527402, -0.70106923698629 ], [ 36.375710415465306, -0.701298342427829 ], [ 36.37592403842536, -0.701430956608123 ], [ 36.376080440072926, -0.701647939320526 ], [ 36.376152918303269, -0.701973474357039 ], [ 36.37629406179834, -0.702238701935119 ], [ 36.376522943326627, -0.702540054539088 ], [ 36.377015038531965, -0.70310669444971 ], [ 36.377396507962942, -0.703528659737504 ], [ 36.377659721997453, -0.703661274050789 ], [ 36.37796108315387, -0.703769767020836 ], [ 36.37801830294687, -0.703878258318118 ], [ 36.37807933861572, -0.704034994533337 ], [ 36.378128929040173, -0.704276159808656 ], [ 36.378201407758731, -0.70442077492691 ], [ 36.378426474704398, -0.704565450865389 ], [ 36.378655356590833, -0.704734249267716 ], [ 36.378678243943455, -0.704987415795103 ], [ 36.378678243132164, -0.705288827166956 ], [ 36.378750721688618, -0.705493748921549 ], [ 36.378884236822614, -0.705517871739108 ], [ 36.380330008814397, -0.705578182316387 ], [ 36.380524557779971, -0.705698735716549 ], [ 36.380631369323119, -0.705927780017434 ], [ 36.380536001208242, -0.706289496757993 ], [ 36.380547444609356, -0.706518540798309 ], [ 36.380715290211221, -0.7067596469944 ], [ 36.380967059743732, -0.707073119771997 ], [ 36.381901659934051, -0.707892928336044 ], [ 36.382450976263698, -0.708447448259731 ], [ 36.382485307731827, -0.708664491033721 ], [ 36.382584489361733, -0.708857351126509 ], [ 36.382763780337754, -0.70896590315651 ], [ 36.383038438391615, -0.709098517494632 ], [ 36.383217729270712, -0.70924319330302 ], [ 36.383385574809068, -0.709508420940812 ], [ 36.383408463163406, -0.709761587460756 ], [ 36.383362685123942, -0.710123244930761 ], [ 36.38320628217808, -0.710388472691989 ], [ 36.382965955592404, -0.710472840722393 ], [ 36.382798108827139, -0.710292041167793 ], [ 36.382450972280068, -0.709930323231612 ], [ 36.38210383385853, -0.709894198508544 ], [ 36.381829175351079, -0.709930321539619 ], [ 36.381371410440266, -0.710014748375594 ], [ 36.381096751479056, -0.71021966917922 ], [ 36.380906015740287, -0.710388466432697 ], [ 36.380886850594877, -0.710431895050976 ], [ 36.380703835206603, -0.710846613287004 ], [ 36.380547432097806, -0.711172087277956 ], [ 36.380234624819614, -0.711473497787189 ], [ 36.379792119444424, -0.711738724767001 ], [ 36.379372500973375, -0.71205219570721 ], [ 36.37910928563921, -0.712401791857451 ], [ 36.37890710546089, -0.7127273251182 ], [ 36.378548522469885, -0.712896061507444 ], [ 36.378258604873309, -0.712956367352273 ], [ 36.377900022946761, -0.713101041692828 ], [ 36.376992122710028, -0.713426513631192 ], [ 36.376320734119162, -0.713643554475462 ], [ 36.375767601640426, -0.713884657689718 ], [ 36.37533653934446, -0.714125761236323 ], [ 36.375195394320983, -0.714427173214293 ], [ 36.375000844412128, -0.714656216682362 ], [ 36.374726186097135, -0.714620092155513 ], [ 36.374440083175493, -0.714431551471334 ], [ 36.372254257324684, -0.715013545851322 ], [ 36.365639560284002, -0.715789469162418 ], [ 36.352600899894298, -0.71753531560374 ], [ 36.352219402064861, -0.727937941233816 ], [ 36.333065777217101, -0.728174132540531 ], [ 36.282837579438386, -0.728786956523569 ], [ 36.282910052766169, -0.730859933092293 ], [ 36.282952013989267, -0.731161644553016 ], [ 36.283074082675768, -0.73170008062579 ], [ 36.28332966412875, -0.733113469084645 ], [ 36.283421214924303, -0.733954757036029 ], [ 36.283418011718013, -0.734026967326375 ], [ 36.283375434975845, -0.734986744940875 ], [ 36.283329656778321, -0.735749483773692 ], [ 36.283219029418333, -0.736175768558132 ], [ 36.283172268008386, -0.736296814579501 ], [ 36.282772705504868, -0.737331128042384 ], [ 36.282284421463828, -0.738149972131247 ], [ 36.281983058994896, -0.73850892875274 ], [ 36.281616846518922, -0.738834220877868 ], [ 36.281223931282689, -0.739058583414344 ], [ 36.280724205036805, -0.739226840139341 ], [ 36.280369437047348, -0.739383875165109 ], [ 36.279953633775051, -0.739608177231474 ], [ 36.279442461602756, -0.740101727080349 ], [ 36.278317122597066, -0.7409094086559 ], [ 36.278004315389794, -0.741167374316073 ], [ 36.277336740313849, -0.74189650846195 ], [ 36.276112218271756, -0.743018202399263 ], [ 36.275463716128684, -0.743780999894921 ], [ 36.275166168253627, -0.744285771436317 ], [ 36.275040281521086, -0.744835368470469 ], [ 36.274952541189528, -0.745620610754671 ], [ 36.275040277383134, -0.74631608371398 ], [ 36.275143272569714, -0.747022717410618 ], [ 36.275108937917523, -0.747594817301695 ], [ 36.275040272775854, -0.747964995661646 ], [ 36.274929644693813, -0.748290288490228 ], [ 36.274845721154037, -0.748436463583634 ], [ 36.256497037231817, -0.734639532264598 ], [ 36.239823004618046, -0.722530940192707 ], [ 36.236889503113346, -0.720408449918001 ], [ 36.229376588639859, -0.715098851975205 ], [ 36.228970195832872, -0.714811642495691 ], [ 36.229202899821274, -0.71213788348706 ], [ 36.231812234201534, -0.685036236270893 ], [ 36.236328846649833, -0.68376039574222 ], [ 36.241616028429398, -0.682417410980713 ], [ 36.251053610980563, -0.679815384956489 ], [ 36.253220363746848, -0.679278215727929 ], [ 36.259209451547875, -0.677918430395428 ], [ 36.263344593844636, -0.676457889362421 ], [ 36.265763117959068, -0.675568183185287 ], [ 36.269112430161108, -0.674426632976271 ], [ 36.278810383924977, -0.669314853787048 ], [ 36.281460641763346, -0.667917906069313 ], [ 36.28232276607288, -0.667548329813459 ], [ 36.282505871548118, -0.667475243138229 ], [ 36.271759873138571, -0.660577309497654 ], [ 36.269059080970322, -0.654275141037629 ], [ 36.264576778752797, -0.663695215325548 ], [ 36.24849399211746, -0.66329834804721 ], [ 36.227845006971933, -0.662788894731834 ], [ 36.167660436856195, -0.663223042932679 ], [ 36.125378272362454, -0.662137102474438 ], [ 36.106609895797931, -0.674515922917404 ], [ 36.100745782821612, -0.678508465571834 ], [ 36.100712352701876, -0.67853122581211 ], [ 36.100635477994395, -0.678394519562503 ], [ 36.100475842602023, -0.678110640992458 ], [ 36.100472028228424, -0.677900199429885 ], [ 36.100458330736309, -0.677391334394971 ], [ 36.100456771907908, -0.67733343988402 ], [ 36.100437384732167, -0.677049208373959 ], [ 36.100365222800448, -0.675991279096293 ], [ 36.10027367371503, -0.674642036900439 ], [ 36.100082946809444, -0.671852224163601 ], [ 36.099922736622524, -0.669505018001471 ], [ 36.099815929155874, -0.667943534100078 ], [ 36.099789228327438, -0.667540531575066 ], [ 36.099224685156194, -0.656348576642743 ], [ 36.098805089140228, -0.649505457312343 ], [ 36.098770757817462, -0.648931856832393 ], [ 36.098656323298506, -0.647056540102853 ], [ 36.098629621907776, -0.646509463173592 ], [ 36.098591476923005, -0.645822090138222 ], [ 36.098377865749526, -0.641794467618077 ], [ 36.098316831348008, -0.641234308000418 ], [ 36.097862884833518, -0.640185457127052 ], [ 36.096298864068295, -0.638008362953242 ], [ 36.092850387466648, -0.632866773030878 ], [ 36.09082478956654, -0.629855890335154 ], [ 36.088890744957361, -0.62679868379206 ], [ 36.08760519665303, -0.624621591304006 ], [ 36.084381783212116, -0.6208894892377 ], [ 36.082314221582124, -0.618446806519521 ], [ 36.080334399643796, -0.615823144622897 ], [ 36.07782052013723, -0.612475685194635 ], [ 36.071888680070629, -0.605057087270697 ], [ 36.068653827835632, -0.599990743679169 ], [ 36.064018987444506, -0.59204223310093 ], [ 36.063740515813713, -0.591464191970212 ], [ 36.063385753649072, -0.590046601853811 ], [ 36.063069136189455, -0.589069397691185 ], [ 36.061207579513656, -0.582878301023082 ], [ 36.059510054759095, -0.577125669687067 ], [ 36.059101886409266, -0.575748943843742 ], [ 36.057694274990894, -0.571007479823237 ], [ 36.057133316340035, -0.569010987830153 ], [ 36.056576535652745, -0.567029369392674 ], [ 36.056488842489813, -0.566717263923236 ], [ 36.055966232519161, -0.565168859457197 ], [ 36.055676317261643, -0.564469965234914 ], [ 36.055485584946922, -0.563835578121964 ], [ 36.055195670752234, -0.562792547278588 ], [ 36.072476288044491, -0.557980154043237 ], [ 36.072982187239411, -0.557823461718905 ], [ 36.075062659150795, -0.557179077681795 ], [ 36.071778224186218, -0.549468194357498 ], [ 36.071419646487371, -0.5479039482477 ], [ 36.070958072857884, -0.54627081467756 ], [ 36.070534644387756, -0.544929312386403 ], [ 36.069874707800388, -0.542868513393722 ], [ 36.069607680878633, -0.542071388623561 ], [ 36.069279620965368, -0.540593791583419 ], [ 36.069085074581494, -0.539330117950523 ], [ 36.069008782927668, -0.538532992755038 ], [ 36.068751519604312, -0.537221798814898 ], [ 36.068737943798361, -0.537152606599347 ], [ 36.067734686339946, -0.533925283731225 ], [ 36.073159202464574, -0.531125644652806 ], [ 36.073384271919394, -0.530428251975789 ], [ 36.073979369665871, -0.52915143877495 ], [ 36.074185364931289, -0.528832206456357 ], [ 36.074513429767663, -0.528707333566029 ], [ 36.0764322253942, -0.528388106577266 ], [ 36.078030586534297, -0.528082798770316 ], [ 36.078831675319293, -0.527860718629035 ], [ 36.079233895152278, -0.527769782137554 ], [ 36.07950687771752, -0.527708063835003 ], [ 36.079987530890257, -0.527541488253508 ], [ 36.080372818080775, -0.527000232247252 ], [ 36.080235488998603, -0.526639413483414 ], [ 36.079781542695713, -0.525556838262615 ], [ 36.079491628022964, -0.52466862360475 ], [ 36.079297082163514, -0.523558325597095 ], [ 36.078900359649751, -0.521268302793884 ], [ 36.078679110542929, -0.520227432441663 ], [ 36.078568488909966, -0.518756256926541 ], [ 36.07841590155401, -0.518478667245129 ], [ 36.077919991666882, -0.517895763703319 ], [ 36.07765677867188, -0.517451655991509 ], [ 36.077519452853785, -0.516355219918957 ], [ 36.077408829645933, -0.515397638430588 ], [ 36.077271502463837, -0.514745309246912 ], [ 36.077229545313294, -0.513149260997755 ], [ 36.077149437612483, -0.512691232656719 ], [ 36.077086651418476, -0.512401316732255 ], [ 36.077050256885684, -0.512233263653054 ], [ 36.076996851282466, -0.512080607590519 ], [ 36.076859526961471, -0.510498419812122 ], [ 36.076817569447606, -0.509346478442979 ], [ 36.076790869399808, -0.508374974990823 ], [ 36.077229564861582, -0.506792789989792 ], [ 36.07751948507191, -0.505876794082965 ], [ 36.07759543081071, -0.503719668203398 ], [ 36.077618675873453, -0.503059436585036 ], [ 36.077698787330256, -0.502296096919641 ], [ 36.077656827537076, -0.501560508646182 ], [ 36.077656828647463, -0.501199660068312 ], [ 36.077725495277477, -0.500700047795865 ], [ 36.077866639620787, -0.500325308668167 ], [ 36.077935307873844, -0.499298270718584 ], [ 36.077649208801319, -0.498222026269268 ], [ 36.077502266298794, -0.497996208148653 ], [ 36.07699850100493, -0.497222031111679 ], [ 36.076642132212442, -0.496674369865884 ], [ 36.074856860250456, -0.493612300270796 ], [ 36.074959857517548, -0.493570446412476 ], [ 36.075219257998, -0.493527393009255 ], [ 36.075448139808891, -0.493363815701151 ], [ 36.07577239080068, -0.493182988212578 ], [ 36.076157675476132, -0.493131323553942 ], [ 36.076825248423553, -0.493114104354752 ], [ 36.077092277728205, -0.493131326470528 ], [ 36.077111237757265, -0.493130121462756 ], [ 36.077363121144039, -0.493114106032978 ], [ 36.077595818614824, -0.493062440897696 ], [ 36.077721703783432, -0.493062441290401 ], [ 36.077782738493944, -0.493182994485806 ], [ 36.077939141146643, -0.493363823474364 ], [ 36.078133690062607, -0.493475766444761 ], [ 36.078415978308229, -0.493518821538239 ], [ 36.078641045705552, -0.493487678759706 ], [ 36.079461200932315, -0.495395913378723 ], [ 36.080052590855978, -0.496653912482374 ], [ 36.081845374542056, -0.500467505870401 ], [ 36.083027924135287, -0.503071934981796 ], [ 36.090802292800355, -0.501378280389047 ], [ 36.096985958758161, -0.499857798077374 ], [ 36.097481841795947, -0.499735867378624 ], [ 36.096749434636727, -0.494560438921836 ], [ 36.096709067558571, -0.494241375931776 ], [ 36.096245906139096, -0.490580576417674 ], [ 36.102376142548302, -0.487223090580272 ], [ 36.109322742506031, -0.478444515145689 ], [ 36.110757076091417, -0.476573971668737 ], [ 36.111138554219515, -0.474071048638483 ], [ 36.114636626346233, -0.477176537279809 ], [ 36.114762510665109, -0.477454637334968 ], [ 36.114762508596549, -0.478134449160218 ], [ 36.114926540688437, -0.478175013207922 ], [ 36.115227902465705, -0.478049571392729 ], [ 36.115449156484623, -0.477810086902957 ], [ 36.115498748260791, -0.477576332244313 ], [ 36.115552155232898, -0.477279811425145 ], [ 36.115620819843237, -0.477108762592657 ], [ 36.115987032208018, -0.476817973097324 ], [ 36.116078585917684, -0.476624123701939 ], [ 36.116234990388691, -0.476207889807941 ], [ 36.116345616845791, -0.476105249043737 ], [ 36.116643163322294, -0.476076747155633 ], [ 36.1168529717879, -0.476014010825047 ], [ 36.117367959005364, -0.475506569461573 ], [ 36.117764689240964, -0.474942060711703 ], [ 36.117840986166392, -0.474012682450574 ], [ 36.117871504934392, -0.473773197369327 ], [ 36.11785624688217, -0.473454923716819 ], [ 36.117722732283426, -0.473265602946047 ], [ 36.117711289182836, -0.472964912007831 ], [ 36.117722733773483, -0.472775591683267 ], [ 36.117955431653058, -0.472586272040126 ], [ 36.118661152623964, -0.472241058247508 ], [ 36.118741262236405, -0.472074000161798 ], [ 36.118729818695385, -0.471918104520227 ], [ 36.118573416405496, -0.471617412127371 ], [ 36.118497123220195, -0.471316719980798 ], [ 36.11849712386352, -0.471105137591887 ], [ 36.118573418775618, -0.470837869662242 ], [ 36.118695489679645, -0.470592863901333 ], [ 36.11880611667037, -0.47031443435741 ], [ 36.11897396453233, -0.470102852484644 ], [ 36.119195218226807, -0.469969219586632 ], [ 36.11945843304369, -0.469813293580758 ], [ 36.119637723649461, -0.469690821266167 ], [ 36.119778868544117, -0.469456947080297 ], [ 36.11974835228294, -0.469200810337584 ], [ 36.119767425747824, -0.469056044292305 ], [ 36.119969605112509, -0.469022622173848 ], [ 36.12015652569422, -0.468911250190838 ], [ 36.12024426462073, -0.46864398229424 ], [ 36.120244266042278, -0.468176263253489 ], [ 36.120290043981875, -0.467886702996581 ], [ 36.120454076838165, -0.467675121109966 ], [ 36.12087369439881, -0.467341036940207 ], [ 36.121018654500844, -0.467040345470168 ], [ 36.121030099226417, -0.466806470882645 ], [ 36.120942362635489, -0.466305327820579 ], [ 36.120953807564113, -0.466004666140549 ], [ 36.120984326382199, -0.465748528575703 ], [ 36.121186506219829, -0.465559208833308 ], [ 36.121407758946859, -0.465414414213064 ], [ 36.121606123576392, -0.465291912759554 ], [ 36.121815933288318, -0.46514714729932 ], [ 36.122079148610815, -0.464824194162325 ], [ 36.122323289299423, -0.464701691842653 ], [ 36.122567430751133, -0.464657138334833 ], [ 36.122765795008164, -0.46465713894525 ], [ 36.122876421489735, -0.464545796927539 ], [ 36.122887867384115, -0.464256236561143 ], [ 36.122864978997185, -0.464044654096284 ], [ 36.122834462397464, -0.463899858700221 ], [ 36.122987050933261, -0.463788517818155 ], [ 36.123196859610829, -0.463654883874529 ], [ 36.123429558264988, -0.463209427569907 ], [ 36.123563073114227, -0.4629866848724 ], [ 36.12388351001686, -0.462496673570405 ], [ 36.124062800823651, -0.462307354761679 ], [ 36.12424972153871, -0.46215145871807 ], [ 36.124380384138625, -0.462009519936612 ], [ 36.124413754291801, -0.461973270373127 ], [ 36.124445327572467, -0.461894268608047 ], [ 36.124493864003995, -0.461772818734453 ], [ 36.124524382888808, -0.461494420143688 ], [ 36.124615935514299, -0.461327362086344 ], [ 36.124779968199526, -0.461171465971755 ], [ 36.12502410965007, -0.461126912462989 ], [ 36.125199585910444, -0.461115781484863 ], [ 36.125367433330005, -0.461048965712599 ], [ 36.12543228412369, -0.460815090277536 ], [ 36.125333102502829, -0.460648032639914 ], [ 36.125287325950801, -0.460481005368562 ], [ 36.12542084173166, -0.46028055389302 ], [ 36.125333104125637, -0.460113496290247 ], [ 36.125077519032544, -0.460035547697591 ], [ 36.124825749012125, -0.459935305878847 ], [ 36.124726567290011, -0.459801670982652 ], [ 36.124657902945494, -0.459556665631505 ], [ 36.124505315492797, -0.459311659015116 ], [ 36.124459540144024, -0.459077814447165 ], [ 36.124726570705882, -0.458676882298599 ], [ 36.124734200628829, -0.458376220598491 ], [ 36.124535839992788, -0.45718461400181 ], [ 36.124593061115164, -0.456839367990044 ], [ 36.124581617675439, -0.456650077785989 ], [ 36.124402327053843, -0.45644959614975 ], [ 36.124184890942182, -0.456065154911874 ], [ 36.123860642267282, -0.455491863120097 ], [ 36.123517322059847, -0.454756873812543 ], [ 36.123463916634421, -0.454545262050814 ], [ 36.123345661372369, -0.454252519977623 ], [ 36.123288442051084, -0.454005084387292 ], [ 36.123441030999125, -0.453757648436104 ], [ 36.123536398915441, -0.45349647132176 ], [ 36.123467737585308, -0.45258923476799 ], [ 36.123425777286734, -0.452011883657369 ], [ 36.123547848487952, -0.451668227480402 ], [ 36.123643217111649, -0.451503270494251 ], [ 36.123643217863808, -0.451255864273124 ], [ 36.123605071776232, -0.450939690582145 ], [ 36.124913514367911, -0.450967177591591 ], [ 36.125325502312926, -0.450829734762203 ], [ 36.12551623793297, -0.450706002036348 ], [ 36.130894967562149, -0.450788496712128 ], [ 36.14133962181571, -0.450816041918821 ], [ 36.153302528096049, -0.450802307259974 ], [ 36.156510692072743, -0.450836700201782 ], [ 36.156274207406149, -0.4419755921436 ], [ 36.156052984127051, -0.432336111112699 ], [ 36.155994902377806, -0.428574598851044 ], [ 36.155900425687655, -0.422456065521427 ], [ 36.155879583815931, -0.420745340117715 ], [ 36.155778384729906, -0.412438573559034 ], [ 36.155625825520161, -0.402833445740365 ], [ 36.155618198030368, -0.402330016510941 ], [ 36.155473268740039, -0.392764408968874 ], [ 36.15540716670904, -0.387784383800115 ], [ 36.15533596984033, -0.382420452454314 ], [ 36.155234297226635, -0.37564111537829 ], [ 36.155191040904107, -0.372756877463028 ], [ 36.155183413434536, -0.372248292671689 ], [ 36.155144609916803, -0.369431243542647 ], [ 36.15512742367433, -0.36818358188981 ], [ 36.155103321944722, -0.366433856087457 ], [ 36.155095693904165, -0.366114082302994 ], [ 36.155011772303418, -0.365289324613616 ], [ 36.154859187298939, -0.364241163109884 ], [ 36.152433064441894, -0.355340531264346 ], [ 36.149362261502624, -0.344927827374905 ], [ 36.146699629453202, -0.335064962415436 ], [ 36.145227637736525, -0.329170084401573 ], [ 36.14429258209465, -0.325425471383584 ], [ 36.156785740293991, -0.321799954807121 ], [ 36.158324133438768, -0.321336604502753 ], [ 36.158364601521413, -0.321324416027852 ], [ 36.159295816423935, -0.321043942175226 ], [ 36.15923329809555, -0.320799529707284 ], [ 36.160430740696057, -0.32137608323846 ], [ 36.177384389892723, -0.330958127935958 ], [ 36.18779451941883, -0.339042965937463 ], [ 36.195230330452461, -0.343534547015897 ], [ 36.204153328567259, -0.340540201679886 ], [ 36.213373757160397, -0.338144731410194 ], [ 36.222697663972816, -0.335015850400946 ], [ 36.223189055014586, -0.334850950916326 ], [ 36.223471798482784, -0.334800346981919 ], [ 36.223722266224613, -0.335995624730538 ], [ 36.224126618687038, -0.33801982127456 ], [ 36.224389829155129, -0.339313409204155 ], [ 36.224614894254579, -0.340379423485824 ], [ 36.224851403076869, -0.341205831716382 ], [ 36.225435045502117, -0.343313887170154 ], [ 36.22560288915038, -0.344511644241442 ], [ 36.225770731808069, -0.346044717130888 ], [ 36.226648107850174, -0.347721567664115 ], [ 36.22954344914212, -0.353483478164733 ], [ 36.229635003803907, -0.352955752509111 ], [ 36.229696039403727, -0.352776123138114 ], [ 36.229814295927689, -0.352644350318914 ], [ 36.230050807657342, -0.352488693959147 ], [ 36.230409391127239, -0.352129347330367 ], [ 36.230455167532973, -0.352009544429948 ], [ 36.230455167992318, -0.351853827965474 ], [ 36.230455168628225, -0.351638254782127 ], [ 36.230493316449163, -0.351374736738633 ], [ 36.230539093278743, -0.351111219724436 ], [ 36.230634461846812, -0.350955562942232 ], [ 36.230790864519911, -0.350787875802255 ], [ 36.230909121184965, -0.350608157001353 ], [ 36.230981600726821, -0.350452501157227 ], [ 36.231050266228998, -0.350308786241851 ], [ 36.231172336792326, -0.350165011081682 ], [ 36.231279149549948, -0.34994943821651 ], [ 36.231324925919964, -0.349841666862166 ], [ 36.231324926344016, -0.349697891337036 ], [ 36.231302038635846, -0.349590120784189 ], [ 36.231302039165755, -0.349410461027015 ], [ 36.231313483638083, -0.349254744595567 ], [ 36.231374519308233, -0.349051113540172 ], [ 36.231443184845666, -0.348895427481775 ], [ 36.231527108612362, -0.348667883404936 ], [ 36.231656810138034, -0.348200673990151 ], [ 36.231763622354542, -0.347829445061961 ], [ 36.231847547933953, -0.347326322081726 ], [ 36.231847548499083, -0.347134721382981 ], [ 36.231752180920552, -0.346955092548522 ], [ 36.231645370329161, -0.346775402268572 ], [ 36.23150422684003, -0.346547858524622 ], [ 36.231420303274689, -0.346368198515049 ], [ 36.231374527929347, -0.346128682906384 ], [ 36.231374528777565, -0.345841193264229 ], [ 36.23137452966121, -0.345541701270245 ], [ 36.23142030652599, -0.345266212102457 ], [ 36.231504231681534, -0.344906863639001 ], [ 36.231599599673174, -0.34460743233366 ], [ 36.23168352447496, -0.344367947313716 ], [ 36.231729301304377, -0.344104429287711 ], [ 36.231836113485606, -0.343745112100445 ], [ 36.231992516804262, -0.343697167592865 ], [ 36.23215654920206, -0.343625340220318 ], [ 36.232347284665288, -0.343541541784902 ], [ 36.232515132244224, -0.343409737901547 ], [ 36.232633387696168, -0.343301937566379 ], [ 36.232751643830099, -0.343301937919754 ], [ 36.232919489843439, -0.343361854539086 ], [ 36.233087336927767, -0.343397709070979 ], [ 36.233251369078012, -0.34340974010135 ], [ 36.233480251337198, -0.343409740785098 ], [ 36.233682430566084, -0.343409741389035 ], [ 36.23388460968917, -0.343445656427698 ], [ 36.234060085817113, -0.343469629439332 ], [ 36.234216488994399, -0.343469569502038 ], [ 36.234395779197214, -0.343469630441837 ], [ 36.234525479379421, -0.343457629484258 ], [ 36.234681882414968, -0.34350563533071 ], [ 36.234964169628789, -0.343541519399382 ], [ 36.23516634864589, -0.34361337806788 ], [ 36.235322751787763, -0.343625319475204 ], [ 36.23559740999282, -0.34366123372306 ], [ 36.23583392101343, -0.343745124040905 ], [ 36.236047544043558, -0.343816981736566 ], [ 36.236276426055667, -0.343900841829263 ], [ 36.236478605143503, -0.343948727003113 ], [ 36.236715116305326, -0.343984671338954 ], [ 36.236856260465132, -0.343984671760035 ], [ 36.237046995716319, -0.343972701186363 ], [ 36.237249175050898, -0.343936788361577 ], [ 36.237405577474846, -0.343852929418386 ], [ 36.237714569353287, -0.34367333199134 ], [ 36.237916748723315, -0.343625327214885 ], [ 36.238096039926141, -0.343625327749559 ], [ 36.238248627993045, -0.343661241632532 ], [ 36.23838214186204, -0.343757072583007 ], [ 36.238477508793558, -0.343816988984948 ], [ 36.238664430005073, -0.343816989542232 ], [ 36.238866609304303, -0.343793017657505 ], [ 36.239084046550296, -0.343793018305695 ], [ 36.239225190569044, -0.343840904303722 ], [ 36.239366334446572, -0.343936794674354 ], [ 36.239557069345267, -0.344044566735461 ], [ 36.239759248257016, -0.344152338830626 ], [ 36.239904206209594, -0.344224196320548 ], [ 36.240022462167147, -0.344284113797141 ], [ 36.24012927304139, -0.344367972518159 ], [ 36.240270416813885, -0.344499627318814 ], [ 36.240392486564389, -0.34463143106001 ], [ 36.240545074384748, -0.344751234553982 ], [ 36.240640442387004, -0.344787178468127 ], [ 36.240808288576993, -0.344787178968114 ], [ 36.240987579850412, -0.344763207014737 ], [ 36.241201203444149, -0.344643465015958 ], [ 36.241403383130823, -0.344487718948688 ], [ 36.241594118733879, -0.344355975536757 ], [ 36.241819186129192, -0.344308091636502 ], [ 36.241960330253718, -0.344320032997225 ], [ 36.242067142127972, -0.344403921920172 ], [ 36.242212100116113, -0.344463748869359 ], [ 36.242376132301636, -0.344463749357706 ], [ 36.242593570336552, -0.34453554766521 ], [ 36.242711825223651, -0.344619497026391 ], [ 36.242795748966557, -0.344739300315576 ], [ 36.242925448042996, -0.344763212784611 ], [ 36.243150516297632, -0.344763213454474 ], [ 36.243375583552165, -0.344763214124264 ], [ 36.243554873614116, -0.344811159632552 ], [ 36.243722720592885, -0.344883018196474 ], [ 36.24377994127056, -0.345014821743981 ], [ 36.243818087786238, -0.345194421211927 ], [ 36.243818087328904, -0.345350137678767 ], [ 36.243818086660717, -0.345577651805546 ], [ 36.243818085921866, -0.345829229026025 ], [ 36.243818085253544, -0.346056802550095 ], [ 36.243863860812908, -0.346224490295314 ], [ 36.243997374788449, -0.346284317209788 ], [ 36.244127074935356, -0.346284317595603 ], [ 36.244222442324535, -0.346188547732129 ], [ 36.244401733738705, -0.346116630803576 ], [ 36.244565766064994, -0.346068746721242 ], [ 36.244745057303028, -0.346056805307365 ], [ 36.244958680404359, -0.346104691519565 ], [ 36.245187562417314, -0.346188550602376 ], [ 36.245424073263479, -0.346332207029604 ], [ 36.245672028122257, -0.34647598228593 ], [ 36.245935243209253, -0.346547901536932 ], [ 36.246221345392762, -0.346595786957427 ], [ 36.246602815684156, -0.346643673667973 ], [ 36.246873658990829, -0.346643674472809 ], [ 36.247171205503371, -0.346583788435367 ], [ 36.247495456186506, -0.34647598770482 ], [ 36.247922702915751, -0.346392190976306 ], [ 36.248338505772594, -0.34626041803018 ], [ 36.248681829512165, -0.346140616011086 ], [ 36.249028967291139, -0.346008812658496 ], [ 36.249276922816975, -0.34592507479458 ], [ 36.249646949410916, -0.345865159776039 ], [ 36.249921607861765, -0.345817275014395 ], [ 36.250123787546528, -0.345661559148137 ], [ 36.25073032702133, -0.345050726629119 ], [ 36.253316703414939, -0.3421557272432 ], [ 36.263807131913332, -0.342256358776476 ], [ 36.264009308751817, -0.343075595874596 ], [ 36.265950969957778, -0.35062143220358 ], [ 36.267606531224537, -0.357362372057966 ], [ 36.268491531040134, -0.360869356509753 ], [ 36.269319313427737, -0.363815821308595 ], [ 36.271146533921232, -0.371261056337354 ], [ 36.272916535473627, -0.377987594676372 ], [ 36.274743756591995, -0.385245999626759 ], [ 36.276693048479252, -0.39264874907106 ], [ 36.293863075793276, -0.373431463248644 ], [ 36.311979106518493, -0.368892154818885 ], [ 36.312505536494591, -0.368760232167178 ], [ 36.314598021279437, -0.384755054093228 ], [ 36.314763789861935, -0.386022178344136 ], [ 36.314884546970362, -0.386033155174699 ], [ 36.316503293423743, -0.386180299873205 ], [ 36.323529971891546, -0.387114588567944 ], [ 36.334142466588361, -0.38872500977205 ], [ 36.335180065341163, -0.388882500039612 ], [ 36.343629639879921, -0.385404254917572 ], [ 36.361043773306612, -0.37808808997397 ], [ 36.361162027877072, -0.378289501661456 ], [ 36.361303170186233, -0.378950861544676 ], [ 36.361390907039031, -0.379396409519946 ], [ 36.361463384834167, -0.379856357855039 ], [ 36.361490086939519, -0.380186932969867 ], [ 36.361490086215468, -0.380445680156197 ], [ 36.361547306556766, -0.380704368106869 ], [ 36.36161978503597, -0.380919971671393 ], [ 36.361692262670871, -0.381437376648283 ], [ 36.361734223954635, -0.381710464958494 ], [ 36.361760926100381, -0.3820266990654 ], [ 36.361875366225739, -0.382385987647408 ], [ 36.362020323064215, -0.38286033759379 ], [ 36.362176724112409, -0.383621998978818 ], [ 36.362317865343961, -0.384311982471337 ], [ 36.362432305108328, -0.384800645145319 ], [ 36.362619224835036, -0.385332451849981 ], [ 36.362745108974337, -0.385691799858025 ], [ 36.362916768844862, -0.386166090477095 ], [ 36.363019765159144, -0.386453581372809 ], [ 36.363103687612416, -0.386683556173494 ], [ 36.363145648897209, -0.38695664548573 ], [ 36.363134204080872, -0.387244075652312 ], [ 36.363118943978691, -0.387632227085397 ], [ 36.36307698092665, -0.387991485015746 ], [ 36.363076980123466, -0.388278915213735 ], [ 36.363076979520919, -0.388494547763107 ], [ 36.363103681628083, -0.388825033268905 ], [ 36.363218122236852, -0.389012013325988 ], [ 36.363473706927813, -0.389227556998349 ], [ 36.3636339235495, -0.389428758388266 ], [ 36.363889507959399, -0.389744992128091 ], [ 36.364030651479027, -0.389974967088149 ], [ 36.364187053498071, -0.390032424173021 ], [ 36.364461710970481, -0.39033425655607 ], [ 36.364732554238032, -0.390707946980113 ], [ 36.364915658926492, -0.390894837630041 ], [ 36.365060617410983, -0.391139153605261 ], [ 36.365129280767526, -0.391397931178817 ], [ 36.365144539183397, -0.39161347416925 ], [ 36.365331458716419, -0.391857760060296 ], [ 36.365472601996032, -0.392174024682311 ], [ 36.365560339495403, -0.392389567877063 ], [ 36.365560338973886, -0.392576457001396 ], [ 36.365560338292134, -0.392820773572119 ], [ 36.365545078713048, -0.393022004665253 ], [ 36.365503117223582, -0.393180121053154 ], [ 36.365415378521092, -0.393395693953392 ], [ 36.365358156973798, -0.393568211707745 ], [ 36.365331453542034, -0.393711926728679 ], [ 36.365331453100993, -0.393869983837186 ], [ 36.365388673805917, -0.393999357083067 ], [ 36.365461152182704, -0.394252614711797 ], [ 36.365560333319166, -0.394603082183354 ], [ 36.365674772286027, -0.395379144829386 ], [ 36.365716733772921, -0.395580435480198 ], [ 36.365873135352032, -0.395796009068696 ], [ 36.366044797229357, -0.395910982234075 ], [ 36.366288937029822, -0.39608350083849 ], [ 36.366445339609136, -0.396299074426491 ], [ 36.366601740908045, -0.39661524747336 ], [ 36.366758143166912, -0.396945822936281 ], [ 36.366857324760382, -0.39713271334466 ], [ 36.366987024669854, -0.397218912766948 ], [ 36.367158685587668, -0.397319513717227 ], [ 36.367315088487814, -0.397420144826618 ], [ 36.367414270522218, -0.397448888528277 ], [ 36.367585931519997, -0.397520806461189 ], [ 36.367730890006584, -0.397765122430339 ], [ 36.367944512412514, -0.398066895233982 ], [ 36.368158134978358, -0.398311302002967 ], [ 36.368371757744775, -0.398483761121455 ], [ 36.368585380551252, -0.398641878227869 ], [ 36.36894396276557, -0.398713736283231 ], [ 36.369230065096289, -0.398713737090364 ], [ 36.369485650391688, -0.398713737811324 ], [ 36.369828972628284, -0.398771255824789 ], [ 36.370000634666738, -0.398828711942942 ], [ 36.37017229558505, -0.39892931289202 ], [ 36.370385918671872, -0.398986829532729 ], [ 36.370672020682591, -0.399101772816191 ], [ 36.370870385391783, -0.399288663502182 ], [ 36.371026786692795, -0.399604836544762 ], [ 36.371114524114432, -0.399849153356839 ], [ 36.371255667677708, -0.400064786295571 ], [ 36.371526511311338, -0.400309102616513 ], [ 36.371770651353785, -0.40039539296601 ], [ 36.372140677622113, -0.400452819440045 ], [ 36.372567924156279, -0.400438479638522 ], [ 36.372968467339888, -0.400539081231065 ], [ 36.373212607982921, -0.400769086672944 ], [ 36.373369009404811, -0.401042146091551 ], [ 36.373540671004136, -0.401257779114775 ], [ 36.373712331723517, -0.401430238111843 ], [ 36.37395265776216, -0.401516437843024 ], [ 36.374196798685283, -0.4016458116108 ], [ 36.374452382581879, -0.401789528429226 ], [ 36.37475374461139, -0.401904500948375 ], [ 36.375211507582357, -0.402105763568409 ], [ 36.375539571403365, -0.402306995620994 ], [ 36.375852376246861, -0.402493826221114 ], [ 36.37621095806351, -0.402709460774989 ], [ 36.376565724876158, -0.402925003704604 ], [ 36.376981526639888, -0.403183692642479 ], [ 36.377366810408184, -0.403428069684672 ], [ 36.377607136367544, -0.403543102434874 ], [ 36.377836018194309, -0.403701160180981 ], [ 36.378022937852798, -0.403902361632547 ], [ 36.378366260612971, -0.404132337146385 ], [ 36.378694324674264, -0.404247370142447 ], [ 36.378865985634462, -0.404333509273926 ], [ 36.378907947284262, -0.404477345291419 ], [ 36.378949908854686, -0.404649833116399 ], [ 36.379079607208304, -0.404937234466533 ], [ 36.379136827676923, -0.405152867164085 ], [ 36.379220750176685, -0.405368440538763 ], [ 36.379365708548008, -0.405655931530834 ], [ 36.379537368592118, -0.406072706076284 ], [ 36.379663253021242, -0.406331453593343 ], [ 36.379865431300153, -0.40667640037736 ], [ 36.380021832725284, -0.406949459788789 ], [ 36.380151532358163, -0.40713635027429 ], [ 36.380151531800884, -0.407337491800527 ], [ 36.380151531203488, -0.407553124335619 ], [ 36.380151530685737, -0.407740014456711 ], [ 36.380178233438109, -0.407840614993444 ], [ 36.380292674212761, -0.407969988392312 ], [ 36.380407114908031, -0.408128045813964 ], [ 36.38040711447006, -0.408286162312051 ], [ 36.380407114071971, -0.408429877400947 ], [ 36.380491036612206, -0.408631109768427 ], [ 36.380635995303265, -0.408803567677593 ], [ 36.380822914525616, -0.409162916831247 ], [ 36.380922095964401, -0.409407293063547 ], [ 36.381063239571716, -0.409608464179606 ], [ 36.381292120684193, -0.410025299283744 ], [ 36.381490483562352, -0.410514021544351 ], [ 36.381692661246653, -0.41107451125538 ], [ 36.381734622420382, -0.41139071517043 ], [ 36.381635438787562, -0.411577574808831 ], [ 36.38143707380015, -0.411850722820328 ], [ 36.381276855777784, -0.412152524758852 ], [ 36.381150969875087, -0.412425553171012 ], [ 36.381105192105402, -0.412684300200785 ], [ 36.38110519115061, -0.413029246409772 ], [ 36.381093746500696, -0.413259220919799 ], [ 36.381015880844821, -0.413463317004115 ], [ 36.381006007761627, -0.413489195215725 ], [ 36.380914276871785, -0.413771946812796 ], [ 36.380880121540464, -0.413877225495266 ], [ 36.380872407424157, -0.413915983938339 ], [ 36.380822900677764, -0.414164715911597 ], [ 36.380750420797263, -0.414452206284875 ], [ 36.380677939718097, -0.414811464097642 ], [ 36.380620718059809, -0.415386384684249 ], [ 36.380563496077961, -0.415716899118899 ], [ 36.380491016515336, -0.415889507424988 ], [ 36.380391834081024, -0.416004449616982 ], [ 36.380391833404715, -0.416248795363328 ], [ 36.380391832847835, -0.416449996281106 ], [ 36.38042235020734, -0.416694342112649 ], [ 36.380464310659811, -0.41690994556313 ], [ 36.380536789909435, -0.417211807546633 ], [ 36.380635970991776, -0.417585467245832 ], [ 36.380708449082476, -0.417944816067731 ], [ 36.380777111969984, -0.418376021917103 ], [ 36.38083090906099, -0.418727415430064 ], [ 36.380834332003097, -0.418749771096987 ], [ 36.380882737396114, -0.418989727592476 ], [ 36.380906810094302, -0.419109059513048 ], [ 36.380937327454234, -0.419353375140109 ], [ 36.38093732673871, -0.419612032692295 ], [ 36.381021248962547, -0.419928296113472 ], [ 36.38102124812783, -0.420230068290809 ], [ 36.381021247610981, -0.420416928201688 ], [ 36.380948768167556, -0.420546421879596 ], [ 36.380937323836179, -0.420661334113558 ], [ 36.380906805164194, -0.420891308564224 ], [ 36.380822881667847, -0.421035023411922 ], [ 36.380792363035688, -0.421250595447094 ], [ 36.380792362558495, -0.421423114353352 ], [ 36.380792361524897, -0.42179680397134 ], [ 36.380750399799709, -0.422041119393086 ], [ 36.380730197656959, -0.422084137314872 ], [ 36.380662661179599, -0.422227948854865 ], [ 36.380650648137959, -0.422237883326472 ], [ 36.380506257637492, -0.422357292292618 ], [ 36.380323152143276, -0.422457922438535 ], [ 36.380151489424044, -0.422644781867053 ], [ 36.380120971871207, -0.422831611488766 ], [ 36.380220153312322, -0.423075927305162 ], [ 36.38036511040989, -0.423464018735619 ], [ 36.380563473570596, -0.423852110315108 ], [ 36.38072536216383, -0.424068310085935 ], [ 36.380864834813416, -0.424254573388563 ], [ 36.380987605510718, -0.424416475562353 ], [ 36.381093715249108, -0.424556406606897 ], [ 36.381150935760431, -0.424757607679124 ], [ 36.381234857985383, -0.425073811696881 ], [ 36.381276819399233, -0.425303786347054 ], [ 36.381379816163559, -0.425433070105716 ], [ 36.381490442015959, -0.425533760470968 ], [ 36.381604882833578, -0.425648703257682 ], [ 36.381707879160764, -0.425936194111211 ], [ 36.381833763554852, -0.426209283620275 ], [ 36.381948204173966, -0.426396083443322 ], [ 36.382135123918246, -0.426568632065046 ], [ 36.382264823270205, -0.426496775391448 ], [ 36.382432670826155, -0.426367401784966 ], [ 36.382676812551644, -0.426209285979931 ], [ 36.382890436042636, -0.426122966721707 ], [ 36.383149835349293, -0.42612296744753 ], [ 36.383374902297568, -0.426238030345245 ], [ 36.383603784330084, -0.426324230032735 ], [ 36.383874628491427, -0.426381747829934 ], [ 36.384034845641203, -0.426396089281894 ], [ 36.384160730591518, -0.426468007074952 ], [ 36.384332391556448, -0.426554206602125 ], [ 36.384431573594227, -0.426582980500383 ], [ 36.384660455864847, -0.426582981140408 ], [ 36.384946559163318, -0.426597383348482 ], [ 36.385190699412284, -0.426611725034781 ], [ 36.385476802829771, -0.426582983422684 ], [ 36.385904049493277, -0.426525527981696 ], [ 36.386033748369158, -0.42662606940173 ], [ 36.386159632883505, -0.426856044284637 ], [ 36.386258814643874, -0.426985417630962 ], [ 36.386331294134784, -0.42720105136051 ], [ 36.386419031921413, -0.427316023266563 ], [ 36.386575433947812, -0.427373509533942 ], [ 36.386804316099521, -0.427416624797884 ], [ 36.386960718848464, -0.427574741722242 ], [ 36.387044641392791, -0.427775974075137 ], [ 36.387044640917274, -0.427948431566076 ], [ 36.387044640520998, -0.428092147651911 ], [ 36.386987419977821, -0.428264604982831 ], [ 36.38681575729904, -0.428437093202942 ], [ 36.386575430499299, -0.428623952436929 ], [ 36.386403769097839, -0.428695808993395 ], [ 36.386232107577328, -0.428810840578478 ], [ 36.386045185920239, -0.428968836740968 ], [ 36.386060444462331, -0.429141415082585 ], [ 36.386247364366788, -0.429256327867305 ], [ 36.386460987540403, -0.429285131280054 ], [ 36.386773793594045, -0.429400074618425 ], [ 36.387002674548036, -0.429515107321978 ], [ 36.387204853312191, -0.42968756638322 ], [ 36.387273517997336, -0.429831281653171 ], [ 36.387273517521848, -0.430003770351819 ], [ 36.387189593748921, -0.430248085649392 ], [ 36.387017930554805, -0.430607432765688 ], [ 36.386872971630154, -0.430880491310559 ], [ 36.386773788838859, -0.431124836766995 ], [ 36.386773788363271, -0.43129735566701 ], [ 36.386872970203839, -0.431397895993135 ], [ 36.386987411260357, -0.431426669933042 ], [ 36.387159072464051, -0.431426670412336 ], [ 36.38736125134772, -0.431555954444081 ], [ 36.387532912115525, -0.431714131812799 ], [ 36.387544355257567, -0.4320303950169 ], [ 36.387590131678301, -0.432260339469171 ], [ 36.387647350993895, -0.432533368374768 ], [ 36.387601574067929, -0.432849691822598 ], [ 36.38754435224763, -0.43312272040821 ], [ 36.387403208446237, -0.433352664337833 ], [ 36.387246804626564, -0.433582638426927 ], [ 36.387189584083231, -0.433755126963489 ], [ 36.387117103680239, -0.433870068217286 ], [ 36.387101845266102, -0.434013783250753 ], [ 36.387189583013814, -0.434143217972613 ], [ 36.387315467728087, -0.434301274403339 ], [ 36.387429908428786, -0.43445933180872 ], [ 36.387487127902823, -0.434674964483015 ], [ 36.387517645463994, -0.43484742306172 ], [ 36.38754434709972, -0.434991198616148 ], [ 36.387544346505841, -0.435206770726018 ], [ 36.387632084055973, -0.435408003083918 ], [ 36.387803745666474, -0.435623636076818 ], [ 36.388044071279843, -0.435867952274384 ], [ 36.388200472753908, -0.43612661024758 ], [ 36.388288210343781, -0.43631350059473 ], [ 36.388330171800028, -0.436529133224902 ], [ 36.388345430066288, -0.436802222413524 ], [ 36.388429351979298, -0.437233337668868 ], [ 36.388417907055398, -0.437563942812793 ], [ 36.388372130090659, -0.437894517658433 ], [ 36.388257688004174, -0.438239523921926 ], [ 36.388147061080666, -0.438526953760973 ], [ 36.388044063522287, -0.43868506995486 ], [ 36.387887659821175, -0.438871870019551 ], [ 36.387847292316081, -0.439037774524187 ], [ 36.38784569829614, -0.439044327386686 ], [ 36.38783180688305, -0.439188347463407 ], [ 36.387830438842322, -0.439202534431568 ], [ 36.387838321813, -0.439216599610118 ], [ 36.387902917572866, -0.439331848299611 ], [ 36.387940736551059, -0.439356181296978 ], [ 36.388059320482753, -0.439432479388593 ], [ 36.388246240389869, -0.439547392168136 ], [ 36.388372125105086, -0.439705508999747 ], [ 36.388288200332099, -0.439949854491396 ], [ 36.388158500899941, -0.440050514984477 ], [ 36.388145409875769, -0.440053597584108 ], [ 36.388037197676226, -0.440079076850436 ], [ 36.387975394562247, -0.440093629096433 ], [ 36.387970357556235, -0.440093629082378 ], [ 36.387803733356897, -0.440093628617695 ], [ 36.387731254072385, -0.440165486455358 ], [ 36.387815176856286, -0.44028042814283 ], [ 36.388029223785729, -0.440399066940251 ], [ 36.38807457577083, -0.440424204343377 ], [ 36.388120074785931, -0.440438496143103 ], [ 36.38825768183159, -0.440481720883895 ], [ 36.388272116838863, -0.440485345186022 ], [ 36.388543783976132, -0.440553549519081 ], [ 36.388688742991448, -0.440611005548755 ], [ 36.388845145020305, -0.440668522014653 ], [ 36.388871847538141, -0.440855351784057 ], [ 36.388829884815408, -0.441099727593875 ], [ 36.388757405214555, -0.441286557086519 ], [ 36.388730701708013, -0.441459015501448 ], [ 36.388757404146595, -0.441674648085085 ], [ 36.388803180766338, -0.441832765698805 ], [ 36.388929065205446, -0.442091423581004 ], [ 36.389089281685472, -0.442350171158395 ], [ 36.389287645132327, -0.442637662258818 ], [ 36.389543229529373, -0.442968237938204 ], [ 36.389901810010556, -0.443313185109044 ], [ 36.390042953468352, -0.443571902429723 ], [ 36.390130691020424, -0.443773074376745 ], [ 36.390130690427505, -0.443988706884017 ], [ 36.390130689518578, -0.44431928184954 ], [ 36.390058209443737, -0.444678569827429 ], [ 36.389917064483782, -0.444966059979468 ], [ 36.389787363498101, -0.445267891165881 ], [ 36.389672922609769, -0.445540949782336 ], [ 36.389531777847381, -0.445756522497525 ], [ 36.389371558903655, -0.446029670585744 ], [ 36.389338376644993, -0.446109233108266 ], [ 36.389287635249424, -0.446230901450491 ], [ 36.389285521226384, -0.446238333194835 ], [ 36.389230414627441, -0.446432042789608 ], [ 36.389272375401013, -0.44653273396104 ], [ 36.389390353542943, -0.446532734289669 ], [ 36.389417334575398, -0.446532734364809 ], [ 36.389441072631286, -0.446522788852396 ], [ 36.38958899597958, -0.446460817407183 ], [ 36.389814063645389, -0.446317101957672 ], [ 36.390115425323934, -0.446202070739528 ], [ 36.390245125242743, -0.446288330546044 ], [ 36.390344306927247, -0.446446477501063 ], [ 36.390428229922094, -0.44684891073537 ], [ 36.390500708219093, -0.447136400473235 ], [ 36.390485448568697, -0.447366374944907 ], [ 36.390302342598062, -0.44763937397058 ], [ 36.39008871870876, -0.447869346882733 ], [ 36.389844576901041, -0.448056236297436 ], [ 36.389710594314828, -0.448210798609978 ], [ 36.389657656083195, -0.448271868280865 ], [ 36.389588990368587, -0.448501722800874 ], [ 36.389543213522991, -0.448789272612227 ], [ 36.389516509858609, -0.449019247050637 ], [ 36.389485990992071, -0.449321079515627 ], [ 36.389444029111765, -0.449622910941764 ], [ 36.389360104575914, -0.449781027182832 ], [ 36.389344845964906, -0.449996600245389 ], [ 36.389360103035145, -0.450341546451026 ], [ 36.3894287670119, -0.450743979637212 ], [ 36.389459282863413, -0.451175244725743 ], [ 36.389428765234186, -0.451390787542519 ], [ 36.389329582640237, -0.451563275951586 ], [ 36.389230399809485, -0.451821933197622 ], [ 36.38918843732408, -0.451980079756492 ], [ 36.389058736456178, -0.452238796314795 ], [ 36.388944294488191, -0.452540627535888 ], [ 36.388829852638814, -0.452799284738505 ], [ 36.388757373037421, -0.452986174627805 ], [ 36.388715411394102, -0.453201747613447 ], [ 36.388730668622379, -0.453489237185518 ], [ 36.388803148078026, -0.453719211896161 ], [ 36.388929032717115, -0.453906011730588 ], [ 36.38911595223238, -0.454164760377377 ], [ 36.389344833877693, -0.454394734515983 ], [ 36.389446774773134, -0.454477752541737 ], [ 36.389485976732864, -0.454509677362965 ], [ 36.389519182705577, -0.454534260017329 ], [ 36.389699599557183, -0.454667824631602 ], [ 36.389814040340582, -0.454797168810784 ], [ 36.389917036873214, -0.455012742198409 ], [ 36.389859816448379, -0.455142145297307 ], [ 36.389688153885231, -0.455271399080309 ], [ 36.389482990292791, -0.45539652614537 ], [ 36.389428754136162, -0.455429604429799 ], [ 36.389334588896197, -0.455475379600011 ], [ 36.389073986232106, -0.455602061922898 ], [ 36.38817371491551, -0.456047606017375 ], [ 36.38696063909935, -0.456536324263602 ], [ 36.386747015602843, -0.45662252270629 ], [ 36.386544835962063, -0.456766238214124 ], [ 36.386502873436626, -0.456938755974567 ], [ 36.386502873001795, -0.457096872445263 ], [ 36.386544834618142, -0.457254929635062 ], [ 36.386647831387542, -0.457384302976974 ], [ 36.386804233300879, -0.457484964261025 ], [ 36.387075077393099, -0.457571164052848 ], [ 36.38733066170392, -0.457571105366978 ], [ 36.387616764854158, -0.457642963192129 ], [ 36.38777316668844, -0.457772397086738 ], [ 36.387918125390861, -0.457944796571685 ], [ 36.387918124995736, -0.45808857103286 ], [ 36.38787234750572, -0.458246627977751 ], [ 36.387757905852929, -0.458433517746533 ], [ 36.387632020304615, -0.45857729185693 ], [ 36.387345917403707, -0.458778432549867 ], [ 36.387204772678864, -0.458979663245994 ], [ 36.387231475355726, -0.459109037381224 ], [ 36.387315399023244, -0.45926715408429 ], [ 36.387345915546895, -0.459453983851582 ], [ 36.38736117409136, -0.459626502776377 ], [ 36.387418393805447, -0.45975587598952 ], [ 36.387517576649735, -0.459856476708759 ], [ 36.387689237345469, -0.460043277673136 ], [ 36.387746456980416, -0.460201483901031 ], [ 36.387845639548495, -0.460402655867455 ], [ 36.387884242290873, -0.46051354932088 ], [ 36.387925747013881, -0.460632780597593 ], [ 36.387963893757252, -0.460743102221677 ], [ 36.387977990667679, -0.460781942264954 ], [ 36.388002040514991, -0.460848202895485 ], [ 36.387887598664669, -0.461106920494693 ], [ 36.387773157130134, -0.461250665440201 ], [ 36.3876892335145, -0.461437494887556 ], [ 36.387647270989447, -0.461609953247418 ], [ 36.387632010707215, -0.4620698709998 ], [ 36.387632010095814, -0.46229240771115 ], [ 36.38763200964096, -0.462457961968841 ], [ 36.387647726102372, -0.462660980061309 ], [ 36.387658711725969, -0.462802878995052 ], [ 36.387773151720545, -0.463219742891759 ], [ 36.387902850655152, -0.463665290847424 ], [ 36.387975328638269, -0.464067783421935 ], [ 36.388188950438987, -0.464599559840171 ], [ 36.388372055755184, -0.46493013529006 ], [ 36.388517013498401, -0.46508825316584 ], [ 36.388529003484379, -0.465098672951228 ], [ 36.388660210331892, -0.465212705673368 ], [ 36.388715378267719, -0.465260651787413 ], [ 36.388959518013841, -0.465461943954839 ], [ 36.389245619772247, -0.465677516836097 ], [ 36.389459242875809, -0.465735033454575 ], [ 36.389615646225053, -0.465677517864808 ], [ 36.389699569801067, -0.465505030428726 ], [ 36.389688126457727, -0.465260654492128 ], [ 36.389516465957691, -0.465001996505717 ], [ 36.389459245439994, -0.464800765262177 ], [ 36.389459246071226, -0.464570790762872 ], [ 36.389314288801444, -0.464240215418904 ], [ 36.389314289353834, -0.464038984333793 ], [ 36.389474506865191, -0.463924012127114 ], [ 36.38964235387305, -0.463995870627278 ], [ 36.389802570753247, -0.464110842718208 ], [ 36.389974232371245, -0.464326476693248 ], [ 36.390073413703675, -0.464613907088884 ], [ 36.390214557048083, -0.464915739006922 ], [ 36.390344255378722, -0.465217481292984 ], [ 36.39054261906913, -0.465418773332686 ], [ 36.390714280845557, -0.465576830877586 ], [ 36.391099564843607, -0.46574938002173 ], [ 36.391427628929719, -0.465864322375576 ], [ 36.391698472906299, -0.465993697185263 ], [ 36.391870133682858, -0.466151814127128 ], [ 36.391870133091665, -0.466367447623226 ], [ 36.391870132382522, -0.46662610412414 ], [ 36.391870131594516, -0.466913535248133 ], [ 36.391870130924488, -0.467157940346713 ], [ 36.391870130333423, -0.467373543639787 ], [ 36.39187012962428, -0.467632230341914 ], [ 36.391870129072821, -0.467833402026524 ], [ 36.391927349591192, -0.468034663469625 ], [ 36.392015087186479, -0.468221553793529 ], [ 36.392213450523776, -0.46855206887551 ], [ 36.392343150013026, -0.468796475339315 ], [ 36.392400369413487, -0.469040851399529 ], [ 36.392400368665221, -0.469313910310411 ], [ 36.392400367956355, -0.469572597010576 ], [ 36.392369849131335, -0.469860028046608 ], [ 36.392369848461726, -0.470104402940191 ], [ 36.392484289050849, -0.470305635344864 ], [ 36.392655950710207, -0.470506897103557 ], [ 36.392785649436441, -0.470664983723608 ], [ 36.392915348847751, -0.470938042992684 ], [ 36.392915348257254, -0.471153616080382 ], [ 36.392942050542025, -0.471426704258596 ], [ 36.39304123211285, -0.47162790641755 ], [ 36.393041231561511, -0.47182919790092 ], [ 36.393056489832496, -0.472102226649046 ], [ 36.393056489478262, -0.472231570501096 ], [ 36.393128968252583, -0.472346542343936 ], [ 36.393228150098913, -0.472447203461597 ], [ 36.393415071053255, -0.472547834620393 ], [ 36.393628693686416, -0.472777809704966 ], [ 36.393811797888596, -0.473151499759749 ], [ 36.393899535445847, -0.473352700878735 ], [ 36.393914793756259, -0.473611448021442 ], [ 36.393968199271313, -0.473812619849379 ], [ 36.394113157213759, -0.473898878680919 ], [ 36.394326780555559, -0.473870106664077 ], [ 36.39451370125775, -0.473697648713988 ], [ 36.394754027671574, -0.473654534763131 ], [ 36.395024871926438, -0.473683248725337 ], [ 36.39522705086064, -0.473798251128906 ], [ 36.39542541463301, -0.473970740349014 ], [ 36.395639037227518, -0.474215116837219 ], [ 36.395867918723198, -0.474502547580019 ], [ 36.396024320051019, -0.474818781939477 ], [ 36.3961692783258, -0.475149296863627 ], [ 36.396211239512688, -0.475465560100631 ], [ 36.396195979472061, -0.475839249601152 ], [ 36.396184534593417, -0.476155423089627 ], [ 36.396054834001106, -0.476313539189073 ], [ 36.395867913691859, -0.476342282084681 ], [ 36.3956962524801, -0.476342281609152 ], [ 36.395440667361498, -0.476270363473504 ], [ 36.395253747406016, -0.476169762518969 ], [ 36.395082085272726, -0.476141079034298 ], [ 36.394811241899333, -0.476155419284932 ], [ 36.394498436355974, -0.476212934440191 ], [ 36.39418562969469, -0.476313534009764 ], [ 36.393983450209276, -0.476399732480474 ], [ 36.393898422947707, -0.476456958325965 ], [ 36.393842733776417, -0.476494439075237 ], [ 36.393769826552116, -0.476543507345797 ], [ 36.393730323448494, -0.476563547388535 ], [ 36.393571462031787, -0.476644137434602 ], [ 36.393415059484958, -0.476773361048774 ], [ 36.393399799875787, -0.47698905389133 ], [ 36.393399799403753, -0.477161511350744 ], [ 36.393468463134447, -0.477290885592838 ], [ 36.39351423979754, -0.47743466117687 ], [ 36.39364012463858, -0.477549573767677 ], [ 36.393785082660386, -0.477607059989191 ], [ 36.394013964825064, -0.477650234637656 ], [ 36.39419706977602, -0.477750836588033 ], [ 36.394311510681668, -0.477837035935812 ], [ 36.394353512444788, -0.477942582598314 ], [ 36.394357287423496, -0.477952068106259 ], [ 36.394357287389163, -0.477964623151808 ], [ 36.394357287030338, -0.478095783158556 ], [ 36.394300065723591, -0.478182041428157 ], [ 36.394412110581179, -0.478284743239406 ], [ 36.394441209544134, -0.478311415870467 ], [ 36.394612870638447, -0.478354530962417 ], [ 36.394674227283268, -0.478512115024842 ], [ 36.394696794152644, -0.47857007407431 ], [ 36.394693230101495, -0.478587167490563 ], [ 36.394654831550234, -0.478771335233744 ], [ 36.394555648484143, -0.479116250881964 ], [ 36.394554865477517, -0.479118315702007 ], [ 36.394441206516888, -0.479418083080165 ], [ 36.394342023647255, -0.479691141705154 ], [ 36.394284802868675, -0.479949888640631 ], [ 36.394300060258487, -0.480179863168347 ], [ 36.394300059865401, -0.480323578219458 ], [ 36.394357280425211, -0.480510438247092 ], [ 36.394513682343742, -0.480611069317582 ], [ 36.394670085222998, -0.480726071590987 ], [ 36.39482129925053, -0.480784501143488 ], [ 36.394967631277176, -0.480841045059853 ], [ 36.395010746212151, -0.480884375237331 ], [ 36.395139293018175, -0.4810135633964 ], [ 36.39521177155801, -0.481214734264383 ], [ 36.39518506797485, -0.481415936066466 ], [ 36.395055367499737, -0.481530907344829 ], [ 36.394967628997819, -0.481674682556503 ], [ 36.394925667513519, -0.481832798895707 ], [ 36.394925667041996, -0.482005257358531 ], [ 36.394956183726109, -0.482134631492266 ], [ 36.395070624396574, -0.482307089265098 ], [ 36.395268988053537, -0.482522602488166 ], [ 36.395753454358157, -0.48299695420043 ], [ 36.395967076916236, -0.483255701882345 ], [ 36.396039555417161, -0.48347127516024 ], [ 36.396070072983669, -0.483643793104008 ], [ 36.396070072198306, -0.483931224208791 ], [ 36.396070071334428, -0.484247397718981 ], [ 36.396081514366877, -0.48460674527328 ], [ 36.396127289441836, -0.484966153326425 ], [ 36.396184509295878, -0.485411670838983 ], [ 36.3962417287389, -0.485641615275557 ], [ 36.396325652333061, -0.485828414968522 ], [ 36.396424834103058, -0.485957789290168 ], [ 36.396668973935796, -0.486130247418826 ], [ 36.396897855749394, -0.48630279611163 ], [ 36.397023740317387, -0.486518369534415 ], [ 36.397038998787011, -0.486719571448349 ], [ 36.397012295047254, -0.486978318461237 ], [ 36.396939815250754, -0.487236975747389 ], [ 36.396924555642983, -0.487452608176632 ], [ 36.396955073249281, -0.487610724712768 ], [ 36.397096215954448, -0.487783123157577 ], [ 36.397294580730581, -0.487955671764567 ], [ 36.39748150045358, -0.488142472747195 ], [ 36.397637902138392, -0.488329362238296 ], [ 36.397767601633269, -0.488573679081648 ], [ 36.397924003847763, -0.488932966625967 ], [ 36.398053702538718, -0.489105485846678 ], [ 36.398168143446206, -0.489191685189729 ], [ 36.398324546601891, -0.489206117228926 ], [ 36.398637351835205, -0.489263603910347 ], [ 36.398850974513572, -0.489479177572643 ], [ 36.399022635943588, -0.489766668542486 ], [ 36.399053152158459, -0.49006850012232 ], [ 36.399053151139285, -0.490442189643387 ], [ 36.399011188263707, -0.490744021022236 ], [ 36.398908190959077, -0.491175226276505 ], [ 36.398850968829308, -0.49156325764491 ], [ 36.398793747777816, -0.491922604998766 ], [ 36.398782303018884, -0.492195663853147 ], [ 36.398824263287324, -0.492483154461502 ], [ 36.398923444274857, -0.492899958866768 ], [ 36.398953961489987, -0.493201790442817 ], [ 36.39895396054947, -0.493546736547908 ], [ 36.398953959883173, -0.49379111242512 ], [ 36.398850962009632, -0.49406420122681 ], [ 36.398667856192631, -0.494279743586757 ], [ 36.398652966150046, -0.494288508217224 ], [ 36.398601186002097, -0.494318989117325 ], [ 36.398561932889905, -0.49434209568737 ], [ 36.398423714494911, -0.494423457955282 ], [ 36.398168128978661, -0.494495315274074 ], [ 36.397882026345599, -0.494596004512745 ], [ 36.397626440868656, -0.494653430224711 ], [ 36.397409003399936, -0.494725347046287 ], [ 36.397325078863531, -0.494883403863808 ], [ 36.397294561393863, -0.495041550428703 ], [ 36.397397557091644, -0.495199667160164 ], [ 36.397626438947619, -0.495357724841746 ], [ 36.397897282856036, -0.495515842036737 ], [ 36.398137608765559, -0.495659557742714 ], [ 36.398324528412004, -0.495875190723129 ], [ 36.398465672040537, -0.496076392977091 ], [ 36.398454227634367, -0.49622010798731 ], [ 36.398309267903812, -0.496421338646292 ], [ 36.398126162164445, -0.49660822819976 ], [ 36.397965943414818, -0.496809368209654 ], [ 36.397809540669513, -0.497010659240869 ], [ 36.397683655041142, -0.497183117345418 ], [ 36.397523436408889, -0.497341173950769 ], [ 36.397466215905773, -0.497499290238131 ], [ 36.397466215474495, -0.497657436885607 ], [ 36.397603544286405, -0.497789690580132 ], [ 36.397855314182543, -0.497943848215383 ], [ 36.398007901848523, -0.498136708658313 ], [ 36.398007901060147, -0.498425879391627 ], [ 36.397950680252407, -0.498695757823382 ], [ 36.397950679569021, -0.498946433869502 ], [ 36.398026972824226, -0.499254866753558 ], [ 36.398179558965353, -0.499640377813868 ], [ 36.398296541467978, -0.499876901442432 ], [ 36.398311854402813, -0.499907861735054 ], [ 36.398313172397273, -0.499910526577315 ], [ 36.398351220235483, -0.49998745464409 ], [ 36.398503807534517, -0.500315149678291 ], [ 36.398561026713445, -0.500642904853095 ], [ 36.398446584781183, -0.500932104463 ], [ 36.39825584885785, -0.501182720582619 ], [ 36.398163327390868, -0.501311284948126 ], [ 36.398158676367366, -0.501317748200835 ], [ 36.398103260087645, -0.501394752521379 ], [ 36.398100334067855, -0.501400668112746 ], [ 36.397969745183623, -0.501664691143645 ], [ 36.397893450456891, -0.501896044630965 ], [ 36.397855302725738, -0.50214666117091 ], [ 36.397786637537465, -0.50255086374216 ], [ 36.397859115707469, -0.502888999443827 ], [ 36.398096699546784, -0.503058026573944 ], [ 36.398110885537143, -0.503068119173366 ], [ 36.398454208761798, -0.503144748073441 ], [ 36.39889289935433, -0.503130528086464 ], [ 36.399156113357449, -0.503251381810439 ], [ 36.399610061944109, -0.503613580636183 ], [ 36.400163192195883, -0.504144939097696 ], [ 36.400475996473297, -0.504555562693119 ], [ 36.40073920968846, -0.504966126753417 ], [ 36.401097790958801, -0.505400813552895 ], [ 36.401433483922986, -0.50556997283335 ], [ 36.401746289008344, -0.505683984892408 ], [ 36.402089612702845, -0.505588215748216 ], [ 36.402402417942106, -0.505645643025456 ], [ 36.402585523965364, -0.505722212083833 ], [ 36.402772443758664, -0.505885129170814 ], [ 36.402963178374456, -0.506115134359249 ], [ 36.403096692178551, -0.506249308895721 ], [ 36.403268354083103, -0.506364280994257 ], [ 36.403424755826606, -0.506531399119077 ], [ 36.403642193169901, -0.506874216550396 ], [ 36.403642192053923, -0.507284839278318 ], [ 36.403592600072237, -0.507622974636265 ], [ 36.403592599087929, -0.50798517320959 ], [ 36.403691780163314, -0.508371674738558 ], [ 36.403810035197338, -0.508782297789461 ], [ 36.403810034475399, -0.509048005447095 ], [ 36.403642185950133, -0.509531056550767 ], [ 36.40356970561146, -0.509989925034938 ], [ 36.40354681559802, -0.510352242336877 ], [ 36.403642182275426, -0.510883599520019 ], [ 36.403787139344203, -0.511294163242403 ], [ 36.403954985441842, -0.511704846829 ], [ 36.404168607598315, -0.512115350334484 ], [ 36.404386045153295, -0.512380999188885 ], [ 36.404386044103944, -0.512767440033362 ], [ 36.404263973030517, -0.513105575184315 ], [ 36.404000756711831, -0.513467892827263 ], [ 36.403874488262943, -0.513574024932809 ], [ 36.403872924257392, -0.5135753397298 ], [ 36.403755296839201, -0.51367420722939 ], [ 36.403569695179321, -0.513830210007883 ], [ 36.403352256312054, -0.514047611704776 ], [ 36.40297078530169, -0.51424077167858 ], [ 36.402539722768338, -0.514603087851004 ], [ 36.402539721849656, -0.514941224342035 ], [ 36.402467241970044, -0.515230993865359 ], [ 36.40237187425781, -0.515448396903482 ], [ 36.402394760908834, -0.515955690797527 ], [ 36.402322280832358, -0.51631788815222 ], [ 36.402131545195282, -0.516462803696809 ], [ 36.401986585878916, -0.516511168051976 ], [ 36.401578413095621, -0.516607717237088 ], [ 36.40133808632919, -0.516776873916161 ], [ 36.401338085803943, -0.51697015473942 ], [ 36.401433452335198, -0.51718743749239 ], [ 36.401532633739897, -0.517453146420612 ], [ 36.401628001277835, -0.517668029106995 ], [ 36.401860696641307, -0.518011745582308 ], [ 36.402230722036549, -0.518408449127859 ], [ 36.402757149488359, -0.518858077377819 ], [ 36.402768581471719, -0.518869594504669 ], [ 36.4027957784321, -0.518896992984355 ], [ 36.403203468838285, -0.519307706412915 ], [ 36.40385959602672, -0.519915872264327 ], [ 36.404096106826721, -0.520101052505495 ], [ 36.404332617340032, -0.520391963507326 ], [ 36.40464542223804, -0.52057708355327 ], [ 36.404725530479595, -0.520894457268503 ], [ 36.404908635283668, -0.521053114820246 ], [ 36.405118443691471, -0.521370488891134 ], [ 36.405618167323553, -0.522110968011523 ], [ 36.405988192650412, -0.522534133684889 ], [ 36.406091189209008, -0.522745656898396 ], [ 36.406171296523311, -0.523036507062334 ], [ 36.40622470137302, -0.523486135008146 ], [ 36.406171294086022, -0.523935702255467 ], [ 36.406091185194555, -0.52422667278671 ], [ 36.405988187560595, -0.52441179168708 ], [ 36.406014890093118, -0.524596911950149 ], [ 36.406381100631805, -0.524940628779948 ], [ 36.406484096262453, -0.525125748245245 ], [ 36.406407801161045, -0.525496047811627 ], [ 36.406037775398921, -0.52560183795873 ], [ 36.40588137183947, -0.525734090828862 ], [ 36.405698266102377, -0.525919210514865 ], [ 36.405463343725032, -0.525947035131294 ], [ 36.405251945385338, -0.525972074165183 ], [ 36.405080609076286, -0.526004824930427 ], [ 36.405065387048815, -0.526007734364536 ], [ 36.404698813387483, -0.526077804411242 ], [ 36.404462301652977, -0.526236520204291 ], [ 36.404515706431084, -0.526712490478918 ], [ 36.404569110208897, -0.527188580554484 ], [ 36.404672106337721, -0.527558820205718 ], [ 36.404698808726756, -0.527796865746092 ], [ 36.404515702561703, -0.528139634728471 ], [ 36.404172378542945, -0.528352222847921 ], [ 36.403962568699015, -0.528563744190454 ], [ 36.403542951799665, -0.528695936938161 ], [ 36.40312333382807, -0.528854712630608 ], [ 36.402650310572511, -0.5290926963924 ], [ 36.402520610118522, -0.52919836739534 ], [ 36.402284097808732, -0.529568665508369 ], [ 36.40215058199054, -0.529806709599858 ], [ 36.402097175845483, -0.530203351556149 ], [ 36.402074284734937, -0.53097035276081 ], [ 36.401837770631076, -0.532001740166242 ], [ 36.401784363414151, -0.532424845261546 ], [ 36.401704254305891, -0.532795143799331 ], [ 36.401704253444734, -0.533112577682418 ], [ 36.401784360687856, -0.533429830572183 ], [ 36.401784359468529, -0.533879338549905 ], [ 36.4017309538254, -0.534090920721375 ], [ 36.40160125293967, -0.534355488365694 ], [ 36.401521143190458, -0.534593412797154 ], [ 36.401391443233088, -0.534884383179028 ], [ 36.401414330115024, -0.535307487472019 ], [ 36.401494437142922, -0.535704190190168 ], [ 36.401521139388642, -0.535995040191641 ], [ 36.40154784163397, -0.536286071405776 ], [ 36.401414326815228, -0.536524056092959 ], [ 36.401284626001335, -0.536762040790312 ], [ 36.401177812499533, -0.537264593547646 ], [ 36.401284623777862, -0.537581847511775 ], [ 36.40160498493141, -0.53804750445541 ], [ 36.401725214613904, -0.538222262599911 ], [ 36.401757644528224, -0.538269401230428 ], [ 36.402284073137082, -0.538666163559851 ], [ 36.402623580718412, -0.538983537962557 ], [ 36.403043197049186, -0.539062868135962 ], [ 36.403279708998625, -0.539195062679392 ], [ 36.403832839858374, -0.539512437667001 ], [ 36.404359268471644, -0.53953884184888 ], [ 36.404805588694231, -0.539671036967071 ], [ 36.405225204595624, -0.539909082565611 ], [ 36.405381607154723, -0.540147128448766 ], [ 36.405354903189426, -0.540490904581218 ], [ 36.405118391165885, -0.54075529171947 ], [ 36.405015393387423, -0.540993336890471 ], [ 36.404858989610766, -0.541204978170634 ], [ 36.404725475150592, -0.541310709562556 ], [ 36.404752177540779, -0.541548814486202 ], [ 36.404805582321877, -0.542024784728905 ], [ 36.404961983881549, -0.542262770205514 ], [ 36.405435006424618, -0.542659472981118 ], [ 36.405541816275601, -0.54313556417639 ], [ 36.405354895244699, -0.543426413582369 ], [ 36.405145086183865, -0.543717263931962 ], [ 36.404935275693177, -0.544166891115778 ], [ 36.404832277914451, -0.544404935276553 ], [ 36.404781795833813, -0.544779856821804 ], [ 36.404778871771221, -0.544801577207649 ], [ 36.404654073120398, -0.544981813348058 ], [ 36.404648875093287, -0.544989320586526 ], [ 36.404595764816278, -0.545066024891775 ], [ 36.404588033738847, -0.545090911458564 ], [ 36.404488952746142, -0.545409860194859 ], [ 36.404385954752534, -0.54572723337344 ], [ 36.404122739334568, -0.546123935131445 ], [ 36.404042629227803, -0.546494113845276 ], [ 36.403859522985925, -0.546864412078091 ], [ 36.403806116128749, -0.547155262852045 ], [ 36.403703117650636, -0.547651514417813 ], [ 36.403581046709782, -0.547940024334406 ], [ 36.403630635626364, -0.548733787820204 ], [ 36.403893848930089, -0.549118609482696 ], [ 36.404370685514436, -0.549503371325523 ], [ 36.40457315143729, -0.549630036758006 ], [ 36.404693090391667, -0.549705071355931 ], [ 36.404757178367348, -0.549745165917924 ], [ 36.404870410324271, -0.549816005416126 ], [ 36.405351061849039, -0.550224889740021 ], [ 36.405564684414188, -0.550489397902327 ], [ 36.405900377684489, -0.550922284497972 ], [ 36.406209366075032, -0.55166780373806 ], [ 36.406449691025557, -0.552172937684966 ], [ 36.406686201361829, -0.552533576390412 ], [ 36.407071485958653, -0.552870273236389 ], [ 36.40768946608214, -0.553495600763977 ], [ 36.407857311588543, -0.553760108796315 ], [ 36.407929790904511, -0.554048740046223 ], [ 36.407739055263654, -0.554193113944484 ], [ 36.407498728947367, -0.55419311328705 ], [ 36.407212626636031, -0.554168990032228 ], [ 36.406758677363442, -0.554048736842173 ], [ 36.406472573596794, -0.554193110479209 ], [ 36.406449684786978, -0.554481681063438 ], [ 36.406545052327978, -0.554698063754413 ], [ 36.406640418608795, -0.555010757133636 ], [ 36.40685404065583, -0.55546770645992 ], [ 36.406686192265326, -0.555900590660371 ], [ 36.406590824424981, -0.556165158374165 ], [ 36.406524725157752, -0.556231827466499 ], [ 36.406518348131947, -0.556238259504141 ], [ 36.406304721268178, -0.556453728235668 ], [ 36.405660036092939, -0.556573979424643 ], [ 36.405183198333894, -0.556622103261129 ], [ 36.404847503501053, -0.556766356958497 ], [ 36.404752135400045, -0.55712711455014 ], [ 36.404706357169388, -0.55756006049261 ], [ 36.404752132539855, -0.558185326037488 ], [ 36.40475213123986, -0.558666336840144 ], [ 36.404706353594257, -0.558882839949516 ], [ 36.404584282653119, -0.559171349851919 ], [ 36.404488913967242, -0.55974848986482 ], [ 36.404610982633912, -0.560301628808724 ], [ 36.404679646230164, -0.560854767604948 ], [ 36.404679645125519, -0.561263590187423 ], [ 36.404656755445174, -0.561504155423831 ], [ 36.404370652351261, -0.561768722608941 ], [ 36.404179916383718, -0.562033229650329 ], [ 36.404084548737224, -0.562225669547074 ], [ 36.404179915213952, -0.56246611530422 ], [ 36.404488906233745, -0.562610431166906 ], [ 36.40458427251555, -0.562923064130715 ], [ 36.404633862801603, -0.563211695306364 ], [ 36.404635092794003, -0.563215108154613 ], [ 36.404745744111757, -0.563522006774536 ], [ 36.404824596625637, -0.563740710951408 ], [ 36.404862616494853, -0.563807829331844 ], [ 36.404963567147476, -0.563986044543395 ], [ 36.405110697641319, -0.564245785597961 ], [ 36.405228952953919, -0.564558478019478 ], [ 36.40535102233676, -0.564847048986778 ], [ 36.405492165745081, -0.56513562000583 ], [ 36.405518867676612, -0.565544503057515 ], [ 36.405637122015868, -0.566217893917113 ], [ 36.405755374641288, -0.567155852736123 ], [ 36.405682894895676, -0.567396358432855 ], [ 36.405446383191439, -0.567540612395468 ], [ 36.405206056871499, -0.567540611738318 ], [ 36.405037442934187, -0.567434252333325 ], [ 36.405015321942436, -0.567420298871749 ], [ 36.404745327022937, -0.567257372544359 ], [ 36.404656740049326, -0.567203915473463 ], [ 36.404347749767872, -0.567155848886461 ], [ 36.404061646867547, -0.56734816845501 ], [ 36.404084533988637, -0.567684864286705 ], [ 36.404298156493631, -0.567973494898045 ], [ 36.404321043614928, -0.568310190728752 ], [ 36.404443113063294, -0.568574698618204 ], [ 36.404420223993718, -0.56895951946173 ], [ 36.404466000145597, -0.569296215353479 ], [ 36.40465673388038, -0.569488656026424 ], [ 36.404942836807386, -0.569657033887109 ], [ 36.405133571672415, -0.569801290023149 ], [ 36.405176157271555, -0.569970845102173 ], [ 36.405206049990234, -0.570089860847766 ], [ 36.405228937111922, -0.570426616072645 ], [ 36.405160271501032, -0.570618995630874 ], [ 36.404942832717836, -0.571172133618402 ], [ 36.404917094484446, -0.571245892271851 ], [ 36.404774984195427, -0.571653143933487 ], [ 36.404465993263472, -0.571845463435982 ], [ 36.404034931752257, -0.571821459589026 ], [ 36.403676349078147, -0.571893645812502 ], [ 36.403558093400761, -0.572085965836202 ], [ 36.403535203460876, -0.57242272093293 ], [ 36.403630570874327, -0.572687169346768 ], [ 36.403748825512771, -0.572879670222835 ], [ 36.403748824863456, -0.573120175104756 ], [ 36.403821303921717, -0.573504935796702 ], [ 36.403893781785371, -0.573961824293892 ], [ 36.404107404422021, -0.574202390162967 ], [ 36.404488874867837, -0.574226453271388 ], [ 36.404724979246055, -0.574203422751824 ], [ 36.404732001257337, -0.574202738188548 ], [ 36.404880244494841, -0.574188278803458 ], [ 36.405005361695217, -0.574176074450159 ], [ 36.405228927053336, -0.574154268090682 ], [ 36.405587509533269, -0.574154269070528 ], [ 36.40577824314019, -0.574394654670081 ], [ 36.405900313589754, -0.574659342757801 ], [ 36.405995679615209, -0.575068046779363 ], [ 36.406277966862589, -0.575487371398807 ], [ 36.406354260668557, -0.575597243058906 ], [ 36.406567882852499, -0.57600612660105 ], [ 36.406880687234555, -0.576390887943469 ], [ 36.40707142223102, -0.576487078334451 ], [ 36.408120464961051, -0.576366888659809 ], [ 36.422479010007386, -0.574563198024812 ], [ 36.432103507109304, -0.573336695012463 ], [ 36.433274621757725, -0.572927815216515 ], [ 36.435689329736448, -0.572639191719732 ], [ 36.443929089675933, -0.571508935115834 ], [ 36.444409742759966, -0.571340558327072 ], [ 36.446820637207054, -0.570114035719331 ], [ 36.452340519781849, -0.566987601817889 ], [ 36.453893063889851, -0.582090774649178 ], [ 36.454583506775066, -0.588920934439331 ] ] ] ] } },
{ "type": "Feature", "properties": { "fid": 6, "CONST_CODE": 166, "Shape_Area": 0.01368345054, "OBJECTID_1": 729, "NAME": "ELBURGON", "OBJECTID": 3120, "CONSTITUEN": "MOLO", "COUNTY_ASS": 827, "SPOILT": 168, "COUNTY_A_1": "ELBURGON", "REJECTED": 648, "REPORTED": 20, "SPOILT_VAL": 0.016231884057971002, "VALID": 10350, "DISPUTED": 0, "RESULT": "1", "COUNTY_COD": 32, "Shape_Leng": 0.71648185072000004, "COUNTY_NAM": "NAKURU", "Shape_Le_1": 0.71648185072000004, "REGISTERED": "17304" }, "geometry": { "type": "MultiPolygon", "coordinates": [ [ [ [ 35.862363387834542, -0.279926578929999 ], [ 35.864057116045004, -0.279559195073969 ], [ 35.865529593144679, -0.279147736387064 ], [ 35.86617427694366, -0.279133037163183 ], [ 35.867238578537375, -0.279324070724984 ], [ 35.86829143491989, -0.279573910952194 ], [ 35.869557915105858, -0.279956006338412 ], [ 35.870332298264351, -0.280176442763535 ], [ 35.870679436479406, -0.28023245996917 ], [ 35.870675620496613, -0.280523280977535 ], [ 35.870603140029466, -0.280934353828797 ], [ 35.870519214369288, -0.281696104396836 ], [ 35.870507768379824, -0.28198629515903 ], [ 35.869748639061626, -0.283304212927221 ], [ 35.86971430541152, -0.283485551858107 ], [ 35.869725749733327, -0.283691104049436 ], [ 35.869748636987154, -0.283920838175183 ], [ 35.869762163642349, -0.284028027845605 ], [ 35.869771524403689, -0.284102208509805 ], [ 35.869809670472037, -0.284392399439466 ], [ 35.869799976840703, -0.284576710350447 ], [ 35.869798225726626, -0.284610012297821 ], [ 35.869653265947278, -0.284791381053411 ], [ 35.869462529951633, -0.285021114450503 ], [ 35.869378606568887, -0.285105753818691 ], [ 35.869363343605556, -0.286278577706991 ], [ 35.869256532033233, -0.286411581794486 ], [ 35.869088684064081, -0.286641315268699 ], [ 35.868836913118578, -0.286834775613782 ], [ 35.868825468128996, -0.287124936170442 ], [ 35.868836911288135, -0.287378853157414 ], [ 35.868848354487994, -0.28762067919666 ], [ 35.868955165596212, -0.28792296130563 ], [ 35.868909387566383, -0.288213151946776 ], [ 35.868752980502514, -0.289664045998897 ], [ 35.868585130865227, -0.29038952241646 ], [ 35.868585129360518, -0.290836870361682 ], [ 35.868680495537149, -0.291114970534305 ], [ 35.868859785243203, -0.291562348285156 ], [ 35.868960948310082, -0.291875183020751 ], [ 35.8690161868006, -0.292045999806732 ], [ 35.869054332015935, -0.292590078480393 ], [ 35.869054331202804, -0.292831903470865 ], [ 35.86910010660619, -0.293025364827137 ], [ 35.869149696729494, -0.293303464842223 ], [ 35.869256507798369, -0.293617807692223 ], [ 35.869195472116694, -0.293799177736846 ], [ 35.869088659299841, -0.294004728513691 ], [ 35.869054326649554, -0.294186097642312 ], [ 35.86884125793101, -0.294325129724682 ], [ 35.868405825462439, -0.294609260472813 ], [ 35.868165498365812, -0.294851085650125 ], [ 35.867658140798802, -0.295733747245671 ], [ 35.867433071638516, -0.29599972517365 ], [ 35.867372035671764, -0.29626573285584 ], [ 35.867455958876228, -0.296531742038506 ], [ 35.867684839252014, -0.296797750708159 ], [ 35.868009088415469, -0.297160461106176 ], [ 35.868512627343833, -0.297656204751066 ], [ 35.86876439658473, -0.297970579300406 ], [ 35.868882650749107, -0.298260770493264 ], [ 35.868889593694767, -0.298279388159661 ], [ 35.868981832972487, -0.298526749524158 ], [ 35.869149678317697, -0.298780667036773 ], [ 35.869317524744233, -0.299010401647754 ], [ 35.869477740897779, -0.299318715309237 ], [ 35.869489182311099, -0.300092557116719 ], [ 35.869382369884597, -0.300479447938013 ], [ 35.869313702203051, -0.30125329047736 ], [ 35.869420513744778, -0.301427399474637 ], [ 35.869687542411555, -0.301620860573067 ], [ 35.870091898916513, -0.301911022534502 ], [ 35.870370370979884, -0.302288284190432 ], [ 35.870641213319857, -0.302878327362673 ], [ 35.870786169965434, -0.303332936396076 ], [ 35.870831945753224, -0.303710166049844 ], [ 35.870641209162429, -0.304116439347167 ], [ 35.870515323265757, -0.304338912346693 ], [ 35.870294068768416, -0.304706480414347 ], [ 35.870324586187593, -0.304890249827141 ], [ 35.870408508410492, -0.305151428665093 ], [ 35.870484801916668, -0.30532553755654 ], [ 35.870660277475963, -0.305518998341123 ], [ 35.870698423969365, -0.30568341622359 ], [ 35.870679350492019, -0.305818849867487 ], [ 35.870679350004906, -0.305963945259729 ], [ 35.870706052419777, -0.306147715665678 ], [ 35.870744198880722, -0.306321823420155 ], [ 35.870831936465613, -0.306476610996316 ], [ 35.87083193584872, -0.306660380304474 ], [ 35.870786158209697, -0.306834488780037 ], [ 35.870725122390162, -0.307056961998704 ], [ 35.870725119403048, -0.307946856709021 ], [ 35.8707365628647, -0.30811130369516 ], [ 35.870843374148066, -0.308362790723024 ], [ 35.870927296306803, -0.308643290912061 ], [ 35.871026476639734, -0.30917530801912 ], [ 35.871003587151613, -0.309610594114282 ], [ 35.870767073358117, -0.310358800439 ], [ 35.870603039420523, -0.310877717955205 ], [ 35.870484781883192, -0.311293651161992 ], [ 35.870477146284841, -0.313257240043225 ], [ 35.870458070736625, -0.313711848506876 ], [ 35.870370331041123, -0.31418580829205 ], [ 35.870027006292126, -0.314882270831849 ], [ 35.869977414680825, -0.315046688412211 ], [ 35.869889673784165, -0.31587855632925 ], [ 35.869687492009547, -0.316633045823094 ], [ 35.869706562825577, -0.317290776277838 ], [ 35.869805742024248, -0.318161348942642 ], [ 35.870141434060038, -0.318867445264372 ], [ 35.870583937656122, -0.319146859385041 ], [ 35.870641158603938, -0.319182990469225 ], [ 35.870641161898561, -0.318200625713652 ], [ 35.870595387254355, -0.317481809210208 ], [ 35.870759420978729, -0.317026541828839 ], [ 35.870927270028886, -0.31647547409314 ], [ 35.871426998558213, -0.315900403783704 ], [ 35.872140348700476, -0.315517055741854 ], [ 35.873307647262557, -0.315469144925067 ], [ 35.875070038334428, -0.315780614099941 ], [ 35.878259127236575, -0.316355695916396 ], [ 35.881589361510699, -0.31657133982156 ], [ 35.882302710366211, -0.316571342236743 ], [ 35.883138129407399, -0.316858865965809 ], [ 35.884065099558448, -0.317745403289526 ], [ 35.885396427436568, -0.31856008390053 ], [ 35.886540838449825, -0.318368397437794 ], [ 35.887250375172691, -0.317807340647008 ], [ 35.88761276700361, -0.319187668907518 ], [ 35.887738651317783, -0.319438645572099 ], [ 35.88787597968755, -0.319677081315798 ], [ 35.88788742148364, -0.320342161944153 ], [ 35.887788238694903, -0.320542942801265 ], [ 35.887700499668924, -0.320819001668674 ], [ 35.887639463465739, -0.321157827840648 ], [ 35.887612758174157, -0.321835449296962 ], [ 35.887551721468988, -0.322324831410974 ], [ 35.887496418692407, -0.322537758732553 ], [ 35.887216022755013, -0.323617337359586 ], [ 35.887165849198738, -0.323766020596216 ], [ 35.886331003941706, -0.326240003615464 ], [ 35.886266152315137, -0.326704302786042 ], [ 35.885869419906115, -0.327582704171235 ], [ 35.884808925502412, -0.330017129579122 ], [ 35.884435081411993, -0.330807681902911 ], [ 35.884171865083253, -0.331410025580356 ], [ 35.884011646758459, -0.331748821205717 ], [ 35.883775134424567, -0.332062533648274 ], [ 35.883698838741097, -0.332539403934324 ], [ 35.88348902827191, -0.332903311511219 ], [ 35.883599646035698, -0.335413018811083 ], [ 35.88346231531974, -0.335877317725625 ], [ 35.883374576250077, -0.336165947743106 ], [ 35.8829778465103, -0.336542396650506 ], [ 35.882565857835147, -0.336893762581547 ], [ 35.882104277475982, -0.337132166088339 ], [ 35.881753324167924, -0.337395683095283 ], [ 35.881307002156788, -0.3378348980385 ], [ 35.881032342564652, -0.33821134735641 ], [ 35.880784385460473, -0.338750954063916 ], [ 35.880532610461962, -0.340156392293602 ], [ 35.880296097748207, -0.340583036781848 ], [ 35.880170211463117, -0.340921861710333 ], [ 35.879861218995224, -0.341248115865301 ], [ 35.879548411517213, -0.341875541275366 ], [ 35.879025793943285, -0.342753943205672 ], [ 35.878899906819861, -0.343343715160429 ], [ 35.878762576980783, -0.343544495876227 ], [ 35.878690097095671, -0.343782930895996 ], [ 35.878636689940883, -0.344109185912537 ], [ 35.878651947786778, -0.344460553280426 ], [ 35.87795385193666, -0.346255011378125 ], [ 35.877927147102511, -0.346794588619752 ], [ 35.877755483969153, -0.347070647184154 ], [ 35.877690632213451, -0.347572600413417 ], [ 35.877564743497359, -0.348639242883879 ], [ 35.877755476680676, -0.349254129025598 ], [ 35.877827955723212, -0.349567842497814 ], [ 35.877679179864032, -0.350069765237586 ], [ 35.877579996610443, -0.350408591254304 ], [ 35.877305337265241, -0.350709761586606 ], [ 35.877244299383484, -0.351550510972563 ], [ 35.877168003446059, -0.352102659199028 ], [ 35.877206146172689, -0.353397296570118 ], [ 35.877229032106477, -0.354024963704954 ], [ 35.875588705341166, -0.355441198492202 ], [ 35.875069903062936, -0.356229770013191 ], [ 35.874543470242813, -0.357477031303639 ], [ 35.874245920217724, -0.358571395758682 ], [ 35.873894962164066, -0.360253193725918 ], [ 35.873677522898191, -0.3605509141458 ], [ 35.873288422229514, -0.360904980205881 ], [ 35.87238433659374, -0.361355595905772 ], [ 35.872201230176572, -0.361411910298386 ], [ 35.872041012761031, -0.361476296808301 ], [ 35.871735835787774, -0.361653314865544 ], [ 35.871560359245429, -0.361749894849802 ], [ 35.871201776823462, -0.361741852805009 ], [ 35.870866083322582, -0.361765974161456 ], [ 35.870610497491619, -0.36191886888652 ], [ 35.870450279645539, -0.362111999298138 ], [ 35.870362540271586, -0.362490188869011 ], [ 35.870267172237675, -0.362763788213742 ], [ 35.86984373863109, -0.363085660628369 ], [ 35.869508044672251, -0.363246595912315 ], [ 35.869187608893867, -0.363359226864556 ], [ 35.868996872955066, -0.36356846903586 ], [ 35.868748916998321, -0.363761568946991 ], [ 35.868340742948014, -0.363922503984771 ], [ 35.867825757003082, -0.364310773598654 ], [ 35.866776715060084, -0.364198918229687 ], [ 35.86584211347909, -0.36402180637245 ], [ 35.864510781994298, -0.363965875447067 ], [ 35.863415963814674, -0.363608893873597 ], [ 35.862595804058778, -0.363228570961139 ], [ 35.861542948835847, -0.36260222118596 ], [ 35.860883005682382, -0.362400866952948 ], [ 35.860268839336378, -0.362274102228417 ], [ 35.859742410575492, -0.362303923093712 ], [ 35.859200721348429, -0.362765070510268 ], [ 35.858586553644621, -0.363042927607378 ], [ 35.858357670424624, -0.363320816215865 ], [ 35.858327151661136, -0.363536928922755 ], [ 35.85822033964628, -0.36379936650296 ], [ 35.858098267301472, -0.364154424094515 ], [ 35.858067745497927, -0.365574684201893 ], [ 35.858037226838093, -0.365759924224147 ], [ 35.85785030556665, -0.366068686662949 ], [ 35.857789267951901, -0.366825126589145 ], [ 35.85768245529929, -0.366979492661643 ], [ 35.857484090686526, -0.367087563492639 ], [ 35.857453571819342, -0.367334549886888 ], [ 35.857453570628017, -0.367689637085207 ], [ 35.85699198966271, -0.368399750514188 ], [ 35.856717329554542, -0.368924625459509 ], [ 35.856381633783357, -0.36932600745165 ], [ 35.855859018827367, -0.369711936358534 ], [ 35.855107521425815, -0.370144189618368 ], [ 35.85449335256007, -0.370468371840119 ], [ 35.853726597226405, -0.370576440735974 ], [ 35.853223056536955, -0.370591860262888 ], [ 35.853524417219091, -0.370800143672361 ], [ 35.857162959952007, -0.371954998341539 ], [ 35.861592503852322, -0.373360913422713 ], [ 35.874070378294434, -0.378263564970202 ], [ 35.873898714299784, -0.378796481081746 ], [ 35.872446892612373, -0.381747972400197 ], [ 35.871174998367081, -0.384333679504404 ], [ 35.869744478655726, -0.386397024032632 ], [ 35.867604421437235, -0.389236757795343 ], [ 35.865719949813709, -0.391693622228298 ], [ 35.864564090281817, -0.393203887984246 ], [ 35.859288342213659, -0.397767774641141 ], [ 35.858872538853248, -0.398013528463694 ], [ 35.85826600095028, -0.39804863041507 ], [ 35.857953195349324, -0.398107136033172 ], [ 35.857754830035155, -0.39842306840408 ], [ 35.857186437614615, -0.398926219884037 ], [ 35.856499787982322, -0.399745334206285 ], [ 35.856564637574856, -0.39989220063507 ], [ 35.856850737924333, -0.400496285699282 ], [ 35.857041471657809, -0.40094873429773 ], [ 35.857144467568595, -0.401314203307773 ], [ 35.857213129445157, -0.401975473466972 ], [ 35.85719024027982, -0.402314839302072 ], [ 35.855904676392313, -0.405068316335883 ], [ 35.853386953769345, -0.41084392100537 ], [ 35.851338443980865, -0.415353091958532 ], [ 35.850796752154885, -0.416581120214146 ], [ 35.848279028482196, -0.422356723655031 ], [ 35.846558586008186, -0.425995082888428 ], [ 35.846497550484422, -0.42612715685238 ], [ 35.844513899024307, -0.427863674279516 ], [ 35.840218529792232, -0.432185707595733 ], [ 35.83840654024786, -0.434008153807477 ], [ 35.836651770778602, -0.435828951160891 ], [ 35.836213066512073, -0.439900410926864 ], [ 35.836049032011879, -0.440578961903241 ], [ 35.835995623229493, -0.441385926913672 ], [ 35.835976547555141, -0.442174531122383 ], [ 35.836499944272305, -0.44306479068843 ], [ 35.837033213947528, -0.443971844713978 ], [ 35.837815225234685, -0.444797144275601 ], [ 35.838871895633048, -0.445402372507001 ], [ 35.839611946619115, -0.445704956635356 ], [ 35.840413033554768, -0.446047326310342 ], [ 35.842087686181138, -0.446536383922528 ], [ 35.843110024434601, -0.447172154491786 ], [ 35.8432549802558, -0.447881309367733 ], [ 35.843110020585442, -0.448321455404992 ], [ 35.842888765893434, -0.448737178688095 ], [ 35.842629362883791, -0.449829413697439 ], [ 35.842606470476007, -0.451136322616307 ], [ 35.842605858473696, -0.451136759539142 ], [ 35.842377587618081, -0.451299688484132 ], [ 35.842156333770454, -0.451463055384437 ], [ 35.841957968797509, -0.451673106887856 ], [ 35.841713826918628, -0.451836473710217 ], [ 35.841378133071608, -0.451953154689489 ], [ 35.841111103161417, -0.45211652042716 ], [ 35.840962329372843, -0.452291528502003 ], [ 35.84082118318711, -0.452886640953993 ], [ 35.84069529742947, -0.453061679308191 ], [ 35.840371047245412, -0.453283401514269 ], [ 35.840104016748121, -0.453621807038821 ], [ 35.839882763391252, -0.453936839246819 ], [ 35.839745432640115, -0.454403598459602 ], [ 35.839501288452873, -0.455255447256321 ], [ 35.839291478680849, -0.4556988639583 ], [ 35.839005373756521, -0.456156651607098 ], [ 35.839070220619256, -0.457119213598406 ], [ 35.83897103525824, -0.458081775029351 ], [ 35.838791739675678, -0.45937623101782 ], [ 35.838791738341129, -0.459774523340654 ], [ 35.838856587373328, -0.460089857527846 ], [ 35.838890918251927, -0.460737085435467 ], [ 35.838822252045851, -0.461069010235283 ], [ 35.838658217763914, -0.461683055333505 ], [ 35.838543774383112, -0.462346874805992 ], [ 35.838673468223405, -0.464238785398197 ], [ 35.838623874987341, -0.464886014017689 ], [ 35.838345400048233, -0.46535070186968 ], [ 35.838066925219991, -0.465782206580832 ], [ 35.838017333314525, -0.466032149623223 ], [ 35.837998256456594, -0.466877502657412 ], [ 35.837933406255509, -0.467209427462675 ], [ 35.837818964430859, -0.467408588331039 ], [ 35.83770070682273, -0.467840063380441 ], [ 35.837601524034547, -0.468034573163793 ], [ 35.837323052873586, -0.467371112784645 ], [ 35.831524704552386, -0.467470072691723 ], [ 35.831051676401863, -0.469108035198332 ], [ 35.830773199758049, -0.470078996211784 ], [ 35.830559573990051, -0.470815664000866 ], [ 35.829766110404101, -0.47245053370032 ], [ 35.829655482492129, -0.472676547338793 ], [ 35.829430414571711, -0.472857856322342 ], [ 35.828797172957543, -0.473375108846216 ], [ 35.828003712682737, -0.474022694319821 ], [ 35.82708436764969, -0.47424828539444 ], [ 35.826390092114018, -0.474418640460852 ], [ 35.824620068392555, -0.47479478450782 ], [ 35.82285004566895, -0.475170898348966 ], [ 35.820843510547519, -0.475566812938145 ], [ 35.819309998348132, -0.475883552099333 ], [ 35.817482754071257, -0.476398220263798 ], [ 35.81642120162666, -0.476684923952499 ], [ 35.816137550973309, -0.476761531828614 ], [ 35.815357963177235, -0.476972083687055 ], [ 35.815518185592538, -0.475432200745671 ], [ 35.815777589955779, -0.474245246757714 ], [ 35.815933994576589, -0.47353249186549 ], [ 35.816304026780493, -0.471845053831161 ], [ 35.81662446716583, -0.470379820132088 ], [ 35.816735094987038, -0.469885188267144 ], [ 35.816752122444008, -0.469756664944264 ], [ 35.817028833870538, -0.467667984507732 ], [ 35.816853363370086, -0.465965483749689 ], [ 35.816681703528268, -0.465551859211477 ], [ 35.815594521920083, -0.46291679742688 ], [ 35.815270275126508, -0.462130802575613 ], [ 35.814587448737711, -0.460486686909537 ], [ 35.814255573008587, -0.45967914981213 ], [ 35.813923696257604, -0.458878303502913 ], [ 35.813351492478056, -0.45828438865557 ], [ 35.81239018902729, -0.458027048649762 ], [ 35.807354783385847, -0.457354030051473 ], [ 35.805409286248548, -0.457195576669914 ], [ 35.804013104865923, -0.457037214770151 ], [ 35.802735180612416, -0.456888695159814 ], [ 35.80145725535882, -0.456740204742951 ], [ 35.799843635736281, -0.456858982378912 ], [ 35.799057806512479, -0.457195554847664 ], [ 35.798447451050897, -0.45796759410581 ], [ 35.798214752970523, -0.458485868850634 ], [ 35.798130828203711, -0.458677648413264 ], [ 35.797898130126221, -0.459194992929376 ], [ 35.797524284803991, -0.460315969917159 ], [ 35.797261067791034, -0.46109620119309 ], [ 35.797112293041856, -0.461550778805257 ], [ 35.796776592855181, -0.463530417123275 ], [ 35.796562966961865, -0.464295377329143 ], [ 35.795773313296792, -0.467113633092984 ], [ 35.795544428165172, -0.467942230245694 ], [ 35.795380394937546, -0.468531071604751 ], [ 35.795243063039258, -0.469033865017617 ], [ 35.7953613169853, -0.469687153773058 ], [ 35.79539946363861, -0.469804887052403 ], [ 35.79563978750943, -0.470530484281637 ], [ 35.795754227499259, -0.470874950653372 ], [ 35.795861037066729, -0.471340750246104 ], [ 35.7958648900157, -0.471357363474151 ], [ 35.795990551351522, -0.471899195115673 ], [ 35.796166209025635, -0.47265660105654 ], [ 35.795948764675359, -0.474438338882987 ], [ 35.795942318610258, -0.474454869522691 ], [ 35.795736594532649, -0.474982415392227 ], [ 35.794411426145437, -0.478380600452024 ], [ 35.793995619915059, -0.479455192702151 ], [ 35.793156378458555, -0.481599366620695 ], [ 35.793041936271692, -0.481901618599671 ], [ 35.792992344836655, -0.482009238874192 ], [ 35.792507873369651, -0.483124365222545 ], [ 35.792175992319137, -0.483885305054548 ], [ 35.791485525982999, -0.485464969448773 ], [ 35.789810855515931, -0.490206575419831 ], [ 35.789265347505342, -0.491748916417522 ], [ 35.789009759683992, -0.492472952440415 ], [ 35.788017929744171, -0.494690482796352 ], [ 35.787079505305343, -0.496781820549642 ], [ 35.786591219887868, -0.49787741506941 ], [ 35.786369965987028, -0.498344083307742 ], [ 35.784737260922718, -0.50179720275005 ], [ 35.784573227519886, -0.502140978505381 ], [ 35.784210828402301, -0.502905757878618 ], [ 35.780060397653038, -0.512843573539209 ], [ 35.778919792579764, -0.515615082638764 ], [ 35.778500167994878, -0.517666578279983 ], [ 35.778400984238679, -0.518140687711101 ], [ 35.778194986467312, -0.519161755205438 ], [ 35.777866916503903, -0.520775203772752 ], [ 35.777802066334203, -0.521091437469886 ], [ 35.777267998645861, -0.523711852102281 ], [ 35.775223282045737, -0.534184151003343 ], [ 35.774429809105385, -0.538529266909152 ], [ 35.767143731396096, -0.53705470610717 ], [ 35.760063647831949, -0.535629290925279 ], [ 35.757248399793447, -0.535012356417898 ], [ 35.752510542363481, -0.533975070394936 ], [ 35.751793378984615, -0.53377722653368 ], [ 35.750755780431625, -0.533492492916661 ], [ 35.74988984397099, -0.533254685016245 ], [ 35.749668590853624, -0.533193837935524 ], [ 35.74823807900642, -0.532826354018517 ], [ 35.746830454170407, -0.532465591169138 ], [ 35.744223675706934, -0.531773318001838 ], [ 35.741581428225793, -0.531071625648087 ], [ 35.741985787485227, -0.530878526416035 ], [ 35.742538920351727, -0.530572496727168 ], [ 35.742695324383277, -0.530339371698966 ], [ 35.742710583557844, -0.530004176913977 ], [ 35.74284028510084, -0.529610775883988 ], [ 35.74316072167413, -0.529290162765099 ], [ 35.743477343091243, -0.529013294466278 ], [ 35.743752002195983, -0.528809334077457 ], [ 35.743896960909858, -0.528663579880208 ], [ 35.743912220883679, -0.528386710531411 ], [ 35.743839743129065, -0.52799330879488 ], [ 35.743839744631323, -0.527556162475906 ], [ 35.744057184003829, -0.526958679591999 ], [ 35.744663726700672, -0.525559814480496 ], [ 35.745113865564939, -0.524627197960251 ], [ 35.745461004575397, -0.524190052843404 ], [ 35.745968362070286, -0.523680060629641 ], [ 35.746243021323224, -0.523432355401095 ], [ 35.746475719614757, -0.523155486802967 ], [ 35.746647382767819, -0.522601748583572 ], [ 35.746762631289371, -0.522207831033764 ], [ 35.746792342681637, -0.522106277319247 ], [ 35.747025043725444, -0.521027963712969 ], [ 35.747051749267101, -0.520299367458055 ], [ 35.747040306752019, -0.519862221085307 ], [ 35.746937310853191, -0.51949792204808 ], [ 35.746807612065574, -0.519089938486014 ], [ 35.746574920883212, -0.517589059527834 ], [ 35.746388005067885, -0.516292142075115 ], [ 35.746330785336873, -0.515898679967343 ], [ 35.746170570307527, -0.515257511307424 ], [ 35.746098092654663, -0.514834946324829 ], [ 35.746066275191154, -0.514665430442419 ], [ 35.745953136098798, -0.514062665020818 ], [ 35.74583869828912, -0.513086361050928 ], [ 35.745808183800172, -0.512343181953208 ], [ 35.745865405787228, -0.511789444317314 ], [ 35.746115949422936, -0.511128610424222 ], [ 35.746185844158127, -0.510944255555851 ], [ 35.746330804823387, -0.510230241294415 ], [ 35.746330807328526, -0.509501704311185 ], [ 35.746285034319158, -0.508612770435172 ], [ 35.74623224975219, -0.508464633591817 ], [ 35.74609811585276, -0.508088194158551 ], [ 35.745911196336543, -0.507578199493317 ], [ 35.745709020252313, -0.506645579624783 ], [ 35.745693764586356, -0.505960728017845 ], [ 35.745911203705077, -0.505436153144507 ], [ 35.746212567245429, -0.504824149290386 ], [ 35.746201124532341, -0.504445268936009 ], [ 35.746098131241368, -0.503614661293347 ], [ 35.746258351029248, -0.502871482831377 ], [ 35.746445273504357, -0.502230346555225 ], [ 35.746632195026848, -0.501866048501225 ], [ 35.746838189824786, -0.501720323696379 ], [ 35.746983148985883, -0.501443454768723 ], [ 35.747025111848345, -0.501210300118513 ], [ 35.747429472435101, -0.500627429636712 ], [ 35.747719392358057, -0.499898864439826 ], [ 35.748123754748306, -0.49879138810762 ], [ 35.74860059659261, -0.497581932344126 ], [ 35.748993514764486, -0.496532752212609 ], [ 35.749279618521186, -0.496141152730308 ], [ 35.749397875630187, -0.495867944207762 ], [ 35.74944365263547, -0.495594705230256 ], [ 35.749432210009672, -0.495190352342024 ], [ 35.749462730120655, -0.494589238425791 ], [ 35.749561913277397, -0.49429418761728 ], [ 35.74965728172932, -0.493911678323708 ], [ 35.749790797085438, -0.493572882793807 ], [ 35.749874723723771, -0.492840625145366 ], [ 35.749867095780246, -0.492239542299512 ], [ 35.749832766738393, -0.491365249413015 ], [ 35.750008245319542, -0.490687658026962 ], [ 35.750016450427502, -0.49065967271356 ], [ 35.750113464704015, -0.490328795057579 ], [ 35.750168465427642, -0.490141211508679 ], [ 35.750233315384733, -0.489889845011826 ], [ 35.750267650012589, -0.489430826323904 ], [ 35.750343945474633, -0.489037394840687 ], [ 35.750485090179367, -0.488600248943977 ], [ 35.750527053667632, -0.488184945925988 ], [ 35.750603349580672, -0.487660370523746 ], [ 35.750626239079459, -0.487234145321814 ], [ 35.750561391167849, -0.486600267726599 ], [ 35.750462210230033, -0.4862505210713 ], [ 35.749767936424263, -0.485616671481493 ], [ 35.748627344189671, -0.4846330428119 ], [ 35.747879663783642, -0.484152180174312 ], [ 35.74726931285803, -0.483878969096941 ], [ 35.746380487236181, -0.483693156124211 ], [ 35.745510736244171, -0.48333251485972 ], [ 35.743904748923555, -0.482764218931571 ], [ 35.742928185969866, -0.482348911337931 ], [ 35.741539635997988, -0.481769665857487 ], [ 35.739586510490504, -0.481113939422327 ], [ 35.738957085352418, -0.480895364018118 ], [ 35.735634482206862, -0.480152174300699 ], [ 35.733158741962761, -0.479496446014218 ], [ 35.732216511491373, -0.479246426012855 ], [ 35.728279742529907, -0.478200411909595 ], [ 35.725571306966621, -0.47725506195395 ], [ 35.723454151543699, -0.475935934854787 ], [ 35.722317374744144, -0.474550864724258 ], [ 35.722253447405393, -0.474334482962744 ], [ 35.722077051230379, -0.473737417371548 ], [ 35.722057991415539, -0.469648194521929 ], [ 35.723671624596065, -0.465646886859419 ], [ 35.724281983184113, -0.463998004719911 ], [ 35.724545204495968, -0.462000304223973 ], [ 35.72461005635445, -0.461491720784836 ], [ 35.72448036259177, -0.459644964378917 ], [ 35.724438404889419, -0.458391822172025 ], [ 35.724785547883911, -0.457094695872164 ], [ 35.72557138565859, -0.454598313762315 ], [ 35.725876564480899, -0.453621051609302 ], [ 35.725991007135505, -0.453190905421681 ], [ 35.726031653723162, -0.453038129816552 ], [ 35.726227521554819, -0.45230193307472 ], [ 35.72644496994571, -0.44939990636438 ], [ 35.725594300405589, -0.446915580166946 ], [ 35.724024317353752, -0.441996109405287 ], [ 35.724022659369609, -0.44199091361632 ], [ 35.723976896013816, -0.438341386740372 ], [ 35.723870097961182, -0.434581927661192 ], [ 35.724873370080154, -0.432933046726338 ], [ 35.726269558417528, -0.430800486155547 ], [ 35.727276642855507, -0.429921096590879 ], [ 35.728607976204025, -0.429481374523677 ], [ 35.729786720036678, -0.429129620826544 ], [ 35.731011238866344, -0.429371481252758 ], [ 35.732735478412344, -0.431042333842218 ], [ 35.734265172057867, -0.431745884118735 ], [ 35.73592456671399, -0.431921768376208 ], [ 35.736798135051508, -0.431591976631474 ], [ 35.738171430900302, -0.430734580574171 ], [ 35.738827563531487, -0.429657319116565 ], [ 35.739025931309442, -0.428646002526669 ], [ 35.739197596508426, -0.427502761669377 ], [ 35.739562902946105, -0.42636654249044 ], [ 35.739620906650721, -0.426186132935236 ], [ 35.739678254347282, -0.426007765045554 ], [ 35.740246649694043, -0.42468867734951 ], [ 35.740342018053262, -0.424334069748062 ], [ 35.740605234139267, -0.423835508025256 ], [ 35.736164959051116, -0.412917335147767 ], [ 35.73592844976271, -0.41233347260596 ], [ 35.734402806306804, -0.407850207652108 ], [ 35.73424236773225, -0.407378740809815 ], [ 35.733109411971903, -0.404288589505249 ], [ 35.73431867352037, -0.404020605694507 ], [ 35.735260906880747, -0.403703894737992 ], [ 35.73529427198681, -0.403686210465529 ], [ 35.736180251803006, -0.403216616820803 ], [ 35.737149189400043, -0.402266449208313 ], [ 35.737873985246317, -0.401438094227007 ], [ 35.738575892959744, -0.400926482639184 ], [ 35.739182431884181, -0.400317390118881 ], [ 35.739472352149086, -0.39948903259345 ], [ 35.739376986885382, -0.398953056099305 ], [ 35.738793337956999, -0.398709397857071 ], [ 35.738091432261683, -0.398928688469285 ], [ 35.737729034170123, -0.399391576059174 ], [ 35.737187345307397, -0.399720018964499 ], [ 35.736340480216349, -0.399997215727288 ], [ 35.73538680478633, -0.400043417692487 ], [ 35.734261467288242, -0.400043413724055 ], [ 35.731770509611358, -0.387811016473897 ], [ 35.728104573323719, -0.389945459972007 ], [ 35.716374428999437, -0.37106510459913 ], [ 35.71461586121066, -0.368357881282238 ], [ 35.713231130934965, -0.366499989305538 ], [ 35.712937400231816, -0.366022246909611 ], [ 35.706513483904537, -0.354091487697577 ], [ 35.697743536436576, -0.339147048632323 ], [ 35.696850901563728, -0.337659427102015 ], [ 35.69617951620765, -0.336953599321367 ], [ 35.69555772114807, -0.336464544974825 ], [ 35.694722304427145, -0.335803362498223 ], [ 35.692387711739684, -0.334313305501121 ], [ 35.691685808701699, -0.333790467687056 ], [ 35.687840598189773, -0.33115017261972 ], [ 35.687703269786965, -0.330932948851008 ], [ 35.687581198924292, -0.330850680642395 ], [ 35.687371392769613, -0.33025619591288 ], [ 35.687115808866473, -0.32985619304382 ], [ 35.686577938402024, -0.329232124077683 ], [ 35.685925626963929, -0.328560080518256 ], [ 35.685876376118721, -0.328498980285545 ], [ 35.685769224455491, -0.328366048947578 ], [ 35.685654783815203, -0.328224074038143 ], [ 35.685494567636212, -0.32793604314245 ], [ 35.685414459615494, -0.32763202047057 ], [ 35.685433534663431, -0.327343989213316 ], [ 35.685624272748484, -0.326543955792397 ], [ 35.685654791152238, -0.326159914804456 ], [ 35.685676466549275, -0.325774616365971 ], [ 35.685683194982971, -0.325655009640667 ], [ 35.685734905315982, -0.324735813944709 ], [ 35.685864608032304, -0.324017777256506 ], [ 35.685746357173997, -0.322529679227025 ], [ 35.685460258697184, -0.321437591828451 ], [ 35.685101680087548, -0.320357505512681 ], [ 35.68501775809186, -0.32004550239285 ], [ 35.684933837761214, -0.319265448735748 ], [ 35.68485373036841, -0.318785397568752 ], [ 35.684647738372725, -0.318149359638909 ], [ 35.684376897296126, -0.317513320467327 ], [ 35.684273968988272, -0.317282519918059 ], [ 35.68401831770786, -0.316709264126226 ], [ 35.683850474188553, -0.315953212854521 ], [ 35.683766552860142, -0.315173160195452 ], [ 35.683816145203878, -0.314813121960033 ], [ 35.684125139196439, -0.314081075099554 ], [ 35.684281543399791, -0.313517045547527 ], [ 35.684411247235801, -0.312484966360014 ], [ 35.68452950543405, -0.311908935320566 ], [ 35.684720242551869, -0.311380879730289 ], [ 35.685124602790133, -0.310612830171057 ], [ 35.685353486912192, -0.310096805259831 ], [ 35.685437412170153, -0.309772771186985 ], [ 35.68547174566519, -0.309364758709693 ], [ 35.685483190875573, -0.309028723027125 ], [ 35.685723518669775, -0.30860870893737 ], [ 35.685948587444834, -0.308188664590047 ], [ 35.686032511446278, -0.307936638602424 ], [ 35.686104993116757, -0.3074926212107 ], [ 35.686211806684234, -0.306808578999246 ], [ 35.686330065821224, -0.305968520312543 ], [ 35.686341511458764, -0.30551247215526 ], [ 35.686520805372361, -0.30475642211455 ], [ 35.686761134874054, -0.303856357124341 ], [ 35.68708157384156, -0.302572281502372 ], [ 35.68712735247874, -0.302128265015332 ], [ 35.687211277889396, -0.301480196554193 ], [ 35.687569866509229, -0.299464073061732 ], [ 35.687794936495777, -0.298984022971634 ], [ 35.688176408742713, -0.298203970952124 ], [ 35.688226000871687, -0.297903969644589 ], [ 35.688344258768829, -0.297411917819412 ], [ 35.688832544513197, -0.29624785525781 ], [ 35.689179685716383, -0.295467804116146 ], [ 35.689263610528087, -0.294987752505811 ], [ 35.68948868079444, -0.294147694180732 ], [ 35.68960693984409, -0.293331638165321 ], [ 35.689839640320621, -0.292154073279993 ], [ 35.690106672018359, -0.291488033140474 ], [ 35.690579698159951, -0.29076798918554 ], [ 35.691178608038534, -0.290164926865138 ], [ 35.692303948519985, -0.289291867816294 ], [ 35.693234737897335, -0.288661834109193 ], [ 35.693806944227902, -0.288202817064185 ], [ 35.694238007513881, -0.287707766269519 ], [ 35.694836918803844, -0.286987721754085 ], [ 35.695596047599587, -0.285898668314937 ], [ 35.695882153475182, -0.285187593730428 ], [ 35.696240738238153, -0.284251556288656 ], [ 35.696687061755306, -0.28341449882513 ], [ 35.696908315143432, -0.283099465482814 ], [ 35.69755300190846, -0.282541438825253 ], [ 35.698285426107532, -0.282172401757433 ], [ 35.699254361347933, -0.281872193339042 ], [ 35.69996771199957, -0.28165038287715 ], [ 35.700852723221416, -0.281326351664484 ], [ 35.702084873533089, -0.280813331417073 ], [ 35.702943183008166, -0.280408290751889 ], [ 35.703767160919639, -0.279868266251761 ], [ 35.704446180229652, -0.279166224534207 ], [ 35.705556263356449, -0.277816114560596 ], [ 35.706261986493509, -0.276889078605821 ], [ 35.706689234603289, -0.276439032083984 ], [ 35.706975337840952, -0.276187005797024 ], [ 35.708119751960403, -0.275412957651734 ], [ 35.709409122677798, -0.274800927727897 ], [ 35.71038187347137, -0.274341912099613 ], [ 35.711499582565125, -0.273846863748537 ], [ 35.712178600653665, -0.273486857939112 ], [ 35.712563887326048, -0.273144822393232 ], [ 35.712750808856015, -0.272775813555045 ], [ 35.712975877973285, -0.272253759216764 ], [ 35.713200946230074, -0.271974760126601 ], [ 35.713662527343089, -0.271533714984299 ], [ 35.714494135044355, -0.270768666967383 ], [ 35.715061182742367, -0.270197515137635 ], [ 35.715146451148016, -0.270111629438304 ], [ 35.715665253760044, -0.269265570941316 ], [ 35.715855990961359, -0.268707542631694 ], [ 35.71584454812573, -0.268374506923154 ], [ 35.715718663803493, -0.268140481680227 ], [ 35.715592776095008, -0.268015677671449 ], [ 35.715085425270097, -0.267512692387058 ], [ 35.714806953148276, -0.267170775265747 ], [ 35.714658180878637, -0.266914336884821 ], [ 35.71458188783285, -0.266619045642505 ], [ 35.714581888575502, -0.266409202747294 ], [ 35.714665812610455, -0.26614499518004 ], [ 35.714929028463651, -0.265709829690107 ], [ 35.715463089188461, -0.26511924865897 ], [ 35.716016222742844, -0.264583063877164 ], [ 35.716142108799716, -0.264326597284144 ], [ 35.716164998119126, -0.263961368160062 ], [ 35.716103964036428, -0.263681618017933 ], [ 35.715962820693839, -0.263448492743514 ], [ 35.715508872640321, -0.263028866733836 ], [ 35.715314324234626, -0.262795741267444 ], [ 35.71522277175864, -0.262617011345611 ], [ 35.715192254071617, -0.262518360771832 ], [ 35.715356286440738, -0.262469036127915 ], [ 35.715810235280628, -0.262666338684152 ], [ 35.716046746561084, -0.262666339532081 ], [ 35.716359553261647, -0.262573150747565 ], [ 35.716962277023043, -0.262277201515156 ], [ 35.717317045335072, -0.262025116067413 ], [ 35.717626036806038, -0.261712723701998 ], [ 35.717843476401022, -0.261334564703001 ], [ 35.718041842205928, -0.260890638323458 ], [ 35.718259281412941, -0.260622080100815 ], [ 35.71868271361145, -0.260424780688665 ], [ 35.719064184275602, -0.260364505503935 ], [ 35.719853826957184, -0.260435766404921 ], [ 35.720097968555784, -0.260348067126947 ], [ 35.720437478177374, -0.260002791716413 ], [ 35.720902872831189, -0.259690400915779 ], [ 35.72173829397957, -0.259361568352871 ], [ 35.722405867929105, -0.259032736195208 ], [ 35.723031480118969, -0.258621694494821 ], [ 35.723378619559618, -0.258329674655618 ], [ 35.723653279032497, -0.258004291189081 ], [ 35.724027120561587, -0.257696009571596 ], [ 35.724580253422509, -0.257353465201698 ], [ 35.72481676512421, -0.257233573365835 ], [ 35.725079980524754, -0.257207891359862 ], [ 35.725514855915691, -0.257242156308599 ], [ 35.725854364919854, -0.257070869750505 ], [ 35.726109951066697, -0.256831114496062 ], [ 35.726308316478679, -0.256497120106896 ], [ 35.726441831998322, -0.25639435959904 ], [ 35.726579161220158, -0.256377258595457 ], [ 35.726705046186908, -0.256428623933619 ], [ 35.727113217760454, -0.256685542453333 ], [ 35.727403135584737, -0.256548519110871 ], [ 35.727906677113147, -0.256283052599124 ], [ 35.728211853924797, -0.256154609757029 ], [ 35.728475068445555, -0.256094664356532 ], [ 35.729146456475817, -0.256026170170256 ], [ 35.729699588276596, -0.255983327299581 ], [ 35.730031468179611, -0.255837752855454 ], [ 35.730252720892125, -0.255709309712868 ], [ 35.730473975147909, -0.255426710494593 ], [ 35.730695228101737, -0.255229770766882 ], [ 35.730866889544529, -0.25516127378811 ], [ 35.731996041597782, -0.255238326661529 ], [ 35.732182961877371, -0.255221194625153 ], [ 35.732396585520043, -0.255109884158365 ], [ 35.732526286004003, -0.255015674886565 ], [ 35.732652171242144, -0.254989992388348 ], [ 35.732789500433249, -0.254981441627707 ], [ 35.73302601149944, -0.255041388812805 ], [ 35.73325489337585, -0.255152701865426 ], [ 35.733983499917493, -0.255525523489692 ], [ 35.734612925096435, -0.255684393353965 ], [ 35.735017283878179, -0.255597024853876 ], [ 35.735055858955086, -0.255588016680744 ], [ 35.735425457692244, -0.255501706140414 ], [ 35.735875592331752, -0.255469935026761 ], [ 35.736264691452455, -0.255565256582685 ], [ 35.736718640258132, -0.255771769796375 ], [ 35.737233623353148, -0.256200727491919 ], [ 35.738275034172545, -0.256883843640342 ], [ 35.738557322308267, -0.256939440862423 ], [ 35.738812907859284, -0.256867974297975 ], [ 35.73897694033095, -0.256788525971684 ], [ 35.739110454459606, -0.256796477680624 ], [ 35.739301189264559, -0.256915621019855 ], [ 35.739480480307314, -0.256963296843616 ], [ 35.739774211679723, -0.256955346655873 ], [ 35.740018352798629, -0.257002992508191 ], [ 35.740174755591305, -0.257114214693656 ], [ 35.740319713454362, -0.257201585151329 ], [ 35.740533336286326, -0.257320728571607 ], [ 35.740720256114905, -0.257431950865501 ], [ 35.740800364148555, -0.257733782913573 ], [ 35.740846139309433, -0.257987970862959 ], [ 35.740979653684946, -0.258210384392758 ], [ 35.741170388546095, -0.25831365647309 ], [ 35.741384012103687, -0.258226287291817 ], [ 35.741597636079732, -0.258019746255278 ], [ 35.741681560042977, -0.257773511007663 ], [ 35.741654857472305, -0.257642336701671 ], [ 35.741628154845074, -0.257527274264585 ], [ 35.741029248900325, -0.257026848800088 ], [ 35.740010726580913, -0.256208658414464 ], [ 35.738984574673097, -0.255271354533678 ], [ 35.738481035703217, -0.254810624160636 ], [ 35.736611837606745, -0.253078983197445 ], [ 35.735837455937663, -0.252443511969466 ], [ 35.735471245630713, -0.25212499721277 ], [ 35.734822748338203, -0.251424779952815 ], [ 35.734513759316606, -0.251044428399509 ], [ 35.734086514153276, -0.250665201959268 ], [ 35.733758450917151, -0.250339590825242 ], [ 35.733117582058114, -0.25008724710832 ], [ 35.731832029307768, -0.249590673984279 ], [ 35.730725767537983, -0.24915923959892 ], [ 35.730451108619334, -0.24904528670754 ], [ 35.729962828312935, -0.248687106954551 ], [ 35.729623322070537, -0.248076585294952 ], [ 35.728688727357472, -0.245986244095272 ], [ 35.728597175302113, -0.245688402714632 ], [ 35.728120340936691, -0.244784884945781 ], [ 35.72731925881984, -0.243421446842273 ], [ 35.726789019217151, -0.24228525310513 ], [ 35.726583026145761, -0.241954722459398 ], [ 35.726663140347235, -0.2405086593015 ], [ 35.725453883085798, -0.239620364837018 ], [ 35.719174854483967, -0.247904224180823 ], [ 35.718167775354885, -0.247325788955573 ], [ 35.719235901108199, -0.244640252017841 ], [ 35.713204864305347, -0.24288429331076 ], [ 35.711602681375467, -0.24515667022899 ], [ 35.711541645717752, -0.245321942514077 ], [ 35.71061848807954, -0.245197980286322 ], [ 35.710679537670295, -0.241107689866562 ], [ 35.709138400417956, -0.240673868910385 ], [ 35.702882277519542, -0.243937818796591 ], [ 35.699864874905167, -0.236663683333378 ], [ 35.696416412716793, -0.228587230632298 ], [ 35.696122684130508, -0.227816147121066 ], [ 35.695909060799217, -0.227839953740502 ], [ 35.695523775397518, -0.227828041603613 ], [ 35.69523004327138, -0.227768529107937 ], [ 35.694974459189204, -0.227709016750105 ], [ 35.694444216470501, -0.22745907345673 ], [ 35.693970536678599, -0.227247944229103 ], [ 35.693968981679255, -0.22724725158623 ], [ 35.693669832810777, -0.227113913804958 ], [ 35.69341424881376, -0.227030609155461 ], [ 35.693200625695191, -0.226994889239947 ], [ 35.692597910356213, -0.224657113493763 ], [ 35.700074753635548, -0.216896272912647 ], [ 35.700769031922754, -0.216196691648122 ], [ 35.701619729921077, -0.210582571650877 ], [ 35.701970683733649, -0.210466204823926 ], [ 35.702344524909776, -0.21025517933 ], [ 35.702779401577111, -0.209925760399444 ], [ 35.703023543404136, -0.209771349479686 ], [ 35.703530900029975, -0.209476405622782 ], [ 35.704061144339768, -0.209277231032411 ], [ 35.704537982851356, -0.209004443403414 ], [ 35.705133077386108, -0.208762529903863 ], [ 35.705503102969161, -0.208716206088811 ], [ 35.705770132564297, -0.208633848655527 ], [ 35.706029532279047, -0.20851547204282 ], [ 35.706468224654785, -0.208268397427131 ], [ 35.706826806756425, -0.208072807217135 ], [ 35.707337978103332, -0.207856636767304 ], [ 35.707917813729082, -0.207583834407065 ], [ 35.708970672675605, -0.207089716008625 ], [ 35.709455141046071, -0.206858108106558 ], [ 35.709336885297844, -0.206750005927744 ], [ 35.709218629714556, -0.206595593698387 ], [ 35.709134707096695, -0.206461764396774 ], [ 35.709066042624279, -0.206291915998299 ], [ 35.709062229059924, -0.206168377884364 ], [ 35.709481846045492, -0.206024258494115 ], [ 35.710622444106079, -0.205524994960372 ], [ 35.711080209206983, -0.205360293909731 ], [ 35.712197918383993, -0.204820495909473 ], [ 35.713655136698037, -0.204067720215068 ], [ 35.714467665886957, -0.204833360162152 ], [ 35.714826249348334, -0.204254314675825 ], [ 35.715535785493707, -0.203874716766969 ], [ 35.717610981699828, -0.204189982928483 ], [ 35.715028420505618, -0.20652410185616 ], [ 35.715299264469529, -0.206619918325922 ], [ 35.715680734592659, -0.206705938604773 ], [ 35.715959206815832, -0.206731248049993 ], [ 35.716188088587614, -0.206867882650795 ], [ 35.716481819928894, -0.207146209124436 ], [ 35.7169395819447, -0.207849635268172 ], [ 35.717652936013764, -0.206366894724086 ], [ 35.719125410937082, -0.20629099180882 ], [ 35.719911239884539, -0.206272647801268 ], [ 35.723558098821542, -0.204906330188725 ], [ 35.723705123204311, -0.204844826942929 ], [ 35.723839790554869, -0.204788493263859 ], [ 35.724420439066208, -0.204545598128132 ], [ 35.724538479373408, -0.204496219957422 ], [ 35.724790250029017, -0.204390789991285 ], [ 35.725286161189317, -0.204219998292519 ], [ 35.725171721310133, -0.203867655916304 ], [ 35.739694302824326, -0.20038268637948 ], [ 35.750154223090419, -0.197920571358679 ], [ 35.762532938007567, -0.195279748525185 ], [ 35.772882231081972, -0.19307180557031 ], [ 35.779088786613023, -0.182541020589407 ], [ 35.779863176020264, -0.181231502930421 ], [ 35.781675016728641, -0.182161927598702 ], [ 35.781693750715277, -0.182171548074716 ], [ 35.781748325676396, -0.182199573902583 ], [ 35.781752626673295, -0.182201782705865 ], [ 35.783078963729785, -0.182882890458459 ], [ 35.787214093089425, -0.184922822540138 ], [ 35.787759593698723, -0.185204434878006 ], [ 35.791055490480495, -0.186866608858004 ], [ 35.794385719213885, -0.188556249833377 ], [ 35.798860355173218, -0.190829713536156 ], [ 35.803460877168447, -0.193137530641288 ], [ 35.805192748863753, -0.194057899631644 ], [ 35.806794920800982, -0.194868381460354 ], [ 35.810281551348865, -0.196674795693427 ], [ 35.814008507790781, -0.198591098451685 ], [ 35.820222645534997, -0.201791800960597 ], [ 35.823762681939066, -0.203669743178608 ], [ 35.823537613759129, -0.203941631714441 ], [ 35.82335450806351, -0.204085870772472 ], [ 35.822976851942904, -0.204291916960883 ], [ 35.822671674877697, -0.204504848497773 ], [ 35.822488568252645, -0.204628475556692 ], [ 35.822232983312269, -0.20482078016611 ], [ 35.822049876238424, -0.205074922031134 ], [ 35.821927805774401, -0.205171081402897 ], [ 35.821824808260352, -0.205287838745477 ], [ 35.821748513728245, -0.205418337178037 ], [ 35.821702737087811, -0.205590045620207 ], [ 35.821580665505635, -0.205720543893266 ], [ 35.821485298070606, -0.205816704364603 ], [ 35.821492926535839, -0.205974686090075 ], [ 35.821486935935908, -0.206147264494163 ], [ 35.821485296771762, -0.206194474563326 ], [ 35.821382299092285, -0.206359311804099 ], [ 35.821046604827252, -0.206620308030913 ], [ 35.820905078863369, -0.206855532384902 ], [ 35.82089783081404, -0.206867579012837 ], [ 35.820848237980329, -0.207094237334675 ], [ 35.820913087106725, -0.20736897696019 ], [ 35.820985566548551, -0.207554412716296 ], [ 35.82106185945139, -0.207897844278401 ], [ 35.820871123840774, -0.208014601314819 ], [ 35.820577391447706, -0.208035212290381 ], [ 35.820249327300395, -0.207973389245498 ], [ 35.819902190273964, -0.207870357237599 ], [ 35.819547422931976, -0.207856629098748 ], [ 35.819368131546312, -0.207911564272907 ], [ 35.819123989687675, -0.208083287124144 ], [ 35.818803554627088, -0.208289332502774 ], [ 35.818422082790327, -0.208701440271746 ], [ 35.818052054753046, -0.209175354880964 ], [ 35.817853689825952, -0.209381415785692 ], [ 35.817636251019664, -0.209546252626433 ], [ 35.817426442457986, -0.209642412697893 ], [ 35.817266225045501, -0.209711088935016 ], [ 35.817125080535654, -0.209814119240933 ], [ 35.816797015891055, -0.209896536896261 ], [ 35.816587207471144, -0.209951487064419 ], [ 35.816365954204016, -0.209958357294571 ], [ 35.816121813746207, -0.21001330734295 ], [ 35.81584715413652, -0.210102596186047 ], [ 35.81565260449667, -0.210226223202998 ], [ 35.815500015571871, -0.210446011169296 ], [ 35.81539701808007, -0.210555897508675 ], [ 35.815171950642998, -0.210610847623349 ], [ 35.815007918154798, -0.210700136852073 ], [ 35.814920179537722, -0.210851247241985 ], [ 35.814882031857003, -0.2110366967061 ], [ 35.814752331193667, -0.211187792855124 ], [ 35.814592113543981, -0.211325161995134 ], [ 35.814443339480974, -0.211586158870441 ], [ 35.814237344212827, -0.211888380550042 ], [ 35.814073311653395, -0.211998266676087 ], [ 35.813939797056605, -0.21212876490724 ], [ 35.813699470176168, -0.212307342663525 ], [ 35.813325628006339, -0.212527129856565 ], [ 35.813203557658589, -0.212588951332022 ], [ 35.813009008396449, -0.212602692656422 ], [ 35.81285260503445, -0.212657627909123 ], [ 35.812627537856969, -0.212637029219062 ], [ 35.812314732464174, -0.212650770130518 ], [ 35.812116366984711, -0.21272631723514 ], [ 35.811891298647112, -0.213042264742966 ], [ 35.811864594362874, -0.213406293847934 ], [ 35.811925629442534, -0.2136928848038 ], [ 35.812295652667551, -0.214326658238998 ], [ 35.812505460290275, -0.214793718966168 ], [ 35.812558864994429, -0.21489673484879 ], [ 35.81269619374406, -0.215013508129035 ], [ 35.812791561447369, -0.215130265154839 ], [ 35.81284878113204, -0.215240167153576 ], [ 35.812921260715456, -0.215384393005372 ], [ 35.812963221193975, -0.215549245850268 ], [ 35.813043329714851, -0.215714083727163 ], [ 35.813153955600775, -0.215782776009451 ], [ 35.813302728718227, -0.215796503431052 ], [ 35.813405725619361, -0.215858325691625 ], [ 35.813440057255214, -0.215975082504233 ], [ 35.813460559351597, -0.216244037242573 ], [ 35.813466759078317, -0.216325369790143 ], [ 35.813535423728553, -0.216449013831968 ], [ 35.813623161400002, -0.216572641832478 ], [ 35.813787193179692, -0.216689400104156 ], [ 35.813888858103319, -0.2167443141088 ], [ 35.813939781065073, -0.216771819434974 ], [ 35.814149588895468, -0.216888592967291 ], [ 35.814347952760627, -0.216991624456162 ], [ 35.814374655246368, -0.217149591144353 ], [ 35.814428060525152, -0.217376250828441 ], [ 35.814492910124152, -0.217513620752192 ], [ 35.81458827685158, -0.217623507782221 ], [ 35.81471034765601, -0.217719668002982 ], [ 35.814874379483292, -0.21782269937179 ], [ 35.815076557305652, -0.217939457775901 ], [ 35.815332142210927, -0.218049360465553 ], [ 35.815438954045803, -0.218131779636213 ], [ 35.815206254871363, -0.218688548426566 ], [ 35.815084183974605, -0.218909715730377 ], [ 35.814756117935637, -0.219396262046619 ], [ 35.814645491260791, -0.21955661322271 ], [ 35.814645490708912, -0.219716950690149 ], [ 35.814614971533118, -0.220048695633472 ], [ 35.814393718297431, -0.220336215829086 ], [ 35.814283090927013, -0.220408087631143 ], [ 35.814157205653729, -0.220446791318125 ], [ 35.8140552464519, -0.220472488005528 ], [ 35.813981729306306, -0.220491015795298 ], [ 35.813955950161827, -0.220524647874395 ], [ 35.813905434878791, -0.220590550923568 ], [ 35.813867287322424, -0.220739832237097 ], [ 35.813871101717588, -0.220916760795604 ], [ 35.81392069214467, -0.221099225577927 ], [ 35.813970282647944, -0.221259562211179 ], [ 35.813966468091721, -0.221419899664873 ], [ 35.813947393537596, -0.221574716102193 ], [ 35.813893986983238, -0.221718476399172 ], [ 35.813829136187806, -0.221928573786398 ], [ 35.813768100225246, -0.222188445427673 ], [ 35.813768099787495, -0.222315613825939 ], [ 35.813768099292652, -0.222459374308984 ], [ 35.813790987823353, -0.222603119770693 ], [ 35.813810060502028, -0.222702655231193 ], [ 35.813832948108868, -0.22282428865175 ], [ 35.813832947595024, -0.222973570097745 ], [ 35.813806243880094, -0.223172625691301 ], [ 35.813741393313016, -0.223316370846866 ], [ 35.813657469762553, -0.22344907501648 ], [ 35.813569731188878, -0.223587299129082 ], [ 35.813417142523726, -0.223731059079609 ], [ 35.813306516057715, -0.223830578986538 ], [ 35.813295071683307, -0.223935635303481 ], [ 35.813283627180489, -0.224077985303204 ], [ 35.813352290878441, -0.224188007142007 ], [ 35.813489619630751, -0.224304510613378 ], [ 35.813535396280933, -0.224420997657656 ], [ 35.813455285966256, -0.224776955533133 ], [ 35.813321771237959, -0.224945212558443 ], [ 35.813256920474927, -0.22514584356667 ], [ 35.813108146707037, -0.225320597032918 ], [ 35.81296318692123, -0.225501800696708 ], [ 35.812890707149535, -0.225702431678127 ], [ 35.812909778433259, -0.226207235425313 ], [ 35.812883075534593, -0.226459637172374 ], [ 35.812780077305419, -0.226783236324397 ], [ 35.812627487887028, -0.227145659230903 ], [ 35.812291791372168, -0.227766964731388 ], [ 35.811971355052243, -0.22833649967828 ], [ 35.811494516069004, -0.228757157344161 ], [ 35.811013862036404, -0.229190776775744 ], [ 35.809728305051273, -0.229928565842968 ], [ 35.809560457617337, -0.229999762927948 ], [ 35.809308686888436, -0.230129195611219 ], [ 35.809079803850679, -0.230355719401931 ], [ 35.80891195665852, -0.230646944581998 ], [ 35.808820402462871, -0.230964078486166 ], [ 35.808736478521098, -0.231209998638339 ], [ 35.808622036923992, -0.231345913193699 ], [ 35.808572445310695, -0.231507705224369 ], [ 35.808572444507952, -0.231740695098653 ], [ 35.808553369706033, -0.231967218614248 ], [ 35.808507592428043, -0.232323176604778 ], [ 35.808416038633645, -0.232523792416036 ], [ 35.808293967180454, -0.232905642489869 ], [ 35.808087971521033, -0.233319835811425 ], [ 35.808084156070677, -0.233449285467181 ], [ 35.808084155357143, -0.233656381983918 ], [ 35.808095598723419, -0.233844067583669 ], [ 35.808087968912112, -0.234077056423598 ], [ 35.80807652402958, -0.234329459227191 ], [ 35.808011673376591, -0.234497731590047 ], [ 35.807916305867508, -0.234614218139797 ], [ 35.807737014129806, -0.234769544431519 ], [ 35.807588240604929, -0.234873100224243 ], [ 35.80753101922803, -0.234963709658244 ], [ 35.808892007693466, -0.235565439975048 ], [ 35.811219830782264, -0.236594635526122 ], [ 35.815835612261637, -0.238555630393125 ], [ 35.820405618615347, -0.240542533522403 ], [ 35.824750557083895, -0.242425863416935 ], [ 35.825929297664651, -0.242938577099083 ], [ 35.829366338430795, -0.24443864388286 ], [ 35.834020267814608, -0.246457889728885 ], [ 35.838124880538388, -0.248198854565181 ], [ 35.839936862259904, -0.248884883736509 ], [ 35.840104708582956, -0.248846045288938 ], [ 35.840245852941749, -0.248787794786268 ], [ 35.840188633383747, -0.248638948062967 ], [ 35.840078007448497, -0.248289455837121 ], [ 35.840078008065746, -0.248108251677064 ], [ 35.840127599783465, -0.247914085909188 ], [ 35.840173377607009, -0.247687577595053 ], [ 35.840245857130171, -0.247558143281986 ], [ 35.840314522626976, -0.247435176254205 ], [ 35.840413705224506, -0.247292796362027 ], [ 35.840455666889426, -0.247111577245386 ], [ 35.840463297537333, -0.24692389171843 ], [ 35.840470926898803, -0.246820335436083 ], [ 35.840547221360055, -0.246710314105609 ], [ 35.840634959900413, -0.246580880851681 ], [ 35.840764660554427, -0.246432035779498 ], [ 35.84092487824303, -0.246283175711533 ], [ 35.841062207817529, -0.246160207913583 ], [ 35.841127058442048, -0.245998415939589 ], [ 35.841203353167685, -0.245810730649184 ], [ 35.841272018639081, -0.245695144032785 ], [ 35.850633283434682, -0.249464071996454 ], [ 35.862126968294639, -0.252763937713323 ], [ 35.862050673836798, -0.252873749641795 ], [ 35.861928602092796, -0.253052838219854 ], [ 35.861901898598063, -0.253190192713735 ], [ 35.861882824299002, -0.253567993011785 ], [ 35.861791270672413, -0.253722568579547 ], [ 35.861646312072388, -0.253851342222293 ], [ 35.861516612186307, -0.25377408353621 ], [ 35.861287730158658, -0.253705374753939 ], [ 35.861116068992636, -0.253696793719942 ], [ 35.860921518481227, -0.253782661943288 ], [ 35.860845223697609, -0.253988724265212 ], [ 35.860681188897701, -0.25476148532028 ], [ 35.860707891027843, -0.255027673533402 ], [ 35.860757481184059, -0.255293862831592 ], [ 35.860688815857372, -0.25566305130345 ], [ 35.860417970735995, -0.255903465950227 ], [ 35.86024696601028, -0.256060473529024 ], [ 35.860128052505615, -0.256169653077894 ], [ 35.860051757576514, -0.256418649843603 ], [ 35.859893307825018, -0.256883111862261 ], [ 35.859887723763343, -0.256899480430262 ], [ 35.85975039344509, -0.257242926321498 ], [ 35.859326960248545, -0.257749528564753 ], [ 35.858312245691536, -0.258754121826047 ], [ 35.857339493964886, -0.259526881108 ], [ 35.856946578452167, -0.260136514240023 ], [ 35.85678254510195, -0.260479961044031 ], [ 35.85654603195929, -0.260737566899296 ], [ 35.856126414461471, -0.261038077375259 ], [ 35.855611428306034, -0.261500455221293 ], [ 35.855542762907469, -0.261594935529054 ], [ 35.855424505892287, -0.261854732455567 ], [ 35.855073552530143, -0.262138170867844 ], [ 35.854718784643346, -0.262279875364371 ], [ 35.854581455085857, -0.262397967518209 ], [ 35.85448608733649, -0.26258692727052 ], [ 35.85460434283241, -0.262775857553478 ], [ 35.854695894137571, -0.263012073319506 ], [ 35.854673005071596, -0.26331909574284 ], [ 35.854390716547655, -0.263673372648564 ], [ 35.854158018960419, -0.263767851386265 ], [ 35.853807066237152, -0.263862330724929 ], [ 35.853288266480831, -0.263909583310333 ], [ 35.852891536704867, -0.264004032289313 ], [ 35.852349848601847, -0.264145765338512 ], [ 35.851998895077671, -0.26447642992559 ], [ 35.851716606392245, -0.264877930993457 ], [ 35.85157546142932, -0.265114115757719 ], [ 35.851037588089532, -0.265326687077761 ], [ 35.850827777967162, -0.265586513889869 ], [ 35.850591263732298, -0.26646038561052 ], [ 35.850358566262848, -0.266814692885724 ], [ 35.850217421059213, -0.267121714900632 ], [ 35.85007627593545, -0.267405155035941 ], [ 35.850099160198617, -0.268515243093587 ], [ 35.850026678552794, -0.26927105295093 ], [ 35.850026676391252, -0.269908740230564 ], [ 35.850167818873352, -0.270404753491642 ], [ 35.850099152993373, -0.270640938502021 ], [ 35.849958007469134, -0.271042441055985 ], [ 35.849958006508459, -0.271325881673608 ], [ 35.85016781431068, -0.271751026708945 ], [ 35.85030895571348, -0.27227062285375 ], [ 35.850308955440518, -0.272351174139513 ], [ 35.850308953632542, -0.272884728249983 ], [ 35.850052988495605, -0.273722830416115 ], [ 35.849912220770292, -0.274183744726469 ], [ 35.849561263791813, -0.275532567807168 ], [ 35.849431556619813, -0.277604647789617 ], [ 35.849050084183425, -0.278192468906816 ], [ 35.849008122387531, -0.278412901543316 ], [ 35.849298033154042, -0.280352699324763 ], [ 35.849195031055601, -0.281822255530665 ], [ 35.849238724499806, -0.282001435272793 ], [ 35.8493132845514, -0.282307197579523 ], [ 35.849545982221919, -0.282189645370643 ], [ 35.849927453912542, -0.281822258043816 ], [ 35.850320370064011, -0.281322616323492 ], [ 35.850743804594281, -0.280426182214129 ], [ 35.851632633462849, -0.2792946446899 ], [ 35.853150889062803, -0.278163079118284 ], [ 35.854669142117736, -0.277487082542095 ], [ 35.855794479824745, -0.277369534396039 ], [ 35.856435349023783, -0.277531193874262 ], [ 35.85835032726532, -0.27811902285595 ], [ 35.859605363137504, -0.278589267371358 ], [ 35.859925796943095, -0.278757286333586 ], [ 35.8603911896627, -0.279000762971128 ], [ 35.861474562692017, -0.279662067027111 ], [ 35.861909438305915, -0.279926577378488 ], [ 35.862363387834542, -0.279926578929999 ] ] ] ] } },
{ "type": "Feature", "properties": { "fid": 7, "CONST_CODE": 176, "Shape_Area": 0.0004172643, "OBJECTID_1": 687, "NAME": "BIASHARA", "OBJECTID": 2990, "CONSTITUEN": "NAKURU TOWN EAST", "COUNTY_ASS": 876, "SPOILT": 328, "COUNTY_A_1": "BIASHARA", "REJECTED": 656, "REPORTED": 41, "SPOILT_VAL": 0.015215475251657999, "VALID": 21557, "DISPUTED": 0, "RESULT": "1", "COUNTY_COD": 32, "Shape_Leng": 0.11575710561, "COUNTY_NAM": "NAKURU", "Shape_Le_1": 0.11575710561, "REGISTERED": "27048" }, "geometry": { "type": "MultiPolygon", "coordinates": [ [ [ [ 36.165962846370299, -0.297485981544831 ], [ 36.165962829366741, -0.297487152383334 ], [ 36.165937278095143, -0.299214754237716 ], [ 36.165910561635002, -0.303641003937483 ], [ 36.16545661182893, -0.303741004029941 ], [ 36.155286610750451, -0.305974709079737 ], [ 36.156296311285352, -0.309782772279272 ], [ 36.156297246275614, -0.309786298891993 ], [ 36.156411935087718, -0.310218844030974 ], [ 36.157880579639126, -0.315511109959762 ], [ 36.15923329809555, -0.320799529707284 ], [ 36.159295816423935, -0.321043942175226 ], [ 36.158364601521413, -0.321324416027852 ], [ 36.158324133438768, -0.321336604502753 ], [ 36.156785740293991, -0.321799954807121 ], [ 36.14429258209465, -0.325425471383584 ], [ 36.145227637736525, -0.329170084401573 ], [ 36.146699629453202, -0.335064962415436 ], [ 36.149362261502624, -0.344927827374905 ], [ 36.152433064441894, -0.355340531264346 ], [ 36.154859187298939, -0.364241163109884 ], [ 36.155011772303418, -0.365289324613616 ], [ 36.155095693904165, -0.366114082302994 ], [ 36.155103321944722, -0.366433856087457 ], [ 36.15512742367433, -0.36818358188981 ], [ 36.155144609916803, -0.369431243542647 ], [ 36.155183413434536, -0.372248292671689 ], [ 36.155191040904107, -0.372756877463028 ], [ 36.155234297226635, -0.37564111537829 ], [ 36.15533596984033, -0.382420452454314 ], [ 36.15540716670904, -0.387784383800115 ], [ 36.155473268740039, -0.392764408968874 ], [ 36.155618198030368, -0.402330016510941 ], [ 36.155625825520161, -0.402833445740365 ], [ 36.155778384729906, -0.412438573559034 ], [ 36.155879583815931, -0.420745340117715 ], [ 36.155900425687655, -0.422456065521427 ], [ 36.155994902377806, -0.428574598851044 ], [ 36.156052984127051, -0.432336111112699 ], [ 36.156274207406149, -0.4419755921436 ], [ 36.156510692072743, -0.450836700201782 ], [ 36.153302528096049, -0.450802307259974 ], [ 36.14133962181571, -0.450816041918821 ], [ 36.130894967562149, -0.450788496712128 ], [ 36.12551623793297, -0.450706002036348 ], [ 36.125325502312926, -0.450829734762203 ], [ 36.124913514367911, -0.450967177591591 ], [ 36.123605071776232, -0.450939690582145 ], [ 36.123643217863808, -0.451255864273124 ], [ 36.123643217111649, -0.451503270494251 ], [ 36.123547848487952, -0.451668227480402 ], [ 36.123425777286734, -0.452011883657369 ], [ 36.123467737585308, -0.45258923476799 ], [ 36.123536398915441, -0.45349647132176 ], [ 36.123441030999125, -0.453757648436104 ], [ 36.123288442051084, -0.454005084387292 ], [ 36.123345661372369, -0.454252519977623 ], [ 36.123463916634421, -0.454545262050814 ], [ 36.123517322059847, -0.454756873812543 ], [ 36.123860642267282, -0.455491863120097 ], [ 36.124184890942182, -0.456065154911874 ], [ 36.124402327053843, -0.45644959614975 ], [ 36.124581617675439, -0.456650077785989 ], [ 36.124593061115164, -0.456839367990044 ], [ 36.124535839992788, -0.45718461400181 ], [ 36.124734200628829, -0.458376220598491 ], [ 36.124726570705882, -0.458676882298599 ], [ 36.124459540144024, -0.459077814447165 ], [ 36.124505315492797, -0.459311659015116 ], [ 36.124657902945494, -0.459556665631505 ], [ 36.124726567290011, -0.459801670982652 ], [ 36.124825749012125, -0.459935305878847 ], [ 36.125077519032544, -0.460035547697591 ], [ 36.125333104125637, -0.460113496290247 ], [ 36.12542084173166, -0.46028055389302 ], [ 36.125287325950801, -0.460481005368562 ], [ 36.125333102502829, -0.460648032639914 ], [ 36.12543228412369, -0.460815090277536 ], [ 36.125367433330005, -0.461048965712599 ], [ 36.125199585910444, -0.461115781484863 ], [ 36.12502410965007, -0.461126912462989 ], [ 36.124779968199526, -0.461171465971755 ], [ 36.124615935514299, -0.461327362086344 ], [ 36.124524382888808, -0.461494420143688 ], [ 36.124493864003995, -0.461772818734453 ], [ 36.124445327572467, -0.461894268608047 ], [ 36.124413754291801, -0.461973270373127 ], [ 36.124380384138625, -0.462009519936612 ], [ 36.12424972153871, -0.46215145871807 ], [ 36.124062800823651, -0.462307354761679 ], [ 36.12388351001686, -0.462496673570405 ], [ 36.123563073114227, -0.4629866848724 ], [ 36.123429558264988, -0.463209427569907 ], [ 36.123196859610829, -0.463654883874529 ], [ 36.122987050933261, -0.463788517818155 ], [ 36.122834462397464, -0.463899858700221 ], [ 36.122864978997185, -0.464044654096284 ], [ 36.122887867384115, -0.464256236561143 ], [ 36.122876421489735, -0.464545796927539 ], [ 36.122765795008164, -0.46465713894525 ], [ 36.122567430751133, -0.464657138334833 ], [ 36.122323289299423, -0.464701691842653 ], [ 36.122079148610815, -0.464824194162325 ], [ 36.121815933288318, -0.46514714729932 ], [ 36.121606123576392, -0.465291912759554 ], [ 36.121407758946859, -0.465414414213064 ], [ 36.121186506219829, -0.465559208833308 ], [ 36.120984326382199, -0.465748528575703 ], [ 36.120953807564113, -0.466004666140549 ], [ 36.120942362635489, -0.466305327820579 ], [ 36.121030099226417, -0.466806470882645 ], [ 36.121018654500844, -0.467040345470168 ], [ 36.12087369439881, -0.467341036940207 ], [ 36.120454076838165, -0.467675121109966 ], [ 36.120290043981875, -0.467886702996581 ], [ 36.120244266042278, -0.468176263253489 ], [ 36.12024426462073, -0.46864398229424 ], [ 36.12015652569422, -0.468911250190838 ], [ 36.119969605112509, -0.469022622173848 ], [ 36.119767425747824, -0.469056044292305 ], [ 36.11974835228294, -0.469200810337584 ], [ 36.119778868544117, -0.469456947080297 ], [ 36.119637723649461, -0.469690821266167 ], [ 36.11945843304369, -0.469813293580758 ], [ 36.119195218226807, -0.469969219586632 ], [ 36.11897396453233, -0.470102852484644 ], [ 36.11880611667037, -0.47031443435741 ], [ 36.118695489679645, -0.470592863901333 ], [ 36.118573418775618, -0.470837869662242 ], [ 36.11849712386352, -0.471105137591887 ], [ 36.118497123220195, -0.471316719980798 ], [ 36.118573416405496, -0.471617412127371 ], [ 36.118729818695385, -0.471918104520227 ], [ 36.118741262236405, -0.472074000161798 ], [ 36.118661152623964, -0.472241058247508 ], [ 36.117955431653058, -0.472586272040126 ], [ 36.117722733773483, -0.472775591683267 ], [ 36.117711289182836, -0.472964912007831 ], [ 36.117722732283426, -0.473265602946047 ], [ 36.11785624688217, -0.473454923716819 ], [ 36.117871504934392, -0.473773197369327 ], [ 36.117840986166392, -0.474012682450574 ], [ 36.117764689240964, -0.474942060711703 ], [ 36.117367959005364, -0.475506569461573 ], [ 36.1168529717879, -0.476014010825047 ], [ 36.116643163322294, -0.476076747155633 ], [ 36.116345616845791, -0.476105249043737 ], [ 36.116234990388691, -0.476207889807941 ], [ 36.116078585917684, -0.476624123701939 ], [ 36.115987032208018, -0.476817973097324 ], [ 36.115620819843237, -0.477108762592657 ], [ 36.115552155232898, -0.477279811425145 ], [ 36.115498748260791, -0.477576332244313 ], [ 36.115449156484623, -0.477810086902957 ], [ 36.115227902465705, -0.478049571392729 ], [ 36.114926540688437, -0.478175013207922 ], [ 36.114762508596549, -0.478134449160218 ], [ 36.114762510665109, -0.477454637334968 ], [ 36.114636626346233, -0.477176537279809 ], [ 36.111138554219515, -0.474071048638483 ], [ 36.110757076091417, -0.476573971668737 ], [ 36.109322742506031, -0.478444515145689 ], [ 36.102376142548302, -0.487223090580272 ], [ 36.096245906139096, -0.490580576417674 ], [ 36.096709067558571, -0.494241375931776 ], [ 36.096749434636727, -0.494560438921836 ], [ 36.097481841795947, -0.499735867378624 ], [ 36.096985958758161, -0.499857798077374 ], [ 36.090802292800355, -0.501378280389047 ], [ 36.083027924135287, -0.503071934981796 ], [ 36.081845374542056, -0.500467505870401 ], [ 36.080052590855978, -0.496653912482374 ], [ 36.079461200932315, -0.495395913378723 ], [ 36.078641045705552, -0.493487678759706 ], [ 36.078789819200047, -0.493391789318307 ], [ 36.078892816654182, -0.49328905894048 ], [ 36.078976740117945, -0.493174896978329 ], [ 36.079045405537855, -0.493068355985104 ], [ 36.079114070109945, -0.492912339795352 ], [ 36.079220882639397, -0.492786776581748 ], [ 36.079327694040032, -0.492703068554749 ], [ 36.079388730367668, -0.492623139684467 ], [ 36.079480282724397, -0.492547052626429 ], [ 36.079537504082055, -0.49245572242146 ], [ 36.079602354707511, -0.492280684886855 ], [ 36.079735869143711, -0.492196975936256 ], [ 36.079869383121938, -0.492262113392534 ], [ 36.079995268104398, -0.49232254029179 ], [ 36.080075376743252, -0.492474746437371 ], [ 36.080201261583866, -0.492581288037299 ], [ 36.080319517648419, -0.492611741263231 ], [ 36.08054458495544, -0.492609822112802 ], [ 36.080689543272918, -0.4925696788346 ], [ 36.080845946701643, -0.492498331707221 ], [ 36.080998535070329, -0.492444836069319 ], [ 36.081147308433955, -0.492391311224078 ], [ 36.081296081866078, -0.492315523345688 ], [ 36.081425782341292, -0.492217413983911 ], [ 36.081563111963789, -0.492074719182012 ], [ 36.081677553418508, -0.491976608765804 ], [ 36.081833956696215, -0.491954317024471 ], [ 36.081959841864482, -0.49195431741661 ], [ 36.082120059092368, -0.491949877188606 ], [ 36.082257388330831, -0.491932026114911 ], [ 36.08240997664447, -0.491896352782673 ], [ 36.082493899948496, -0.491833946280975 ], [ 36.082650303376901, -0.491762599153119 ], [ 36.082776188600093, -0.491744748043702 ], [ 36.082905888855635, -0.491717985289758 ], [ 36.083016515126843, -0.491677871099652 ], [ 36.083161473553538, -0.491602054013504 ], [ 36.083180547949055, -0.491481681273623 ], [ 36.083172918502669, -0.491298271468463 ], [ 36.083184363083269, -0.491114352312515 ], [ 36.083294990693588, -0.490963857210496 ], [ 36.08342087581034, -0.49098056947505 ], [ 36.083638312655332, -0.49112548524253 ], [ 36.083764197686399, -0.491170100293862 ], [ 36.083924416054508, -0.491119934972671 ], [ 36.084023598598044, -0.490986151707544 ], [ 36.084099893076797, -0.490863529083183 ], [ 36.084202890539757, -0.490757618414408 ], [ 36.084313516892934, -0.490690741066112 ], [ 36.084416514064714, -0.490679580674688 ], [ 36.084611063238796, -0.490707453864902 ], [ 36.084805613087454, -0.490841239051119 ], [ 36.084958200743166, -0.491019607557138 ], [ 36.085038308456262, -0.491147812030962 ], [ 36.085080269793238, -0.491381897172951 ], [ 36.085126045546268, -0.491482226941716 ], [ 36.085286263263654, -0.491643884605103 ], [ 36.085454109299597, -0.491705182463741 ], [ 36.085656288603808, -0.491694051576127 ], [ 36.08581269181272, -0.491694052062693 ], [ 36.085969094021607, -0.491694052549224 ], [ 36.086156014963187, -0.491794383763535 ], [ 36.086388710846165, -0.491933719221191 ], [ 36.086609964210112, -0.491911427680802 ], [ 36.086686258551595, -0.491833389513721 ], [ 36.086793070019368, -0.491727478857043 ], [ 36.086918955871852, -0.491504525754141 ], [ 36.087018138551755, -0.491326157025092 ], [ 36.087197430492473, -0.491097652927313 ], [ 36.08730042790372, -0.491008454130999 ], [ 36.087391980179881, -0.490958289602433 ], [ 36.087517866330764, -0.490963870349884 ], [ 36.087662824164937, -0.491080913306283 ], [ 36.087803967549299, -0.491342900536375 ], [ 36.087994701281644, -0.491838973937827 ], [ 36.088021403770007, -0.492017343057829 ], [ 36.088009958275926, -0.492173389628474 ], [ 36.087926034736249, -0.492312754303439 ], [ 36.087811593190025, -0.492440957164789 ], [ 36.087590340124734, -0.492691782554932 ], [ 36.087582709652779, -0.492842248781075 ], [ 36.087708594842056, -0.49283540837882 ], [ 36.087861183281433, -0.492758661088906 ], [ 36.087998511815101, -0.492970453290286 ], [ 36.0880862496074, -0.493076364551271 ], [ 36.088177802456094, -0.493165564958328 ], [ 36.088318946473848, -0.493221281370228 ], [ 36.088429572621664, -0.493221281714002 ], [ 36.088559272948899, -0.49317111629758 ], [ 36.088711861682867, -0.492998329098243 ], [ 36.088833931828852, -0.493003909833484 ], [ 36.089028481832351, -0.493087529197836 ], [ 36.089371803744193, -0.493265869098314 ], [ 36.089543465922269, -0.493282611706168 ], [ 36.089738015165153, -0.493288192666399 ], [ 36.089944009525858, -0.493260319715137 ], [ 36.089992944632989, -0.493246702711273 ], [ 36.090093456852983, -0.49321873278537 ], [ 36.090104226876576, -0.493215735755955 ], [ 36.090237742294228, -0.493137697766739 ], [ 36.090390330754381, -0.493054079480775 ], [ 36.090569621420997, -0.492914745304448 ], [ 36.090710766053789, -0.492769800451372 ], [ 36.090729840762648, -0.49254684701734 ], [ 36.090657361503055, -0.492273728485938 ], [ 36.09045899799014, -0.492028482147769 ], [ 36.090249190256934, -0.491850112459281 ], [ 36.090077529036101, -0.491521276638582 ], [ 36.090016832427473, -0.491367230234538 ], [ 36.09000505050345, -0.491337327020207 ], [ 36.089894799991512, -0.491130203152066 ], [ 36.089871537094488, -0.491086500526296 ], [ 36.089783799370622, -0.490958297036051 ], [ 36.089680802609323, -0.490835672847649 ], [ 36.089570176820764, -0.490718631004862 ], [ 36.089520586182083, -0.490579265914169 ], [ 36.089516771587235, -0.490445511523786 ], [ 36.089539660062186, -0.490300596504268 ], [ 36.08967698998039, -0.49006090136067 ], [ 36.089886799960901, -0.489832368160774 ], [ 36.090077534710709, -0.489670741789669 ], [ 36.090214864526082, -0.489464499586229 ], [ 36.090249198050472, -0.489308423889616 ], [ 36.090218681308933, -0.488884809030726 ], [ 36.090191978820293, -0.488706470110781 ], [ 36.09010805608478, -0.488583816785076 ], [ 36.089932580329858, -0.488427769631439 ], [ 36.089799065477024, -0.488321858226399 ], [ 36.089593072647411, -0.488176942494433 ], [ 36.089467188249408, -0.48792611501414 ], [ 36.089467188608467, -0.487809072507031 ], [ 36.089501520996158, -0.487697581267133 ], [ 36.08956255660744, -0.487524792772892 ], [ 36.089615963259831, -0.487335293388766 ], [ 36.089650295681643, -0.487212670631935 ], [ 36.08968081414978, -0.487073305788237 ], [ 36.089703702693186, -0.486906098537832 ], [ 36.089703703052251, -0.486789056030254 ], [ 36.089654112328397, -0.486677563522376 ], [ 36.089589262550014, -0.486577232685977 ], [ 36.089509153939446, -0.486415605471291 ], [ 36.089493896363933, -0.48627066012871 ], [ 36.089520599724302, -0.486164779422749 ], [ 36.089612152239233, -0.486036576487114 ], [ 36.089677002599053, -0.485947376563649 ], [ 36.089764740869541, -0.485897212022173 ], [ 36.090005067308375, -0.485858208667123 ], [ 36.090180543541393, -0.485858209212447 ], [ 36.090325502887794, -0.485808043841956 ], [ 36.090439944142354, -0.485774591256273 ], [ 36.090539126804032, -0.485601802879275 ], [ 36.090634494460652, -0.485429015497019 ], [ 36.090668826899417, -0.485300811376441 ], [ 36.0906802725642, -0.485089019631149 ], [ 36.090729864040412, -0.484955235201692 ], [ 36.090832860501877, -0.484849324530095 ], [ 36.091046484110052, -0.484743443397595 ], [ 36.091260108632746, -0.484665406661609 ], [ 36.091454658095863, -0.484598529571834 ], [ 36.091603431566689, -0.484509330915232 ], [ 36.091679726009701, -0.484397868999739 ], [ 36.09174076148372, -0.48426966596831 ], [ 36.091736947974333, -0.48410800878716 ], [ 36.091725505001762, -0.483768012741848 ], [ 36.09167591538894, -0.483294232999892 ], [ 36.091626324246356, -0.482993240937342 ], [ 36.091550031811948, -0.482775867554701 ], [ 36.091481367250978, -0.48260307865412 ], [ 36.091443220559547, -0.482486006830674 ], [ 36.091439405896352, -0.482374544665434 ], [ 36.091397445182785, -0.48226305318614 ], [ 36.091328780365409, -0.482173883048668 ], [ 36.091210524550874, -0.482062391332201 ], [ 36.091061751747283, -0.481934186640942 ], [ 36.090943496966929, -0.481811563407346 ], [ 36.090874832235151, -0.481694520684063 ], [ 36.090867203720933, -0.481532893691581 ], [ 36.090916795060224, -0.481443694725847 ], [ 36.091088457022586, -0.481204029882929 ], [ 36.091275377731471, -0.481053535011719 ], [ 36.091500445866856, -0.480780416385698 ], [ 36.091771290737789, -0.480613209901791 ], [ 36.091918495160762, -0.480538755943535 ], [ 36.091950329252192, -0.480522654253286 ], [ 36.091969655307729, -0.480512879880964 ], [ 36.09219472294707, -0.480401388223812 ], [ 36.092423605608516, -0.480284346424322 ], [ 36.092728782541514, -0.480111559690259 ], [ 36.092950035363614, -0.479938771688596 ], [ 36.093094995255719, -0.479710238278187 ], [ 36.093209437005001, -0.479515157714921 ], [ 36.09340780171123, -0.479370213032099 ], [ 36.093552761312601, -0.479236460104768 ], [ 36.093629055772105, -0.479119417830675 ], [ 36.093640500214441, -0.478980052923394 ], [ 36.093541317596241, -0.478812845288705 ], [ 36.093392544622063, -0.478740386774706 ], [ 36.093148404505108, -0.478673479125241 ], [ 36.092820340226169, -0.478623312283863 ], [ 36.092457942970228, -0.478550854112697 ], [ 36.092068843935536, -0.478394806289256 ], [ 36.09182088915567, -0.47821643647224 ], [ 36.091721707469375, -0.478071521066482 ], [ 36.091679746183658, -0.477820693837176 ], [ 36.091679746679652, -0.477659036663817 ], [ 36.091710265113186, -0.477530833534269 ], [ 36.091923888976247, -0.477341334640812 ], [ 36.092118438779849, -0.477162966198327 ], [ 36.092290101536193, -0.476990178040875 ], [ 36.092415987009794, -0.476889847793498 ], [ 36.092496095782174, -0.476672475898377 ], [ 36.09245032032031, -0.476477394835061 ], [ 36.092290103143526, -0.476466232617761 ], [ 36.092179477014938, -0.476460651917635 ], [ 36.092072664925524, -0.476443939712103 ], [ 36.091973483017227, -0.476371482357966 ], [ 36.091885745312162, -0.476237697497182 ], [ 36.091813266439011, -0.476165239219247 ], [ 36.091619442183742, -0.476165238616734 ], [ 36.09159201314759, -0.476165238531461 ], [ 36.091454684018061, -0.476148527237743 ], [ 36.091397464455873, -0.47598131872452 ], [ 36.091504275887374, -0.475886539578508 ], [ 36.09158819927152, -0.475797369913042 ], [ 36.091671850790846, -0.475664022509615 ], [ 36.091672123792527, -0.475663586592279 ], [ 36.091790379375794, -0.475524252217278 ], [ 36.091775121903062, -0.475345883121469 ], [ 36.091707560885915, -0.475322502396206 ], [ 36.091630162866217, -0.475295716847823 ], [ 36.09148901878315, -0.475262263466372 ], [ 36.091233434840206, -0.475134088641596 ], [ 36.091115179043989, -0.4750170165655 ], [ 36.091061773367244, -0.474888812166981 ], [ 36.091054144750636, -0.474760639119666 ], [ 36.091084662150166, -0.474643566499258 ], [ 36.091187659764635, -0.474487520202722 ], [ 36.091420357840555, -0.474236694830625 ], [ 36.091530856474165, -0.474077592096393 ], [ 36.0915309844749, -0.474077407863486 ], [ 36.091584435789706, -0.473997732661781 ], [ 36.091611093946725, -0.473957995734672 ], [ 36.091527170349721, -0.473790757941507 ], [ 36.091490326507845, -0.473723474414053 ], [ 36.091466135611618, -0.473679295594591 ], [ 36.091466135692407, -0.473652975400226 ], [ 36.091466136005145, -0.473551092368266 ], [ 36.091489024394498, -0.473434049925753 ], [ 36.091626353934231, -0.473317007839095 ], [ 36.091862867202991, -0.473004855941516 ], [ 36.092095564688996, -0.472620245978088 ], [ 36.092187118681565, -0.47233599641779 ], [ 36.092145157002832, -0.472213373416725 ], [ 36.092084122401786, -0.472057296406498 ], [ 36.092065049718876, -0.471945834189318 ], [ 36.092057420187899, -0.471789758351731 ], [ 36.092114641622238, -0.471672716015233 ], [ 36.092190936269787, -0.471494347201458 ], [ 36.092190936765967, -0.47133269002417 ], [ 36.092133716015965, -0.471226778849017 ], [ 36.092103199557656, -0.471037278185372 ], [ 36.092057423421544, -0.470736286120277 ], [ 36.092015463170689, -0.470474328373126 ], [ 36.091870504819191, -0.470201209592486 ], [ 36.091710288499137, -0.469911348687941 ], [ 36.091466147898061, -0.469677262897975 ], [ 36.091272710968042, -0.469571956348712 ], [ 36.091271598968454, -0.469571351294928 ], [ 36.091223285931378, -0.469562827082121 ], [ 36.091050345798585, -0.469532316299992 ], [ 36.090863425690621, -0.469487731257564 ], [ 36.090718467654831, -0.469437564982394 ], [ 36.090592582849453, -0.469320522075203 ], [ 36.090439996002246, -0.468880194929304 ], [ 36.090398034529514, -0.468690665032721 ], [ 36.09027977902538, -0.468478871863457 ], [ 36.090192041424253, -0.468311664256822 ], [ 36.090131006875382, -0.468138846174511 ], [ 36.090131007389111, -0.467971637834009 ], [ 36.090169154969921, -0.467798850262334 ], [ 36.090237820453666, -0.467670647246753 ], [ 36.090337003011463, -0.467531312808519 ], [ 36.090409482465844, -0.467414270517739 ], [ 36.090436186442638, -0.467107698317238 ], [ 36.090462889854322, -0.466985074520564 ], [ 36.090562072429236, -0.466840159725395 ], [ 36.090790955396251, -0.466622758083099 ], [ 36.091065614491328, -0.466383093547718 ], [ 36.091218203221473, -0.466210305324437 ], [ 36.091260165721387, -0.466065390350826 ], [ 36.09126016628646, -0.465881440939355 ], [ 36.091237277667553, -0.465747656274676 ], [ 36.091199130977287, -0.46563061363877 ], [ 36.0910465434117, -0.465424371521379 ], [ 36.090954991634639, -0.465312910082443 ], [ 36.090905400861018, -0.465218159641562 ], [ 36.090901586198591, -0.465106667266732 ], [ 36.091046544850123, -0.464956172256457 ], [ 36.091183875320382, -0.464861422397203 ], [ 36.091317389888445, -0.464733219582098 ], [ 36.091420387399488, -0.464610597028436 ], [ 36.091592049034219, -0.464476843170701 ], [ 36.091714119398993, -0.464409936655778 ], [ 36.091897225654897, -0.464404356868971 ], [ 36.092095589913541, -0.46440435748618 ], [ 36.092278696220745, -0.464382065824963 ], [ 36.092385507496971, -0.464337480688791 ], [ 36.092469431880168, -0.46424831202637 ], [ 36.092499949570474, -0.464036489114442 ], [ 36.092499950101605, -0.463863535309558 ], [ 36.09249995015243, -0.46384698954727 ], [ 36.092396953822806, -0.463585001401169 ], [ 36.092313031363929, -0.463373208334813 ], [ 36.092263440658826, -0.463256166669098 ], [ 36.092240552954323, -0.463150254590718 ], [ 36.092236738394448, -0.463005339473017 ], [ 36.092274886128919, -0.462782386072771 ], [ 36.092339736846831, -0.462576144629893 ], [ 36.092366440343866, -0.462425649250181 ], [ 36.092366440754802, -0.462291864655013 ], [ 36.092335923177338, -0.462141369097126 ], [ 36.092213853463655, -0.461996452604104 ], [ 36.092030747944499, -0.461762368003462 ], [ 36.091752275626931, -0.461422340895599 ], [ 36.091531024178337, -0.461149220860978 ], [ 36.091378436750716, -0.46089839427767 ], [ 36.091244923570613, -0.460575109696422 ], [ 36.091187703215702, -0.460341024479425 ], [ 36.091187704055116, -0.460067906139075 ], [ 36.091248739682619, -0.459889537270154 ], [ 36.091317405097364, -0.459783626482156 ], [ 36.09142040240247, -0.459727880620197 ], [ 36.091611137650204, -0.459727881214001 ], [ 36.091843833952474, -0.459727881938392 ], [ 36.09200786614835, -0.459733462805653 ], [ 36.092129937135653, -0.459789209368246 ], [ 36.092229118853481, -0.459922964071206 ], [ 36.092488517248647, -0.460229537170202 ], [ 36.092629661432007, -0.460229537609452 ], [ 36.092751731641897, -0.46021282611478 ], [ 36.092927208195178, -0.460106915659175 ], [ 36.092992058587569, -0.460006585215973 ], [ 36.092992058981366, -0.45987838097625 ], [ 36.092911950356772, -0.459722304906032 ], [ 36.092972986881158, -0.459577388981488 ], [ 36.093075983168973, -0.459527224482778 ], [ 36.093213313398557, -0.459510513035485 ], [ 36.093331568586365, -0.459499352690041 ], [ 36.093438380964621, -0.459421344810595 ], [ 36.093518489376684, -0.459321014414575 ], [ 36.093640560774816, -0.459242976380399 ], [ 36.093774074965232, -0.459237396439085 ], [ 36.093907589172751, -0.459226235134296 ], [ 36.094033474421714, -0.4591983629379 ], [ 36.094155545836784, -0.459114773742365 ], [ 36.094228025187554, -0.459031155197069 ], [ 36.094334837856678, -0.458858367833284 ], [ 36.094414946388419, -0.458719033331034 ], [ 36.094533202935409, -0.458590830465364 ], [ 36.094627244231852, -0.458533978168356 ], [ 36.094632134247306, -0.458531022396585 ], [ 36.094643829284131, -0.45852395310866 ], [ 36.094781158582052, -0.458484919227535 ], [ 36.094887970806148, -0.458457046971656 ], [ 36.095059632062899, -0.458445915987529 ], [ 36.095124482386545, -0.458367877775013 ], [ 36.095113038679663, -0.458267547093828 ], [ 36.095036745059851, -0.45811147103476 ], [ 36.094865083265141, -0.457972135749131 ], [ 36.094746828625311, -0.457804897839218 ], [ 36.094704867032981, -0.457654401236581 ], [ 36.094708682482846, -0.45750948613973 ], [ 36.094804049914423, -0.457409155790429 ], [ 36.094979526586677, -0.457264241227312 ], [ 36.095113042221627, -0.457113745170138 ], [ 36.095097783835044, -0.456907503473799 ], [ 36.095002416968164, -0.456823914608018 ], [ 36.094903233959627, -0.456784879991131 ], [ 36.094800237946025, -0.456745875564502 ], [ 36.094647272111246, -0.456627546961456 ], [ 36.094605688156243, -0.456595379493364 ], [ 36.094475988347725, -0.456478336568862 ], [ 36.094346289676253, -0.456316678979037 ], [ 36.094315772081785, -0.456171763774636 ], [ 36.094323403145893, -0.455502902217662 ], [ 36.094292886568624, -0.45535240665601 ], [ 36.094224222044865, -0.455168457023746 ], [ 36.094117411865433, -0.454856333232741 ], [ 36.094010600788877, -0.45451075649605 ], [ 36.093945751270155, -0.454326806875036 ], [ 36.093896160754021, -0.454148437658096 ], [ 36.09388471721865, -0.453992392000428 ], [ 36.093884717698145, -0.453836315169366 ], [ 36.093957197236946, -0.453691400284124 ], [ 36.094121230185145, -0.453451705190962 ], [ 36.094300521998839, -0.453262205167581 ], [ 36.094388260317544, -0.453195328745291 ], [ 36.094537033543872, -0.453184168494589 ], [ 36.094666733779782, -0.453161875659619 ], [ 36.094804063008354, -0.453145165218685 ], [ 36.094903245581591, -0.453000220213941 ], [ 36.094910876567184, -0.452682516419807 ], [ 36.094861286410563, -0.452387104679054 ], [ 36.09480406658659, -0.451980201552681 ], [ 36.094819326410956, -0.451718243965318 ], [ 36.094868918365243, -0.451428383693567 ], [ 36.09485365973935, -0.451300209604527 ], [ 36.094788810032462, -0.451177586522587 ], [ 36.094678184574882, -0.450954602447522 ], [ 36.094586632936334, -0.450798555532018 ], [ 36.09458281859937, -0.450581153152681 ], [ 36.094643853986106, -0.450480852896359 ], [ 36.094720148358441, -0.450391652996831 ], [ 36.094941401020066, -0.4502690308048 ], [ 36.095174098850464, -0.450096243827354 ], [ 36.095441128930339, -0.449856579253711 ], [ 36.09566238183141, -0.449655918644627 ], [ 36.09571497206494, -0.449601917303139 ], [ 36.095944671084837, -0.449366058087989 ], [ 36.09604385382864, -0.449165398105506 ], [ 36.096093445542856, -0.448953605443419 ], [ 36.096120149587151, -0.448624740990233 ], [ 36.096101076555499, -0.448301456751071 ], [ 36.096059116391778, -0.448011625386404 ], [ 36.095998082049611, -0.447771929587923 ], [ 36.095982823440828, -0.447638176147112 ], [ 36.095967554498792, -0.447612912979146 ], [ 36.095723424426104, -0.447208980152325 ], [ 36.095502172861245, -0.446974864211378 ], [ 36.095303809171668, -0.44679094437194 ], [ 36.095097815506676, -0.446595862787939 ], [ 36.094914710854063, -0.446406332436464 ], [ 36.094861305453556, -0.446188959094693 ], [ 36.094991005493625, -0.445904679423564 ], [ 36.095242776279015, -0.445754183728643 ], [ 36.09559754417932, -0.445609269717936 ], [ 36.095742360561204, -0.445545400602316 ], [ 36.095768804631, -0.445533737607721 ], [ 36.09579972371251, -0.445520101417624 ], [ 36.095910350094066, -0.445442063344005 ], [ 36.09597901554168, -0.445325021031951 ], [ 36.096005719123916, -0.445146652046678 ], [ 36.096005720579505, -0.444672872390308 ], [ 36.095948500910517, -0.444215803423855 ], [ 36.095872208891798, -0.44386464641183 ], [ 36.095818803714046, -0.443574815006791 ], [ 36.095769215750906, -0.442565928990371 ], [ 36.095723440508195, -0.441975105653073 ], [ 36.095650962888882, -0.44149574440182 ], [ 36.095626985119765, -0.441410656718153 ], [ 36.095517450174526, -0.441021964323457 ], [ 36.095383936220536, -0.440626221656717 ], [ 36.095235164298629, -0.440213768072859 ], [ 36.095071133237468, -0.439840317542734 ], [ 36.094838438037478, -0.439483579680677 ], [ 36.094632444734515, -0.439171455562553 ], [ 36.094567595406161, -0.438926179387137 ], [ 36.094567597394729, -0.438279611004297 ], [ 36.094483675607748, -0.437850445742843 ], [ 36.09445697334526, -0.4375996185234 ], [ 36.094495121011107, -0.43739895733585 ], [ 36.094666782624053, -0.43727075462734 ], [ 36.094804112158897, -0.437153712525938 ], [ 36.094918553578992, -0.437064513747966 ], [ 36.095021551138643, -0.436925179306452 ], [ 36.095319098648631, -0.436557311573766 ], [ 36.096249889643339, -0.435643176869012 ], [ 36.096909834641082, -0.43494086535343 ], [ 36.097340897747536, -0.434433662263276 ], [ 36.097543077894962, -0.434143832651099 ], [ 36.097714739952238, -0.433870713812979 ], [ 36.097859699975665, -0.433597565695988 ], [ 36.097981771655036, -0.433101494167048 ], [ 36.098008475887987, -0.432711332345577 ], [ 36.097970329764728, -0.432410340262204 ], [ 36.097848260655141, -0.432070343807492 ], [ 36.097821558101046, -0.431914267887916 ], [ 36.097817743575952, -0.431758191032726 ], [ 36.097894038083695, -0.431624436862599 ], [ 36.098103846948987, -0.431429356562652 ], [ 36.098200334287768, -0.431358865967649 ], [ 36.098309841672325, -0.431278861724512 ], [ 36.098368853042587, -0.431182679019759 ], [ 36.098409024294696, -0.431117204832445 ], [ 36.098404983561799, -0.431028628855272 ], [ 36.098401395798959, -0.430949997452661 ], [ 36.098367829359439, -0.430753812001193 ], [ 36.098363249435884, -0.430727043789377 ], [ 36.09829077101238, -0.430509640174163 ], [ 36.098225921701271, -0.43025884303198 ], [ 36.098225922489419, -0.430002436538786 ], [ 36.098199219935424, -0.429846359611293 ], [ 36.0981305553113, -0.429695863917089 ], [ 36.098004670888891, -0.429456198103176 ], [ 36.097955080237519, -0.429322413337731 ], [ 36.097955080871579, -0.42911617166837 ], [ 36.098115299984357, -0.428820070939695 ], [ 36.098183964520899, -0.428673745587778 ], [ 36.098233556183317, -0.428478664786987 ], [ 36.098225927730489, -0.428297536211245 ], [ 36.098199225146629, -0.428151210562083 ], [ 36.098107672438054, -0.428018836107509 ], [ 36.097970343885997, -0.42781676392465 ], [ 36.097886421208557, -0.42767742889639 ], [ 36.097886421787017, -0.427489309544461 ], [ 36.09789405186784, -0.427140942448391 ], [ 36.097825388295369, -0.426973734876113 ], [ 36.097630839014244, -0.42666020033802 ], [ 36.097470622626581, -0.426395422303043 ], [ 36.097394329237588, -0.426165507919976 ], [ 36.097527843851381, -0.42602065260862 ], [ 36.097745282677607, -0.425841114374277 ], [ 36.097947462359002, -0.425702380253135 ], [ 36.098092420842725, -0.425604450114573 ], [ 36.098321303683285, -0.425424881713308 ], [ 36.098401413235869, -0.42527798658083 ], [ 36.098458633910155, -0.425082126585179 ], [ 36.098481522767152, -0.424812787582312 ], [ 36.09855400328501, -0.424674053056608 ], [ 36.098759997021055, -0.424518997684988 ], [ 36.098992694941131, -0.424314946395565 ], [ 36.099114765772192, -0.424094603701869 ], [ 36.099154508232971, -0.423960988344491 ], [ 36.099157820271365, -0.423949852808518 ], [ 36.099221579010575, -0.423735496006357 ], [ 36.099316947134056, -0.423409062007317 ], [ 36.09943138915613, -0.423123402026307 ], [ 36.099519127868525, -0.422927541117496 ], [ 36.099618310545104, -0.422748002512731 ], [ 36.099656458120009, -0.422576594146536 ], [ 36.099667904141633, -0.421923695384879 ], [ 36.099641202864582, -0.421352404825893 ], [ 36.099553466059369, -0.420928039662194 ], [ 36.099423768427627, -0.420430196472638 ], [ 36.099156740799671, -0.419875227430656 ], [ 36.098878268731006, -0.419458992099069 ], [ 36.098515873105555, -0.419189682092573 ], [ 36.098328953273139, -0.419059108393564 ], [ 36.09822214156631, -0.418920343104245 ], [ 36.098222141917852, -0.418806091249734 ], [ 36.098264104296852, -0.418700000156986 ], [ 36.098328954654264, -0.418610230397632 ], [ 36.098344213150448, -0.418455174428699 ], [ 36.098344213803401, -0.418242961779161 ], [ 36.09825647649717, -0.417981813258435 ], [ 36.0981496659412, -0.417794083175523 ], [ 36.098012337171241, -0.41766350963033 ], [ 36.097852119473103, -0.41750029147601 ], [ 36.097745308766527, -0.417361556387999 ], [ 36.09763849731123, -0.417141182773537 ], [ 36.097558390039993, -0.416871873644413 ], [ 36.09744394965066, -0.4166270181125 ], [ 36.09724177132756, -0.416325065071081 ], [ 36.09694422475976, -0.416063916900742 ], [ 36.096814526226026, -0.415859864475932 ], [ 36.096730602699139, -0.415672164664912 ], [ 36.096684827345662, -0.415443659803734 ], [ 36.096585645975878, -0.415198803311306 ], [ 36.09623088016685, -0.414668316884196 ], [ 36.096101180708814, -0.414439811760252 ], [ 36.096017258333262, -0.414203115945619 ], [ 36.096017259062336, -0.413966451601652 ], [ 36.096108812779896, -0.413770590699018 ], [ 36.096204180527401, -0.413566539981556 ], [ 36.096116443147096, -0.413329874356481 ], [ 36.095986743276384, -0.413235415602197 ], [ 36.09593715232586, -0.41319929967109 ], [ 36.095776935352447, -0.413125851476891 ], [ 36.095590015496676, -0.413003408203258 ], [ 36.095532795230106, -0.412742259772579 ], [ 36.095433613483685, -0.41261984697478 ], [ 36.09541037682245, -0.4125005230911 ], [ 36.095395467039843, -0.412423956470984 ], [ 36.095460317397283, -0.412334186709935 ], [ 36.095590017558848, -0.412334187114831 ], [ 36.095700643746987, -0.41231786619777 ], [ 36.095784567178441, -0.412211775233858 ], [ 36.095879935724732, -0.412073040774019 ], [ 36.096043968104993, -0.412015914854041 ], [ 36.096219444172647, -0.412064880195728 ], [ 36.096341514198976, -0.412105685746264 ], [ 36.096440696548747, -0.412032237354693 ], [ 36.096471215039287, -0.411885342061122 ], [ 36.096383477382723, -0.411738416196204 ], [ 36.096211816747307, -0.411550716108576 ], [ 36.096173670253023, -0.411371177068814 ], [ 36.096219447240422, -0.411069195599881 ], [ 36.096269038805019, -0.410905978096191 ], [ 36.09625378109375, -0.410481582940513 ], [ 36.096196562103898, -0.410130665550318 ], [ 36.096017271887085, -0.409804200476952 ], [ 36.095914275438112, -0.409583857070489 ], [ 36.095765502907334, -0.409371643949968 ], [ 36.095742615734075, -0.409094174360722 ], [ 36.095887574542992, -0.408890152990486 ], [ 36.095895205131107, -0.408702423258505 ], [ 36.095822725669933, -0.408498401209082 ], [ 36.09559003016097, -0.408245383662411 ], [ 36.094998752987095, -0.407739408579166 ], [ 36.094689762232896, -0.407535355587899 ], [ 36.094422734279121, -0.407412942263305 ], [ 36.094202183069662, -0.407392125219097 ], [ 36.094196802064573, -0.407391617805562 ], [ 36.094163334032764, -0.407388458552048 ], [ 36.093984042885836, -0.407363976097783 ], [ 36.09381238167289, -0.407363975561352 ], [ 36.093594943403062, -0.407363974881802 ], [ 36.093423281913083, -0.407453743303554 ], [ 36.093312655272221, -0.407616960618293 ], [ 36.093182954431271, -0.407837333501623 ], [ 36.093053253993254, -0.407927102054351 ], [ 36.092809113690102, -0.407927101291177 ], [ 36.092614563524066, -0.407902618789003 ], [ 36.092427643568982, -0.407812848239733 ], [ 36.092297944088102, -0.407592474545437 ], [ 36.092275056790143, -0.407355809117625 ], [ 36.092313206608537, -0.406458054214372 ], [ 36.092412389184979, -0.406311159132797 ], [ 36.092622197848158, -0.406180585659838 ], [ 36.092824377224716, -0.406139782128355 ], [ 36.093068518728927, -0.406074495827117 ], [ 36.093228736078593, -0.406025531532939 ], [ 36.093358436667543, -0.405886766975678 ], [ 36.0934957664169, -0.405699067849364 ], [ 36.093530099038638, -0.405511368400925 ], [ 36.093560619091051, -0.404858468653751 ], [ 36.093659802070157, -0.404580969239513 ], [ 36.093661042078793, -0.404578669850065 ], [ 36.093661890084711, -0.404577097325465 ], [ 36.093831464264703, -0.404262696089879 ], [ 36.09397642397299, -0.404091289053889 ], [ 36.094228194838365, -0.403911750915539 ], [ 36.094422745481843, -0.403781177393622 ], [ 36.094560075180461, -0.403609799528807 ], [ 36.094567705020779, -0.403340461465517 ], [ 36.094438005565451, -0.403111956332279 ], [ 36.094273973992316, -0.402907904797116 ], [ 36.094113757449001, -0.402695721837724 ], [ 36.094079426187292, -0.402442734100818 ], [ 36.094129018608555, -0.402002017872725 ], [ 36.094129019993794, -0.401553140857472 ], [ 36.094121390765075, -0.401300153203078 ], [ 36.093984062351332, -0.40105529758583 ], [ 36.093797142775649, -0.400843114541457 ], [ 36.093717035256162, -0.400655413725567 ], [ 36.093682703146037, -0.400353431995522 ], [ 36.093658784353465, -0.400276677083655 ], [ 36.093650765423021, -0.400250943786635 ], [ 36.09355300527092, -0.39993722730056 ], [ 36.093450008622696, -0.399782140749888 ], [ 36.093358455938237, -0.399643405700234 ], [ 36.094109413055286, -0.358187027602783 ], [ 36.094889445591001, -0.315125502562774 ], [ 36.094953273618543, -0.311601919172211 ], [ 36.094819762463061, -0.310638456585854 ], [ 36.094732025210796, -0.310366027458203 ], [ 36.094732025815922, -0.310171456850648 ], [ 36.094732026483591, -0.309956783660643 ], [ 36.094419220700942, -0.310094377844541 ], [ 36.09367535267576, -0.310474185243267 ], [ 36.09236309282241, -0.311233801598228 ], [ 36.091912957490209, -0.311497558985603 ], [ 36.091516227612424, -0.311634701884103 ], [ 36.090940207924945, -0.311645260768762 ], [ 36.0906159585236, -0.31165579125192 ], [ 36.089910238261282, -0.311803494883136 ], [ 36.089315143697085, -0.312088373214733 ], [ 36.08884211874544, -0.312542019794385 ], [ 36.08807917562185, -0.313586487881128 ], [ 36.087510782178938, -0.31448325172892 ], [ 36.086969090976261, -0.315633212755132 ], [ 36.086621950652635, -0.316572190907175 ], [ 36.086347289233679, -0.317247411489478 ], [ 36.086129851228506, -0.317490047196395 ], [ 36.085847561063339, -0.318080868721451 ], [ 36.085614863481219, -0.318502863143913 ], [ 36.085530936621915, -0.319389097004598 ], [ 36.085435565499772, -0.320676232768299 ], [ 36.085050279958814, -0.320707855264513 ], [ 36.084672624360678, -0.32076062938944 ], [ 36.084306412808566, -0.320802812646892 ], [ 36.084024125484355, -0.320802811754984 ], [ 36.083623581958484, -0.320823932898658 ], [ 36.083299331816484, -0.320750064348816 ], [ 36.083078079463569, -0.320781716558018 ], [ 36.082513504210105, -0.320655101125682 ], [ 36.082345657445302, -0.320517956448201 ], [ 36.082231217071232, -0.320275290498925 ], [ 36.082208329703462, -0.320064307949716 ], [ 36.082116777421604, -0.319800549865219 ], [ 36.082021411036628, -0.319568444677083 ], [ 36.081811602092309, -0.319473484280915 ], [ 36.081655199879826, -0.319484044487659 ], [ 36.08119362015249, -0.319547319649511 ], [ 36.080972367503129, -0.31967393259769 ], [ 36.080690078849493, -0.319779453145377 ], [ 36.080545120452399, -0.319853290009936 ], [ 36.080365829510114, -0.319768890411437 ], [ 36.079934769597088, -0.319262465663764 ], [ 36.079797441098506, -0.319051482751663 ], [ 36.079610520982918, -0.319019828244593 ], [ 36.07930534469866, -0.318998705875854 ], [ 36.078801804615168, -0.318840466920127 ], [ 36.07845848199031, -0.318914304163197 ], [ 36.078218154791003, -0.319209714106805 ], [ 36.078141860043822, -0.319420726544924 ], [ 36.077932050341069, -0.319568431735972 ], [ 36.077768017657974, -0.319726667571131 ], [ 36.077493358649647, -0.319948241088837 ], [ 36.077211069500535, -0.32021199798997 ], [ 36.076970742607742, -0.320728952117396 ], [ 36.076780006332726, -0.321066546630977 ], [ 36.076520605539258, -0.321224813372269 ], [ 36.076203984745923, -0.321361956515989 ], [ 36.075692814068404, -0.321710111721683 ], [ 36.075399080871975, -0.321984430293122 ], [ 36.075021423984559, -0.322448637860435 ], [ 36.074788726462018, -0.322849540069762 ], [ 36.074536956105682, -0.322870631478828 ], [ 36.074170744683265, -0.322870630317955 ], [ 36.073842680248539, -0.322888631800376 ], [ 36.072114776510332, -0.318975669011645 ], [ 36.068087252499822, -0.309855051804628 ], [ 36.066268444365704, -0.305736229386972 ], [ 36.065572465528909, -0.30416013554994 ], [ 36.065237480537476, -0.303400364974481 ], [ 36.06502345782112, -0.302914945507916 ], [ 36.064233514561352, -0.3011232982712 ], [ 36.065145236820037, -0.298507893507584 ], [ 36.065194796921183, -0.298493522452875 ], [ 36.066243872062181, -0.2981893232147 ], [ 36.0661495059922, -0.297859729344889 ], [ 36.064748525810337, -0.292966513687319 ], [ 36.064392893990977, -0.291511707879296 ], [ 36.064258818567474, -0.290963237535974 ], [ 36.064107620023698, -0.290344722465521 ], [ 36.064005021552475, -0.28992501802133 ], [ 36.063955077139966, -0.289720706027222 ], [ 36.061288599106618, -0.290369846463106 ], [ 36.05976652381549, -0.293409104967419 ], [ 36.057998847186447, -0.291393357260649 ], [ 36.055394891639949, -0.28842397041667 ], [ 36.061095931910025, -0.286240540799592 ], [ 36.061132659995423, -0.286226474746083 ], [ 36.062856457000869, -0.285566281319992 ], [ 36.062823548496304, -0.285397431793576 ], [ 36.062249929135739, -0.28245428806055 ], [ 36.057882098082537, -0.28156515960151 ], [ 36.056543140049342, -0.28110412679491 ], [ 36.055837421721485, -0.280643064804541 ], [ 36.054841787894084, -0.279605762036987 ], [ 36.053041256500016, -0.277201779964012 ], [ 36.052617825593956, -0.276707806526995 ], [ 36.052160063128866, -0.276378519534465 ], [ 36.051503935340143, -0.276082116060312 ], [ 36.049932279215234, -0.275571696858144 ], [ 36.049917354217364, -0.275565805367751 ], [ 36.049890849221143, -0.275555342233838 ], [ 36.049287596307323, -0.275317208031332 ], [ 36.050782986930827, -0.26649198394054 ], [ 36.055148789342041, -0.266296061175459 ], [ 36.055152457346566, -0.266295896081885 ], [ 36.05522329943431, -0.266292717024062 ], [ 36.055059824562896, -0.254828521796245 ], [ 36.054998282174182, -0.250512703532667 ], [ 36.058271294770144, -0.251123893840371 ], [ 36.066083798037916, -0.252756332746618 ], [ 36.073125732592466, -0.254037580939934 ], [ 36.078054324314301, -0.254861124093588 ], [ 36.079469577054361, -0.255110965233257 ], [ 36.079881565236761, -0.255194225958755 ], [ 36.082521336599356, -0.255666154820191 ], [ 36.083825964395274, -0.255860458786427 ], [ 36.085389990615568, -0.256008530045315 ], [ 36.086004158247988, -0.256017772862405 ], [ 36.086572548540978, -0.256119575212227 ], [ 36.087243934191278, -0.256461944459029 ], [ 36.087694068632665, -0.256795040927232 ], [ 36.090959446532899, -0.258590142241203 ], [ 36.093843356494688, -0.260237206239765 ], [ 36.096906555485852, -0.261939777398358 ], [ 36.099614989737525, -0.263438804721713 ], [ 36.100801358915355, -0.264114270610049 ], [ 36.103361019444392, -0.265475943876415 ], [ 36.104524501779245, -0.266094433232882 ], [ 36.107721215804617, -0.267843298676174 ], [ 36.11393916892532, -0.271266953020044 ], [ 36.121007798609369, -0.27514401643906 ], [ 36.124688979376671, -0.277164743350535 ], [ 36.125051375154221, -0.277364775662345 ], [ 36.126699330629535, -0.275847249163189 ], [ 36.128240470248002, -0.275865765912002 ], [ 36.129335287385089, -0.276531990582845 ], [ 36.129510763119718, -0.276680056405538 ], [ 36.128342117712165, -0.279969156806369 ], [ 36.128075160099229, -0.280722509556873 ], [ 36.128011572484496, -0.280899461021727 ], [ 36.128114303410968, -0.280959758019055 ], [ 36.129177090650685, -0.281583548491565 ], [ 36.129556523379634, -0.281806251629208 ], [ 36.137468202832046, -0.285775847893771 ], [ 36.145253996230629, -0.28973620378552 ], [ 36.149332700552343, -0.291749930862563 ], [ 36.149357203542259, -0.291762028932188 ], [ 36.149995662280894, -0.292077247221337 ], [ 36.150171138275923, -0.292142024431761 ], [ 36.150034465688854, -0.2913028539241 ], [ 36.149804933742224, -0.289893524018028 ], [ 36.149251809855606, -0.287367433601767 ], [ 36.152212019363972, -0.286951028946918 ], [ 36.152673598868233, -0.286951030374543 ], [ 36.155271409548327, -0.287330428352269 ], [ 36.162927511722295, -0.288376032946718 ], [ 36.165273552466218, -0.288644388715009 ], [ 36.16609752719102, -0.288701667706143 ], [ 36.166033708834028, -0.292747431122607 ], [ 36.166033503794289, -0.292760456323138 ], [ 36.166021219416237, -0.293539201833246 ], [ 36.165974681812344, -0.296685764291727 ], [ 36.165962846370299, -0.297485981544831 ] ] ] ] } },
{ "type": "Feature", "properties": { "fid": 8, "CONST_CODE": 170, "Shape_Area": 0.00646286612, "OBJECTID_1": 721, "NAME": "AMALO", "OBJECTID": 3100, "CONSTITUEN": "KURESOI SOUTH", "COUNTY_ASS": 849, "SPOILT": 80, "COUNTY_A_1": "AMALO", "REJECTED": 112, "REPORTED": 9, "SPOILT_VAL": 0.025324469768914001, "VALID": 3159, "DISPUTED": 0, "RESULT": "1", "COUNTY_COD": 32, "Shape_Leng": 0.43993048761999998, "COUNTY_NAM": "NAKURU", "Shape_Le_1": 0.43993048761999998, "REGISTERED": "7898" }, "geometry": { "type": "MultiPolygon", "coordinates": [ [ [ [ 35.711754160127605, -0.561658788531683 ], [ 35.711902934234935, -0.561404061909724 ], [ 35.711915667461028, -0.561344338163204 ], [ 35.711990673792684, -0.560992539483238 ], [ 35.712009748730793, -0.560729951786594 ], [ 35.71201737812234, -0.560620200135098 ], [ 35.712017378950762, -0.560380954624314 ], [ 35.71201737951322, -0.5602185172676 ], [ 35.712036454331873, -0.559990433539857 ], [ 35.712047898950523, -0.55981677510874 ], [ 35.712330186682756, -0.559728627028273 ], [ 35.712555253989315, -0.559738409295017 ], [ 35.712665881012676, -0.55977999404915 ], [ 35.712875689067054, -0.559855962312212 ], [ 35.712967241985723, -0.559919449615681 ], [ 35.713116014853931, -0.560022541229969 ], [ 35.713341081380229, -0.560257766614233 ], [ 35.713428818326214, -0.560600643137166 ], [ 35.713440261292511, -0.56090433509223 ], [ 35.713344892709557, -0.561319998210058 ], [ 35.713203746408041, -0.561923241831471 ], [ 35.713108378144213, -0.562246675564198 ], [ 35.713020638587167, -0.562658138590714 ], [ 35.71299774885513, -0.562859639356141 ], [ 35.712963415838843, -0.563138248242835 ], [ 35.712864232942472, -0.563353790737361 ], [ 35.712757419932778, -0.563598737033918 ], [ 35.712639163837729, -0.56386330362839 ], [ 35.712639162650831, -0.564206240242511 ], [ 35.712650606034792, -0.564389259410473 ], [ 35.712662049498917, -0.564549116531936 ], [ 35.712700195742983, -0.564784280851558 ], [ 35.712787933358264, -0.56493393695294 ], [ 35.712902373863223, -0.56512721817292 ], [ 35.712963408345637, -0.56530357692814 ], [ 35.712944334927137, -0.565416148413377 ], [ 35.712921445332604, -0.565577926271887 ], [ 35.712795558819373, -0.565959985329825 ], [ 35.712760982392695, -0.566068100933167 ], [ 35.712707819736742, -0.566234334512238 ], [ 35.712707819593696, -0.566275672226084 ], [ 35.712707818787422, -0.56650868299519 ], [ 35.712776483213638, -0.566704664127604 ], [ 35.712814628949488, -0.56708678416287 ], [ 35.712828324296233, -0.56728160835889 ], [ 35.712874866076376, -0.567943705581892 ], [ 35.712896646037628, -0.568253536657877 ], [ 35.712900027876316, -0.56830165175067 ], [ 35.712913806219255, -0.568497653830562 ], [ 35.712921434451154, -0.568723037568704 ], [ 35.712990098621397, -0.568993125769324 ], [ 35.713032060162163, -0.569144342152781 ], [ 35.713060264913473, -0.569228659669534 ], [ 35.713118918396269, -0.569404002613252 ], [ 35.713119797388551, -0.569406630205277 ], [ 35.713184646530721, -0.569683199777801 ], [ 35.713180830752989, -0.569906362608211 ], [ 35.713177015025515, -0.570115005240782 ], [ 35.713177014834521, -0.570170228905912 ], [ 35.713177014384009, -0.570300484833986 ], [ 35.713153947141457, -0.570360466267009 ], [ 35.713089275461201, -0.570528628714668 ], [ 35.712971018816241, -0.57066298165619 ], [ 35.712903421403936, -0.570752396963308 ], [ 35.712900385385403, -0.570756412834809 ], [ 35.712845133048376, -0.570829498877407 ], [ 35.712726877427613, -0.57095683182722 ], [ 35.712650582802759, -0.571103847679556 ], [ 35.712650582294231, -0.571250862792346 ], [ 35.712742134878447, -0.571411440007853 ], [ 35.71283750180001, -0.571476186751571 ], [ 35.712960159666622, -0.571568838384348 ], [ 35.712962909663666, -0.571570915296618 ], [ 35.71303205158847, -0.571623143148149 ], [ 35.713161750536457, -0.571695391224819 ], [ 35.713269300497529, -0.571754096569973 ], [ 35.713298306487061, -0.571769929656878 ], [ 35.713352485467411, -0.571799502806693 ], [ 35.71374158451885, -0.571956300758729 ], [ 35.713886543449973, -0.572040190819123 ], [ 35.714012428390177, -0.572113038898683 ], [ 35.714149756718669, -0.572367885305884 ], [ 35.714100164864234, -0.572593149037552 ], [ 35.713974278825333, -0.572838094250477 ], [ 35.713974277978522, -0.573083040910768 ], [ 35.713955203271837, -0.573279020722862 ], [ 35.71386746429107, -0.573523967075334 ], [ 35.713703431566529, -0.573661080333313 ], [ 35.713596619990078, -0.573780613107533 ], [ 35.713462614244847, -0.573936957199936 ], [ 35.713451093180772, -0.573950398132708 ], [ 35.713371551738391, -0.574043200066883 ], [ 35.713218962726152, -0.574268522833684 ], [ 35.713164866362732, -0.574349722189264 ], [ 35.713164773362074, -0.574349861118955 ], [ 35.712921413727038, -0.574715148484337 ], [ 35.712787898797039, -0.574925050088447 ], [ 35.712631494304368, -0.57528754808355 ], [ 35.712578088199962, -0.575583318768057 ], [ 35.712555198697011, -0.57571863347642 ], [ 35.712486532389818, -0.576355480247921 ], [ 35.712482716490534, -0.576613867863786 ], [ 35.712478901326776, -0.576948762612841 ], [ 35.712475084069808, -0.577599830803408 ], [ 35.712475083392413, -0.577795752287474 ], [ 35.712543746549102, -0.578070100996143 ], [ 35.712612410502601, -0.578403256351653 ], [ 35.712612410096213, -0.578520809241576 ], [ 35.712513227266605, -0.578716788768259 ], [ 35.712337750252495, -0.578932271582803 ], [ 35.7121050522519, -0.579118470171808 ], [ 35.711872355014151, -0.579373196479568 ], [ 35.711570991586541, -0.579941514706391 ], [ 35.711502325295527, -0.580284390650028 ], [ 35.71144510408952, -0.580607765091656 ], [ 35.711277255306825, -0.581048750424687 ], [ 35.711170442126594, -0.581342601062937 ], [ 35.71115136679375, -0.582008791413643 ], [ 35.711082701078169, -0.582185209098187 ], [ 35.710926298092325, -0.582400751373582 ], [ 35.710811856577493, -0.582498741914736 ], [ 35.710617306108922, -0.582547705998627 ], [ 35.71034264744948, -0.582616232754368 ], [ 35.710083247643453, -0.582733903528455 ], [ 35.709934472499619, -0.582998411602044 ], [ 35.709827660183173, -0.58333150593093 ], [ 35.709846732263586, -0.583605854459002 ], [ 35.709896322526568, -0.583841019804643 ], [ 35.70997261539037, -0.584203518599931 ], [ 35.709953541547698, -0.58443868269759 ], [ 35.709865802633082, -0.58466406608501 ], [ 35.709682695402293, -0.584938354505345 ], [ 35.709263076789867, -0.58550667330969 ], [ 35.709175337705865, -0.585780962063049 ], [ 35.709099042673309, -0.586045469380092 ], [ 35.709087596588169, -0.586643192430676 ], [ 35.70899222715321, -0.587015530486706 ], [ 35.708866341382958, -0.587182047695307 ], [ 35.70867942068756, -0.587299659323165 ], [ 35.708446724192733, -0.587338842802788 ], [ 35.708152991739198, -0.587338841773402 ], [ 35.707763892138374, -0.587338840409636 ], [ 35.707443456643581, -0.587338839286411 ], [ 35.707161168800603, -0.587456450579619 ], [ 35.706947543792637, -0.58765237130584 ], [ 35.706676699594375, -0.587877693643466 ], [ 35.706489779169985, -0.587916877283032 ], [ 35.706257081471414, -0.588014807002276 ], [ 35.706070160470048, -0.588220628092733 ], [ 35.705993865843404, -0.588367582522054 ], [ 35.706024383246074, -0.588553783031797 ], [ 35.706012938516309, -0.588759483928339 ], [ 35.70584890561809, -0.588945682748724 ], [ 35.70567342883799, -0.589092637836491 ], [ 35.705555172044527, -0.58926899594355 ], [ 35.70556661497681, -0.58958252973881 ], [ 35.70574971898774, -0.590238998695015 ], [ 35.705799309216644, -0.590483945509543 ], [ 35.705837455394033, -0.590738671746056 ], [ 35.70578023355943, -0.590954214360198 ], [ 35.705536092129911, -0.591257965780889 ], [ 35.705059251830903, -0.591708671079685 ], [ 35.704853257833399, -0.591904591828526 ], [ 35.704757888871384, -0.592139755650202 ], [ 35.704582411140763, -0.592561059185499 ], [ 35.704338270049746, -0.592766820673143 ], [ 35.704204754435587, -0.592884372080352 ], [ 35.704048351819857, -0.592992142938104 ], [ 35.703792766185572, -0.593060789558157 ], [ 35.70351047740845, -0.593158719100739 ], [ 35.703075601292582, -0.593286050926042 ], [ 35.702800942458957, -0.593403662241889 ], [ 35.702636909321939, -0.59365838776568 ], [ 35.702480504925084, -0.593991542308019 ], [ 35.702160067356928, -0.594589204854921 ], [ 35.702034181041306, -0.5949125186296 ], [ 35.701877778017632, -0.595137841360327 ], [ 35.701664154210356, -0.595275014833787 ], [ 35.701408568710939, -0.595304477159015 ], [ 35.701069060149401, -0.5953141970386 ], [ 35.700817289656079, -0.595343598972717 ], [ 35.700573147834938, -0.595470991869719 ], [ 35.700359523721787, -0.595696314398793 ], [ 35.700065791585651, -0.595892294232793 ], [ 35.699920831782705, -0.596058871771148 ], [ 35.69988268411204, -0.596235230153338 ], [ 35.699882683432932, -0.596431150613876 ], [ 35.699844535727948, -0.596617410273268 ], [ 35.699356251964232, -0.597195389469799 ], [ 35.699054889374004, -0.597518701617297 ], [ 35.698673417726603, -0.597822452545193 ], [ 35.697906660119351, -0.598518103440873 ], [ 35.697632001079462, -0.598694460990091 ], [ 35.697372600403121, -0.598772828664731 ], [ 35.697067424655359, -0.59885119517176 ], [ 35.696796580300763, -0.598831632275672 ], [ 35.696514292438529, -0.598664993840726 ], [ 35.696270152125621, -0.59864543103831 ], [ 35.696006937476831, -0.598714077627999 ], [ 35.695785683315911, -0.598949181601644 ], [ 35.695484320315565, -0.599390107028784 ], [ 35.695259251740225, -0.599742823264401 ], [ 35.695114292493876, -0.600036733139637 ], [ 35.694988406719183, -0.600203310741293 ], [ 35.69488922298612, -0.600369887429912 ], [ 35.694770966543331, -0.600732385514791 ], [ 35.694675597510184, -0.600987112277133 ], [ 35.694626005718561, -0.601192873432059 ], [ 35.694431455496179, -0.60145744071813 ], [ 35.694217831006057, -0.60179053464198 ], [ 35.693966059591659, -0.602084564947351 ], [ 35.693771507757162, -0.602525370941289 ], [ 35.693622733742011, -0.602750754094274 ], [ 35.69355406798838, -0.602936892832082 ], [ 35.6935159203504, -0.603103470739819 ], [ 35.69344725563073, -0.60327982900874 ], [ 35.693370960422847, -0.603593361468659 ], [ 35.693370959606703, -0.603828466214594 ], [ 35.693420550139891, -0.60398532335923 ], [ 35.693527361763316, -0.604141999491945 ], [ 35.693584581104595, -0.604357602898949 ], [ 35.693603652570296, -0.604808250512042 ], [ 35.693622725273968, -0.605190370413315 ], [ 35.693576947467811, -0.605690103365489 ], [ 35.693527355267882, -0.606013416384051 ], [ 35.693477762646133, -0.606170153376315 ], [ 35.693447241959916, -0.607218523844623 ], [ 35.693420538509841, -0.607336136022646 ], [ 35.693302281882247, -0.607463468949493 ], [ 35.693187840430561, -0.607541836123167 ], [ 35.693039067026746, -0.607590860764198 ], [ 35.692855962011244, -0.607512492544388 ], [ 35.692649967721898, -0.60750265094731 ], [ 35.692516453138104, -0.607610420870083 ], [ 35.692405826488191, -0.607747595702988 ], [ 35.692348604820019, -0.607914172533042 ], [ 35.692340974991509, -0.608149397049184 ], [ 35.692405824345414, -0.608364880676916 ], [ 35.69241726775121, -0.608541239223023 ], [ 35.692318084187271, -0.608658790741031 ], [ 35.692203643395182, -0.608835148844216 ], [ 35.692154051670883, -0.609021348047985 ], [ 35.692203642408465, -0.609119398549829 ], [ 35.692291380240682, -0.609207488511217 ], [ 35.692291379798696, -0.609334821852687 ], [ 35.692291379356732, -0.609462155194053 ], [ 35.692192195792266, -0.60957982752024 ], [ 35.692035793240258, -0.609667976020537 ], [ 35.691902277792181, -0.609736562657948 ], [ 35.691707728214276, -0.609814870151354 ], [ 35.691532251291569, -0.610001129315812 ], [ 35.691387291315131, -0.61021667160136 ], [ 35.691269035244609, -0.610471398271387 ], [ 35.691249960432131, -0.610696781871768 ], [ 35.691200368401724, -0.610971070725905 ], [ 35.691131703544876, -0.611186733080663 ], [ 35.690998186804109, -0.611627538262978 ], [ 35.690887559983601, -0.611813677851861 ], [ 35.690685379031969, -0.612284006415558 ], [ 35.690410717911483, -0.613058027571188 ], [ 35.690101724553003, -0.613596882457532 ], [ 35.689857582943176, -0.61394953920379 ], [ 35.68961344091101, -0.614135798122804 ], [ 35.689487555099852, -0.614312156180892 ], [ 35.68946848145724, -0.614488514614582 ], [ 35.689468480606607, -0.614733460220443 ], [ 35.689575291162903, -0.614909819096615 ], [ 35.689781284705859, -0.615135143079485 ], [ 35.69008264546747, -0.615340906461353 ], [ 35.690315340916591, -0.615605474224897 ], [ 35.690452670521395, -0.615781834214185 ], [ 35.690433595913191, -0.615948350767493 ], [ 35.690322969500308, -0.616016938489999 ], [ 35.690158937240994, -0.616016937913132 ], [ 35.689876648896735, -0.615987593502917 ], [ 35.689682099929534, -0.615889601892014 ], [ 35.689479920644125, -0.615879760308541 ], [ 35.689323517396893, -0.615879759758358 ], [ 35.689205261971871, -0.615948346447153 ], [ 35.689155669587095, -0.616036555724549 ], [ 35.689155668634172, -0.616310964547931 ], [ 35.689128966081888, -0.616457859733732 ], [ 35.689197629611975, -0.616624438006206 ], [ 35.689292997456739, -0.616712587388928 ], [ 35.689457029341916, -0.61682035936007 ], [ 35.689643949025246, -0.616996718516112 ], [ 35.68980035052428, -0.617212261854117 ], [ 35.689888087914589, -0.617427865354738 ], [ 35.689914790208611, -0.617643407229384 ], [ 35.689907160142312, -0.61794710004319 ], [ 35.689807977169011, -0.618182263821397 ], [ 35.68944939317268, -0.61859378619096 ], [ 35.689003071798858, -0.619073895354811 ], [ 35.688358385178454, -0.619534381472885 ], [ 35.688163834053633, -0.619769485516101 ], [ 35.688045577845045, -0.620063515258288 ], [ 35.688087538129288, -0.620288779260782 ], [ 35.6881638313655, -0.620543567006899 ], [ 35.688213421695679, -0.620759108958807 ], [ 35.688175273308246, -0.621141229635745 ], [ 35.688125681413226, -0.621376334187037 ], [ 35.687999795430734, -0.621601717399561 ], [ 35.687774727461097, -0.621778075102238 ], [ 35.6875496595935, -0.621925029990527 ], [ 35.68724066769456, -0.622042580762523 ], [ 35.68707282081553, -0.622218938665955 ], [ 35.68697745164318, -0.62251284968989 ], [ 35.686996523359262, -0.623179159846602 ], [ 35.686958375379959, -0.623443667249701 ], [ 35.686733307409625, -0.623620024950633 ], [ 35.68632513325003, -0.623767038590697 ], [ 35.685924589374842, -0.623835625290023 ], [ 35.685741482845565, -0.623904151343416 ], [ 35.685478267916174, -0.62405116549315 ], [ 35.685379084941466, -0.624286269866477 ], [ 35.685352380094443, -0.624805625185226 ], [ 35.685409599994223, -0.625148501497901 ], [ 35.685516409802737, -0.625540403144303 ], [ 35.685672812166857, -0.625795129754753 ], [ 35.68593602580308, -0.626020514331444 ], [ 35.686080983387441, -0.626206654806247 ], [ 35.686180165184453, -0.626598496019204 ], [ 35.686206866716198, -0.6267455715917 ], [ 35.686256458386964, -0.626863124629097 ], [ 35.68644337810634, -0.62702970230232 ], [ 35.686657001072511, -0.627137474442433 ], [ 35.686778200025302, -0.627206683127542 ], [ 35.686897326978972, -0.62727470989406 ], [ 35.686973525717235, -0.627385075916421 ], [ 35.687046099467956, -0.627490192789859 ], [ 35.68704609864767, -0.627726457271208 ], [ 35.687046098617522, -0.627735138379839 ], [ 35.687046097713143, -0.627995635063719 ], [ 35.687046097699202, -0.627999646917799 ], [ 35.687084243977559, -0.628225030699788 ], [ 35.687171981777283, -0.628323020922163 ], [ 35.687240645070801, -0.628558065476522 ], [ 35.687347456220522, -0.628852097004034 ], [ 35.687347455268196, -0.6291264464121 ], [ 35.687316935995234, -0.629479163280079 ], [ 35.687278787506131, -0.62989062634887 ], [ 35.687114753747622, -0.630321770717422 ], [ 35.686972466569053, -0.630595849817168 ], [ 35.686946906357257, -0.63064508428748 ], [ 35.686932948283626, -0.630659890345673 ], [ 35.686875140978415, -0.630721210601613 ], [ 35.68677142943082, -0.630831223630726 ], [ 35.686643549536313, -0.631030050063311 ], [ 35.686626469416808, -0.631056606765555 ], [ 35.686595951517759, -0.631301552243791 ], [ 35.68659595063351, -0.631556279302965 ], [ 35.686645540930627, -0.631781602716724 ], [ 35.686656984302573, -0.631967802113856 ], [ 35.686607392168902, -0.632271554155871 ], [ 35.686443358376224, -0.632712419588831 ], [ 35.686332729532651, -0.633192529899302 ], [ 35.686313655277814, -0.63354524680014 ], [ 35.686306023102809, -0.634456443009495 ], [ 35.686225910234022, -0.63553415556366 ], [ 35.686225908941779, -0.635906494872445 ], [ 35.686256425766587, -0.636259211942776 ], [ 35.686325088720558, -0.636592367205873 ], [ 35.68632508766688, -0.636895998606356 ], [ 35.686344160881184, -0.637131224189012 ], [ 35.686313642084293, -0.637346766847724 ], [ 35.686237347247861, -0.637552527871618 ], [ 35.686168681219506, -0.637817095552482 ], [ 35.686119089289932, -0.638062040955195 ], [ 35.686080941276863, -0.638336329811918 ], [ 35.686100014831453, -0.638473504073057 ], [ 35.686237343338114, -0.638679265846736 ], [ 35.686355599052142, -0.638816441462891 ], [ 35.686378486834002, -0.638889906289447 ], [ 35.686431892325089, -0.639061326902483 ], [ 35.686484467566089, -0.639304432344285 ], [ 35.686487573521269, -0.639318794490019 ], [ 35.686508185223758, -0.639414104532178 ], [ 35.686515234978373, -0.639776331167623 ], [ 35.686519627202628, -0.640001986636684 ], [ 35.686538698533823, -0.640491877851802 ], [ 35.686489106332502, -0.640815191820855 ], [ 35.686430196853628, -0.640925915759467 ], [ 35.686409730687295, -0.640964383174374 ], [ 35.686408551677651, -0.640966599002212 ], [ 35.686378479433245, -0.64102312123574 ], [ 35.686332702061101, -0.641109162000215 ], [ 35.686023710306266, -0.641471658334554 ], [ 35.685749050912342, -0.641746006759593 ], [ 35.68549727996313, -0.641902742006482 ], [ 35.685195917015974, -0.642324044994944 ], [ 35.684951774364585, -0.642686602965834 ], [ 35.684738149932308, -0.643000134881168 ], [ 35.684474934828188, -0.643196054371012 ], [ 35.68409727823326, -0.643480182897814 ], [ 35.683753953557229, -0.643803556233392 ], [ 35.683589920442621, -0.644048440821822 ], [ 35.68341444242477, -0.644548173220564 ], [ 35.683296184771436, -0.644969476846918 ], [ 35.683269480449795, -0.645625885490987 ], [ 35.683181741185827, -0.645949199317334 ], [ 35.682987189647157, -0.646301915578077 ], [ 35.682704899830291, -0.646693875210882 ], [ 35.682559940711727, -0.646948601740162 ], [ 35.682510348849121, -0.647173985191733 ], [ 35.682323427288395, -0.64753648295016 ], [ 35.682159393764572, -0.647898980788384 ], [ 35.682033507234273, -0.648281100097257 ], [ 35.682022062059126, -0.648614255058122 ], [ 35.682109796935805, -0.649554854342264 ], [ 35.68221660426584, -0.650661970279767 ], [ 35.682334856750558, -0.651730023783745 ], [ 35.682323410317956, -0.652425616740717 ], [ 35.682254743914612, -0.6527978953712 ], [ 35.68210978411517, -0.653248601695061 ], [ 35.681838938723267, -0.653522950116418 ], [ 35.681476541658597, -0.653660123025564 ], [ 35.681060738473136, -0.65380707721947 ], [ 35.680698341544222, -0.653905065845918 ], [ 35.680370276330926, -0.654100985096214 ], [ 35.680152837058927, -0.654365552231087 ], [ 35.679950656335556, -0.65476723420423 ], [ 35.679775179437868, -0.65494359205142 ], [ 35.679531037530325, -0.655090606245249 ], [ 35.679210602498806, -0.655237560772929 ], [ 35.678890166433142, -0.655394295766457 ], [ 35.678703245448339, -0.655590275915739 ], [ 35.678695615585148, -0.655835221443541 ], [ 35.678695614496107, -0.656148754088587 ], [ 35.67873376063951, -0.656413262722136 ], [ 35.678829127080057, -0.65661902432961 ], [ 35.678939752545624, -0.656824785990442 ], [ 35.678878716867679, -0.656991363772358 ], [ 35.678752831050382, -0.657167661387559 ], [ 35.678577354253974, -0.657314676827885 ], [ 35.678451468334252, -0.657520437655869 ], [ 35.678413320319223, -0.657794785882564 ], [ 35.678462909256346, -0.658412011476743 ], [ 35.678413316167756, -0.658990111836319 ], [ 35.678295058409596, -0.659440818239271 ], [ 35.678207319075469, -0.659783754384908 ], [ 35.678050915731326, -0.660097286473138 ], [ 35.677974620483916, -0.66042060031521 ], [ 35.677837290272883, -0.660704729661205 ], [ 35.677555001165373, -0.660890868599459 ], [ 35.677333748770081, -0.660900648286667 ], [ 35.677028572918267, -0.660714508288061 ], [ 35.676231301624782, -0.660136464350441 ], [ 35.675949014640601, -0.659999289177952 ], [ 35.675376809149213, -0.659871893450158 ], [ 35.674781715177552, -0.659871891354497 ], [ 35.67423621204837, -0.659940476522592 ], [ 35.673721226798499, -0.660058027551425 ], [ 35.673534306270909, -0.660121933654408 ], [ 35.673149021182162, -0.66025400633775 ], [ 35.672737031656958, -0.660498950434883 ], [ 35.672214416200816, -0.660959436881668 ], [ 35.671745205729088, -0.661449326323585 ], [ 35.67158880268908, -0.661674709381543 ], [ 35.671512506927918, -0.662144978870806 ], [ 35.671474358467776, -0.662546660398135 ], [ 35.671356100705928, -0.662997367799267 ], [ 35.671279805353713, -0.663350084444345 ], [ 35.671054737030424, -0.663624432003828 ], [ 35.670722856600364, -0.663879157850797 ], [ 35.670452012406244, -0.664094759029981 ], [ 35.670219314820457, -0.664153504427682 ], [ 35.669837844024897, -0.6642024688351 ], [ 35.669681441290585, -0.664339762261324 ], [ 35.669586072622899, -0.664486657168811 ], [ 35.669498333797051, -0.664682578259811 ], [ 35.669341928743762, -0.665486001424686 ], [ 35.669235115988648, -0.665652579037293 ], [ 35.669071083310271, -0.665770130291615 ], [ 35.668853645407609, -0.665926926041551 ], [ 35.668727759655283, -0.666083661709964 ], [ 35.668670537230973, -0.66646578223074 ], [ 35.668689609420511, -0.666994797254876 ], [ 35.66876590139664, -0.667612142716555 ], [ 35.668788788206456, -0.667964859702701 ], [ 35.668640013870267, -0.668278452207881 ], [ 35.668407315532853, -0.668552740335385 ], [ 35.668144100758958, -0.668650729300562 ], [ 35.667861812090251, -0.668709474521629 ], [ 35.667579524455135, -0.668758559079107 ], [ 35.667247644670624, -0.668827084590321 ], [ 35.666869988639888, -0.668944695493093 ], [ 35.666606773695229, -0.669091589804602 ], [ 35.666431296757942, -0.669277789513341 ], [ 35.666423665994628, -0.669493331210055 ], [ 35.666519032581888, -0.669943978943866 ], [ 35.666587695739437, -0.670218328536211 ], [ 35.66663728630904, -0.670365343752351 ], [ 35.666744098075526, -0.670482896965725 ], [ 35.66680131782848, -0.670580887060128 ], [ 35.6667135792746, -0.670698439586999 ], [ 35.6666563585662, -0.670874797835076 ], [ 35.666644913796638, -0.671090339516483 ], [ 35.666725022416855, -0.671237295441906 ], [ 35.666957718356628, -0.671364689968356 ], [ 35.667140823737114, -0.671629258490247 ], [ 35.667114119976439, -0.671835080055984 ], [ 35.666938641947638, -0.672334691572183 ], [ 35.666694497508729, -0.673206702486013 ], [ 35.666637275561413, -0.673451647816318 ], [ 35.666637274810917, -0.673667190541764 ], [ 35.666644904243483, -0.673833767543926 ], [ 35.666599127383421, -0.674059091579296 ], [ 35.666404575015314, -0.674646971845072 ], [ 35.666255800098142, -0.675127022517813 ], [ 35.666148986864016, -0.675430773282761 ], [ 35.665973509721162, -0.67567571819298 ], [ 35.665691221299291, -0.675950066538751 ], [ 35.665340266968478, -0.676165608023233 ], [ 35.665000757622153, -0.67639099041704 ], [ 35.664729913184573, -0.676675119266904 ], [ 35.664581138505078, -0.677086641241927 ], [ 35.664581136764653, -0.677586313767292 ], [ 35.664680317222519, -0.678076206176377 ], [ 35.664855792182301, -0.678458326486627 ], [ 35.665038896666758, -0.678693431788604 ], [ 35.665283037013424, -0.678997184792309 ], [ 35.665527177263726, -0.679328660354245 ], [ 35.665607284623285, -0.679550744135522 ], [ 35.665580580533266, -0.679851134682512 ], [ 35.665504285587893, -0.680086359876248 ], [ 35.665294476557797, -0.680282338911027 ], [ 35.665008373537788, -0.68043907500886 ], [ 35.664893931665624, -0.680635055386343 ], [ 35.664829080830359, -0.680844056087734 ], [ 35.664851968095043, -0.681066139665409 ], [ 35.664867226392658, -0.681275141655579 ], [ 35.664710822450772, -0.68147112188411 ], [ 35.66445142251991, -0.681614835912372 ], [ 35.664283574513547, -0.681823837256093 ], [ 35.664111912121989, -0.682141629769941 ], [ 35.663959323292033, -0.682307187379869 ], [ 35.663593111592881, -0.682333348201521 ], [ 35.66323071499108, -0.682333346922845 ], [ 35.662895020342688, -0.682359448454395 ], [ 35.662662323774121, -0.682411713469742 ], [ 35.662338074099495, -0.682450775793043 ], [ 35.66206341409648, -0.682607692134959 ], [ 35.661804013800676, -0.682855876423548 ], [ 35.661506466532295, -0.683077958867812 ], [ 35.661220362829269, -0.683143244849941 ], [ 35.660636713859155, -0.683143242789119 ], [ 35.660220910712326, -0.683273935106964 ], [ 35.659885215789963, -0.683378405189673 ], [ 35.659431264987504, -0.683678854625789 ], [ 35.658740801879702, -0.684240631399345 ], [ 35.658481402038063, -0.684358182303947 ], [ 35.658092302025871, -0.684462712601101 ], [ 35.657703200922484, -0.684593344607128 ], [ 35.657432356788043, -0.684789264022558 ], [ 35.657119549671819, -0.685246510455022 ], [ 35.656833445554092, -0.685716839547402 ], [ 35.65669230081766, -0.685860493584336 ], [ 35.656406197021767, -0.685951942684181 ], [ 35.656211647697546, -0.685951941996383 ], [ 35.656070503143134, -0.686043390601858 ], [ 35.65584925009037, -0.68623937059503 ], [ 35.655524998683731, -0.686487495250667 ], [ 35.655315190105576, -0.686552901301688 ], [ 35.655147343190627, -0.686448370043976 ], [ 35.654952794185483, -0.68635691924493 ], [ 35.654769687789134, -0.686383021312866 ], [ 35.654552250244052, -0.686435286379284 ], [ 35.654304293283026, -0.686592082001848 ], [ 35.654018189893449, -0.686853348755696 ], [ 35.65389993296629, -0.687062350267604 ], [ 35.653758788772691, -0.68733669808675 ], [ 35.653705381725416, -0.687611046215803 ], [ 35.653720639610292, -0.687937661429142 ], [ 35.653720638697692, -0.688198988590726 ], [ 35.653640528743097, -0.688434032547042 ], [ 35.653445977460137, -0.688708381181903 ], [ 35.653110283123752, -0.6889304624754 ], [ 35.652553334641688, -0.689374627479854 ], [ 35.652229083502405, -0.689831873859423 ], [ 35.652019273463075, -0.690315224364572 ], [ 35.651981125075665, -0.690694104211711 ], [ 35.652045973088647, -0.691007696426268 ], [ 35.652164228146056, -0.691334191189426 ], [ 35.652213817495046, -0.691830624167951 ], [ 35.652084114403159, -0.692653669648214 ], [ 35.651851414910581, -0.693542001748781 ], [ 35.651618716197156, -0.693920880900726 ], [ 35.651489015884735, -0.694234352619357 ], [ 35.651450867634416, -0.694573988786828 ], [ 35.651359311971156, -0.695292503730358 ], [ 35.651214348986244, -0.696363735333617 ], [ 35.651099906512705, -0.697016902797393 ], [ 35.6509053548168, -0.697408863636097 ], [ 35.650668842369896, -0.697709313815888 ], [ 35.650321703284334, -0.697853027518291 ], [ 35.649852495814926, -0.697761576759243 ], [ 35.649295549198143, -0.697670125689308 ], [ 35.64899800156094, -0.697709307902332 ], [ 35.648685195578587, -0.697839880768992 ], [ 35.64849064542922, -0.698075104513659 ], [ 35.648452497177971, -0.698414740673946 ], [ 35.64851734414119, -0.699028724492295 ], [ 35.648452494118921, -0.699289992010726 ], [ 35.648177833880347, -0.699512074513277 ], [ 35.647788733677174, -0.699668869623831 ], [ 35.647464483765937, -0.699773338727946 ], [ 35.647285191824572, -0.699956237294756 ], [ 35.647243230022987, -0.700165299465698 ], [ 35.647361484400307, -0.700400404513025 ], [ 35.647399630551242, -0.700661671387459 ], [ 35.647361482345218, -0.700988286388248 ], [ 35.647296630409294, -0.701510820641905 ], [ 35.647220332627363, -0.702555949737964 ], [ 35.647102075784019, -0.703026217967177 ], [ 35.646854117447468, -0.703574914683878 ], [ 35.646529866895435, -0.703862283990134 ], [ 35.646075916397784, -0.704071344697368 ], [ 35.645583819246731, -0.70416279204975 ], [ 35.645286273063896, -0.704071341900345 ], [ 35.645118427105203, -0.703692520749223 ], [ 35.644855213757452, -0.703378927853442 ], [ 35.644492817647972, -0.703235271040467 ], [ 35.644103718082434, -0.703209106544026 ], [ 35.64372987645109, -0.70320910521901 ], [ 35.643378923629662, -0.703274451364394 ], [ 35.643092820506318, -0.703457349548446 ], [ 35.642127705990568, -0.7019963733988 ], [ 35.636634561520388, -0.693500483243418 ], [ 35.634002426150509, -0.690638474485552 ], [ 35.629672754448556, -0.685930605596717 ], [ 35.626502743908652, -0.683725782595284 ], [ 35.618736023060514, -0.679154415929606 ], [ 35.611449955340468, -0.67450960216098 ], [ 35.609012372133684, -0.671165622628341 ], [ 35.608428725003954, -0.670364536487156 ], [ 35.602691439297665, -0.6622508247727 ], [ 35.600822244093095, -0.65975197493197 ], [ 35.599684011988757, -0.65784790486364 ], [ 35.599440587036455, -0.657440696317419 ], [ 35.599258224821533, -0.657135634715865 ], [ 35.598834801859006, -0.654401566525721 ], [ 35.598518188043208, -0.652518987193838 ], [ 35.598404724272058, -0.65184093317308 ], [ 35.597362357761924, -0.645611777923821 ], [ 35.595901357102917, -0.63699828702905 ], [ 35.594879039744782, -0.630472057837688 ], [ 35.594821799860341, -0.63013379238379 ], [ 35.593406595464437, -0.621770417166261 ], [ 35.593186075569157, -0.620523307534129 ], [ 35.59232615258513, -0.615660178801512 ], [ 35.592148847889334, -0.614657466226682 ], [ 35.591873116029042, -0.613098119299868 ], [ 35.591666075552425, -0.611742090578943 ], [ 35.591575575529966, -0.611149353591471 ], [ 35.590644809969241, -0.605028525551232 ], [ 35.589023597602782, -0.594930476837562 ], [ 35.588176747604614, -0.590934592777425 ], [ 35.588127156984271, -0.590807018629871 ], [ 35.58807375142252, -0.59066144296816 ], [ 35.586563139136537, -0.587849481502227 ], [ 35.58154302083593, -0.579341646447516 ], [ 35.576583936737059, -0.570833812230257 ], [ 35.573955622548766, -0.566426697428761 ], [ 35.571220496900423, -0.561832362879725 ], [ 35.56923686303503, -0.558456939417511 ], [ 35.56680691228474, -0.554311813827741 ], [ 35.561443472984116, -0.54522323444252 ], [ 35.555210285866785, -0.534653815472434 ], [ 35.549499712056921, -0.524810295178006 ], [ 35.547619074897064, -0.521608289356377 ], [ 35.54755041021059, -0.5214939768709 ], [ 35.543907391397362, -0.515286188073112 ], [ 35.542251821097601, -0.512500267313756 ], [ 35.538109079413672, -0.505529734371562 ], [ 35.53009061983677, -0.49289866937848 ], [ 35.528984362946211, -0.491063460757772 ], [ 35.524608925185042, -0.483810116997597 ], [ 35.518814426806813, -0.47428600726708 ], [ 35.512871154777997, -0.464645723847426 ], [ 35.5110852310222, -0.46171868825305 ], [ 35.510480586816314, -0.460727708914042 ], [ 35.510416767111259, -0.46062311245767 ], [ 35.510316399575281, -0.460458615864919 ], [ 35.508236319200108, -0.457049472654169 ], [ 35.508591087083957, -0.45695055276219 ], [ 35.508800895802572, -0.456839271575856 ], [ 35.508995446361155, -0.456765104794329 ], [ 35.509266289847112, -0.456740383308785 ], [ 35.509388361483857, -0.456616741043273 ], [ 35.50958672623149, -0.456493098058021 ], [ 35.509830867862121, -0.456418901260623 ], [ 35.510090267285399, -0.456406541487315 ], [ 35.510361110990978, -0.456591991995197 ], [ 35.51065484090379, -0.457000035735654 ], [ 35.510849390682161, -0.457136040947196 ], [ 35.511158381453001, -0.457049483644547 ], [ 35.511413968109551, -0.456703277929657 ], [ 35.511562742656352, -0.456344740259381 ], [ 35.511761108403554, -0.456221097273547 ], [ 35.512154022066625, -0.456196347050499 ], [ 35.512459198785479, -0.456122179677223 ], [ 35.512691897270429, -0.455813058135128 ], [ 35.513367106038785, -0.453983166459032 ], [ 35.513554027823432, -0.453575153716739 ], [ 35.513554029015779, -0.453253699743755 ], [ 35.513554030666917, -0.452808572841953 ], [ 35.513554031813484, -0.452499480623844 ], [ 35.51358836487227, -0.452227471788329 ], [ 35.51373713968411, -0.452066715157981 ], [ 35.514091907748437, -0.451918350252966 ], [ 35.514179646425823, -0.451769985351052 ], [ 35.514168202509836, -0.451473253837865 ], [ 35.514107168843125, -0.4510899626651 ], [ 35.514019432504845, -0.450607751169212 ], [ 35.513958399021838, -0.450175014985113 ], [ 35.514019435486141, -0.449804086025203 ], [ 35.514141507901158, -0.449470241555215 ], [ 35.514362761321806, -0.44917351091408 ], [ 35.514610717643293, -0.448913864634048 ], [ 35.515049410607112, -0.448555297840816 ], [ 35.515934423177931, -0.447937085511143 ], [ 35.516464668410343, -0.447541435805604 ], [ 35.516952951673375, -0.447121063436369 ], [ 35.517334424423645, -0.446527571716673 ], [ 35.517605271059786, -0.445921748026316 ], [ 35.517788378202717, -0.445414815033757 ], [ 35.518047780501142, -0.444895521577399 ], [ 35.518429251745943, -0.444438034338872 ], [ 35.518845055856445, -0.444030022441821 ], [ 35.51929900711297, -0.443597288181639 ], [ 35.519535520827517, -0.443226359871873 ], [ 35.519817810340754, -0.442657591283653 ], [ 35.519989473411918, -0.442435058167846 ], [ 35.520321352530054, -0.442261940462503 ], [ 35.520809635376338, -0.441952850065728 ], [ 35.521278845332297, -0.441606645132645 ], [ 35.521694649119638, -0.441285192706606 ], [ 35.521927347644073, -0.440963709390889 ], [ 35.521965495477176, -0.440753537528922 ], [ 35.522236339827145, -0.440493890319151 ], [ 35.52277421492596, -0.44013532489186 ], [ 35.523205276733997, -0.439813842318745 ], [ 35.523575304179658, -0.43956655723627 ], [ 35.523941515978706, -0.43949239109187 ], [ 35.52437257782497, -0.439430555737871 ], [ 35.52480363871674, -0.439356389836303 ], [ 35.525257588320997, -0.43936875228773 ], [ 35.525734427049422, -0.439356393325561 ], [ 35.525894644461793, -0.439306918711976 ], [ 35.52620363572732, -0.439084386107566 ], [ 35.526520256912235, -0.438886545835262 ], [ 35.526802545727804, -0.438775265917389 ], [ 35.52740526840708, -0.43882474338984 ], [ 35.52765322399042, -0.438762907348253 ], [ 35.52787447780981, -0.438626903688628 ], [ 35.527969845540511, -0.438466177051364 ], [ 35.528107175148335, -0.438354895583203 ], [ 35.528400907705418, -0.438317813427771 ], [ 35.528755675349849, -0.438280700291885 ], [ 35.529175293406709, -0.438157059131042 ], [ 35.529701722798826, -0.437983972351136 ], [ 35.53022052281424, -0.43790980677531 ], [ 35.530563845259117, -0.43792216881022 ], [ 35.531200901351994, -0.437872695980361 ], [ 35.531666294925358, -0.437897450430175 ], [ 35.532085913803293, -0.437551245302405 ], [ 35.533043407502987, -0.436648663480142 ], [ 35.533634688674496, -0.436018089263897 ], [ 35.534344226200282, -0.435066060489277 ], [ 35.534515890453044, -0.434522013975416 ], [ 35.534908807613753, -0.433817270486496 ], [ 35.53520635513236, -0.433520540111518 ], [ 35.53563360242461, -0.43333506200334 ], [ 35.536163846543765, -0.433236143757851 ], [ 35.536591093561903, -0.43312486337057 ], [ 35.536850493842834, -0.432877608066998 ], [ 35.537060303688506, -0.432729213408177 ], [ 35.53735403624615, -0.432420121260714 ], [ 35.537403629456826, -0.432111029207338 ], [ 35.537315891609289, -0.431764822174985 ], [ 35.537231969584823, -0.431468090371733 ], [ 35.537243414604575, -0.431196081431198 ], [ 35.537342597885775, -0.430886958352937 ], [ 35.537587854322432, -0.430591870778287 ], [ 35.53768251987686, -0.43047797162347 ], [ 35.537846140835192, -0.43028110630146 ], [ 35.538067395243566, -0.42998437563729 ], [ 35.538300092394422, -0.429761813542322 ], [ 35.538422164388237, -0.429539280229255 ], [ 35.538544235518962, -0.42927963245039 ], [ 35.538731156467897, -0.42909415344052 ], [ 35.538925706561059, -0.429143630389863 ], [ 35.539074479771863, -0.429143630945703 ], [ 35.539234696542863, -0.429267274280144 ], [ 35.539368211640898, -0.429291997285667 ], [ 35.539600907924978, -0.429304359911708 ], [ 35.540005266133193, -0.429403281651143 ], [ 35.540352404214872, -0.429514534731167 ], [ 35.540535509383083, -0.429539288123861 ], [ 35.540680468833585, -0.429201482193986 ], [ 35.537072264722902, -0.425407465437031 ], [ 35.534962251935227, -0.423188793486253 ], [ 35.539562796983816, -0.419513811023281 ], [ 35.539818384487511, -0.418932650327331 ], [ 35.540207486367613, -0.418300214861129 ], [ 35.541008575951729, -0.417633576950776 ], [ 35.543385144478464, -0.415411490748343 ], [ 35.544556262780347, -0.414146620258953 ], [ 35.545269617006468, -0.412727893051921 ], [ 35.548916500566918, -0.405268905310014 ], [ 35.549530667647325, -0.405206981024653 ], [ 35.550141020557156, -0.405189880806444 ], [ 35.550686523383817, -0.404899302505982 ], [ 35.551178620695453, -0.404728376035047 ], [ 35.551685976461933, -0.404711276438484 ], [ 35.552349734067619, -0.404796758167441 ], [ 35.553299594252529, -0.405104443531839 ], [ 35.554165531075917, -0.405206998305833 ], [ 35.554691960931457, -0.405172796283286 ], [ 35.555370978563815, -0.404984799220382 ], [ 35.555626563986216, -0.404694218830534 ], [ 35.555828745277147, -0.404147231687628 ], [ 35.555828746785259, -0.403736998315663 ], [ 35.555710493129745, -0.403326764502626 ], [ 35.555409134661396, -0.402524807557575 ], [ 35.555409136552491, -0.402010523599669 ], [ 35.555756277544226, -0.401055433877909 ], [ 35.556137750299762, -0.400449310494623 ], [ 35.556851102322867, -0.399622815019279 ], [ 35.557068542445869, -0.399126893793643 ], [ 35.557381351050488, -0.398263642766349 ], [ 35.557907784231475, -0.397051426315515 ], [ 35.558857651343622, -0.395471852081919 ], [ 35.559513783349971, -0.394626965256923 ], [ 35.560536126857642, -0.393782079792534 ], [ 35.56166528177954, -0.39286374600611 ], [ 35.563565008642271, -0.391431100905893 ], [ 35.564568278644344, -0.390714779054299 ], [ 35.565846205809223, -0.390055883667445 ], [ 35.566555741688326, -0.389807940381105 ], [ 35.567143206046616, -0.389656396005382 ], [ 35.567597155868576, -0.389601311909224 ], [ 35.568131214799905, -0.389546197908255 ], [ 35.568779714403846, -0.389622978322721 ], [ 35.569168811629474, -0.390251996847735 ], [ 35.569546464718009, -0.39091431828181 ], [ 35.569721938487554, -0.391588430907106 ], [ 35.569966075268113, -0.392558224275242 ], [ 35.570202584125582, -0.39350437533416 ], [ 35.570427647491613, -0.394580621292155 ], [ 35.570580232408737, -0.395479457276046 ], [ 35.570660337919875, -0.396189062148704 ], [ 35.570790032641163, -0.39767926102573 ], [ 35.570824360141771, -0.398921062606371 ], [ 35.570908281486076, -0.399677983248461 ], [ 35.571060865972854, -0.400695092013772 ], [ 35.571167674089772, -0.401522970776289 ], [ 35.571213447079622, -0.40236266944201 ], [ 35.571213443357394, -0.403379777632457 ], [ 35.571247774067736, -0.404018425284118 ], [ 35.571308807291082, -0.404526979099934 ], [ 35.571446133841143, -0.405248406308476 ], [ 35.571636867200915, -0.405768782747974 ], [ 35.571881005807867, -0.406241843622127 ], [ 35.572235771308534, -0.406785893146378 ], [ 35.572621055111441, -0.407258954541555 ], [ 35.573479360056091, -0.408145971962576 ], [ 35.574291888241568, -0.408950210033833 ], [ 35.57473820669891, -0.409541544443249 ], [ 35.575054825149834, -0.410085592811751 ], [ 35.575287519701028, -0.41057047577995 ], [ 35.575794870177752, -0.412001539081578 ], [ 35.576145819166626, -0.412959511637447 ], [ 35.576347996892949, -0.413385257588419 ], [ 35.576489140225434, -0.413621803693462 ], [ 35.576771426926854, -0.413811034559213 ], [ 35.577122379198642, -0.413870171749398 ], [ 35.577603031996063, -0.413834679910491 ], [ 35.577992131881921, -0.413740082042799 ], [ 35.578388862123496, -0.413550852681086 ], [ 35.578919106766037, -0.413302488926966 ], [ 35.579998668990193, -0.412829432959446 ], [ 35.580528913415989, -0.412640204089715 ], [ 35.580891310048166, -0.412604711812191 ], [ 35.581059157321569, -0.412593580910921 ], [ 35.581001937626858, -0.412488089475598 ], [ 35.580368700576528, -0.411438486453559 ], [ 35.580265705264736, -0.410936502479963 ], [ 35.580277151652574, -0.410286214082352 ], [ 35.580593774878963, -0.409521854136477 ], [ 35.580776881214334, -0.409225212904348 ], [ 35.581116389850479, -0.409179579652529 ], [ 35.58129568159778, -0.409042675789345 ], [ 35.581783965188251, -0.408791700392665 ], [ 35.582169250220154, -0.408654797290102 ], [ 35.582745270349157, -0.408563530404949 ], [ 35.58319922076673, -0.408346758863733 ], [ 35.583607395245465, -0.408095783169859 ], [ 35.584004124666563, -0.407856209767946 ], [ 35.584526739513024, -0.407821977511886 ], [ 35.585015021561311, -0.407719308973507 ], [ 35.58537741901754, -0.407456902586417 ], [ 35.58563682049769, -0.40714886030558 ], [ 35.58594199733426, -0.407034789763053 ], [ 35.58633872613094, -0.406966323862663 ], [ 35.586815564370269, -0.406806618439869 ], [ 35.587460249467028, -0.406749584983652 ], [ 35.587677688472994, -0.406555615222496 ], [ 35.587982865848836, -0.406293238824761 ], [ 35.588299485534478, -0.406224772627946 ], [ 35.588719103029632, -0.406247606026376 ], [ 35.589455341044143, -0.406247608740747 ], [ 35.59014580170485, -0.406327479977967 ], [ 35.590431904306641, -0.406270414995824 ], [ 35.590973593214592, -0.405950973431972 ], [ 35.591629723819082, -0.40548322643447 ], [ 35.591950159757943, -0.405346323088011 ], [ 35.592106562553887, -0.405186616481565 ], [ 35.592446072306899, -0.404832939985424 ], [ 35.593014466074806, -0.404011514914881 ], [ 35.593239534006095, -0.403840408239324 ], [ 35.593533267073234, -0.403657869279736 ], [ 35.593727818045579, -0.403463899431358 ], [ 35.59391092433372, -0.40317868972215 ], [ 35.594044440636566, -0.402870678180885 ], [ 35.594361061107854, -0.402585438760489 ], [ 35.594860788581279, -0.40236869758127 ], [ 35.595780132464299, -0.402197563257909 ], [ 35.596741436865635, -0.402174764139608 ], [ 35.597512007378008, -0.402049263774293 ], [ 35.597977400613516, -0.402160126663201 ], [ 35.598137618697265, -0.402197571931537 ], [ 35.599007369067792, -0.402699557728148 ], [ 35.600582839903673, -0.403064642595656 ], [ 35.602612260652151, -0.403349860434273 ], [ 35.603268389469044, -0.403372664492725 ], [ 35.603607898513204, -0.403212959562806 ], [ 35.604798086053613, -0.402961986727994 ], [ 35.606499444871268, -0.402551279388017 ], [ 35.607620968439036, -0.402266073118333 ], [ 35.608483091949047, -0.402174807265535 ], [ 35.609375732459142, -0.402094941845017 ], [ 35.610920686737096, -0.402049312999584 ], [ 35.611508151829128, -0.401969446458821 ], [ 35.612240574541929, -0.401772598294078 ], [ 35.612427495961363, -0.401727234277878 ], [ 35.61325910176997, -0.401541216981965 ], [ 35.613606239607172, -0.40144076777198 ], [ 35.615742468379487, -0.402865626463839 ], [ 35.620316287778799, -0.405320263985458 ], [ 35.620766421526405, -0.405561161338288 ], [ 35.621559877640507, -0.406108302123144 ], [ 35.633675348613757, -0.412681023841518 ], [ 35.63382412253047, -0.412761162878117 ], [ 35.639687272527887, -0.425902636727012 ], [ 35.641831141981761, -0.424089582839284 ], [ 35.642502531007104, -0.423782832695859 ], [ 35.64309762542031, -0.42361766712489 ], [ 35.643627869237591, -0.423594056972656 ], [ 35.644585358506696, -0.423889021073423 ], [ 35.645851836770476, -0.42458512977205 ], [ 35.646614777235293, -0.424750300258408 ], [ 35.646824586073059, -0.424596924226748 ], [ 35.646908509905209, -0.424396353796642 ], [ 35.647095431427388, -0.424042406948095 ], [ 35.647377720744082, -0.423782850343532 ], [ 35.647972815745213, -0.423452517043172 ], [ 35.648442025445831, -0.423157558105977 ], [ 35.648678537446067, -0.422968779161919 ], [ 35.648876902351347, -0.422791820210437 ], [ 35.64921641140932, -0.422626624515662 ], [ 35.649414776061832, -0.422520443391013 ], [ 35.649639847329674, -0.421411436875185 ], [ 35.64988399115007, -0.420715333636533 ], [ 35.6500403954728, -0.420405011724318 ], [ 35.650696526781395, -0.419730842803574 ], [ 35.651600613340726, -0.419081667090307 ], [ 35.65222241202121, -0.418569785488687 ], [ 35.65255429172386, -0.418220219481002 ], [ 35.652817507198371, -0.417908127096745 ], [ 35.653099795986677, -0.417795765898125 ], [ 35.653870366756777, -0.417596007362237 ], [ 35.654701972521053, -0.417421242365956 ], [ 35.655632760287546, -0.417283891194622 ], [ 35.656250742668973, -0.417134087536713 ], [ 35.656574992380541, -0.417059170158199 ], [ 35.656883985004775, -0.41672211582614 ], [ 35.657318862735245, -0.416122834442424 ], [ 35.657936847338178, -0.415348813906266 ], [ 35.658310689094691, -0.414999248044868 ], [ 35.658879081478233, -0.414548242784345 ], [ 35.659500879273061, -0.414282957031255 ], [ 35.660210414798726, -0.414126882718253 ], [ 35.661808776759941, -0.413627515378682 ], [ 35.662598420726567, -0.413377831673281 ], [ 35.663311770588514, -0.413128147692251 ], [ 35.663590244412539, -0.413003305923166 ], [ 35.66391830897129, -0.412972104214016 ], [ 35.664429479058732, -0.413143754170107 ], [ 35.665001683728768, -0.413174959121346 ], [ 35.665699775679485, -0.412894072192729 ], [ 35.666397868184156, -0.412457108391279 ], [ 35.666863262816484, -0.412176219616972 ], [ 35.666992962331278, -0.412081049957758 ], [ 35.667313398593969, -0.411848497255551 ], [ 35.668255630154903, -0.411770462209286 ], [ 35.669281786106623, -0.411614419229828 ], [ 35.669621295344434, -0.411395936789557 ], [ 35.669762440312041, -0.411177454642593 ], [ 35.67038042314995, -0.410896566414407 ], [ 35.670876334766071, -0.410631280199047 ], [ 35.671326470596405, -0.410287955382179 ], [ 35.671715572177384, -0.409991435688805 ], [ 35.67188341879308, -0.409882194964364 ], [ 35.672177151136964, -0.409897797465444 ], [ 35.672535732292211, -0.409991438636005 ], [ 35.672829464746755, -0.409975838245812 ], [ 35.672985868512669, -0.409819792136709 ], [ 35.673138457384091, -0.409632512920503 ], [ 35.673310119447372, -0.40939842842926 ], [ 35.673558075060711, -0.4093204210854 ], [ 35.673760254280033, -0.409336023257216 ], [ 35.674115021263937, -0.409476469757064 ], [ 35.674412567838338, -0.409710555933354 ], [ 35.674721557981478, -0.409788594472786 ], [ 35.675076325739866, -0.409710558316649 ], [ 35.67565234635159, -0.409476475276865 ], [ 35.676087223273818, -0.409382836955596 ], [ 35.676644169085058, -0.409367237508868 ], [ 35.677494848294941, -0.409351638108961 ], [ 35.678303565392369, -0.409351641009996 ], [ 35.678845253679818, -0.409195567086158 ], [ 35.679215279734109, -0.40903952174193 ], [ 35.679463236788457, -0.408836641420949 ], [ 35.679837079007385, -0.408352871099328 ], [ 35.680115553157933, -0.408134388434885 ], [ 35.680580947119772, -0.408040780422907 ], [ 35.681183669936338, -0.408040782583212 ], [ 35.682469225155359, -0.407905682717817 ], [ 35.683415270736944, -0.408103527577961 ], [ 35.684380387101207, -0.40893617928733 ], [ 35.684506272294207, -0.408929819156383 ], [ 35.686577651821317, -0.410141444873888 ], [ 35.687500807977216, -0.410735030975564 ], [ 35.687874646319401, -0.41134835727665 ], [ 35.690075724629331, -0.412673995703216 ], [ 35.691727488499886, -0.413346703064002 ], [ 35.692139476222394, -0.413584150135765 ], [ 35.692475167795848, -0.414118357625047 ], [ 35.692574348048431, -0.414652564269019 ], [ 35.69280704410987, -0.415008703296802 ], [ 35.693417396357596, -0.414889982675241 ], [ 35.693947640983943, -0.414632767606606 ], [ 35.694302409092877, -0.414454699773598 ], [ 35.694557994648939, -0.414395354386538 ], [ 35.694813579553355, -0.414237058567234 ], [ 35.69503101868446, -0.413999643944976 ], [ 35.695168348358507, -0.413861150273605 ], [ 35.695423933566047, -0.413900725116288 ], [ 35.69573673829413, -0.414098567698655 ], [ 35.695946547413556, -0.414145552988884 ], [ 35.696091505923654, -0.414056533554038 ], [ 35.696137282716911, -0.413848791972224 ], [ 35.696152543200057, -0.413433278333837 ], [ 35.696358537897218, -0.413314586470282 ], [ 35.696534014239624, -0.41328491344303 ], [ 35.697213030273033, -0.413537152483964 ], [ 35.697918750386634, -0.413492661131214 ], [ 35.699158530006933, -0.413225547302201 ], [ 35.699997764926934, -0.413002956115238 ], [ 35.700619562551658, -0.412780394355323 ], [ 35.701176510192582, -0.412528130522351 ], [ 35.701710569636511, -0.412038419999568 ], [ 35.702092041039066, -0.411786184736347 ], [ 35.702519287930002, -0.411697137109377 ], [ 35.702931275799976, -0.411608118623337 ], [ 35.703240267895616, -0.411415199198612 ], [ 35.703419560128289, -0.411133260366497 ], [ 35.703595037043073, -0.410940340466245 ], [ 35.703579778856302, -0.410702925012042 ], [ 35.703522558665, -0.410450657984034 ], [ 35.703522559342609, -0.410257737459019 ], [ 35.703728554402623, -0.410035175222586 ], [ 35.70433127758146, -0.409931305990022 ], [ 35.704819559709762, -0.409797733501352 ], [ 35.705246808328447, -0.409500973320623 ], [ 35.705380323654772, -0.409174509246189 ], [ 35.705391768868466, -0.40883319331284 ], [ 35.705319290916805, -0.408506758707238 ], [ 35.705334550823068, -0.408254491935383 ], [ 35.705468065940877, -0.407987374159596 ], [ 35.705777056774174, -0.40786865245648 ], [ 35.706158527965357, -0.40767576348874 ], [ 35.706337820248692, -0.407378972221764 ], [ 35.70635308020676, -0.407111884226856 ], [ 35.706337822071745, -0.406859617345367 ], [ 35.706395043659406, -0.406429281618545 ], [ 35.706471338908067, -0.406102817337343 ], [ 35.706646816290124, -0.405776353408504 ], [ 35.706837552744631, -0.405435068311256 ], [ 35.707001586579906, -0.404975060315365 ], [ 35.707234287017712, -0.404084716629574 ], [ 35.70758905553587, -0.40378792598308 ], [ 35.708119299924803, -0.403595007339239 ], [ 35.708649543209212, -0.403431791544273 ], [ 35.709107308292083, -0.403298249145115 ], [ 35.709832103773948, -0.4028679167927 ], [ 35.710434829080164, -0.402155642514123 ], [ 35.711083329250052, -0.401784656189392 ], [ 35.711968341996005, -0.401339502173578 ], [ 35.712735099207002, -0.400716248428436 ], [ 35.71373455367587, -0.400107847939177 ], [ 35.714356351702811, -0.39976656335838 ], [ 35.714917113335922, -0.399514298515806 ], [ 35.715462616428454, -0.399410430077913 ], [ 35.716172150719117, -0.399312501986098 ], [ 35.716454439577525, -0.399174998445531 ], [ 35.716748172820758, -0.398931913114128 ], [ 35.716980870056339, -0.398667706166057 ], [ 35.717095312319039, -0.398350632880444 ], [ 35.717209755617645, -0.397737638511388 ], [ 35.71741193570125, -0.397505114560872 ], [ 35.717713297657809, -0.397346608482174 ], [ 35.718102397694366, -0.397198634218973 ], [ 35.718430462686349, -0.397040099039172 ], [ 35.718701308008868, -0.396765300315518 ], [ 35.719090409967933, -0.396067757892026 ], [ 35.719532917331854, -0.395560465309216 ], [ 35.720581963500074, -0.394767785294036 ], [ 35.721451717947609, -0.394112518578325 ], [ 35.72241684011167, -0.393288155153586 ], [ 35.723610844535834, -0.392475673072584 ], [ 35.724556892729062, -0.391920797703531 ], [ 35.725003214474391, -0.391590524207177 ], [ 35.725460979557546, -0.391167780695952 ], [ 35.726087081299653, -0.390906352727409 ], [ 35.726259044777997, -0.390834549635036 ], [ 35.727646807637441, -0.390255091238334 ], [ 35.728104573323719, -0.389945459972007 ], [ 35.731770509611358, -0.387811016473897 ], [ 35.734261467288242, -0.400043413724055 ], [ 35.73538680478633, -0.400043417692487 ], [ 35.736340480216349, -0.399997215727288 ], [ 35.737187345307397, -0.399720018964499 ], [ 35.737729034170123, -0.399391576059174 ], [ 35.738091432261683, -0.398928688469285 ], [ 35.738793337956999, -0.398709397857071 ], [ 35.739376986885382, -0.398953056099305 ], [ 35.739472352149086, -0.39948903259345 ], [ 35.739182431884181, -0.400317390118881 ], [ 35.738575892959744, -0.400926482639184 ], [ 35.737873985246317, -0.401438094227007 ], [ 35.737149189400043, -0.402266449208313 ], [ 35.736180251803006, -0.403216616820803 ], [ 35.73529427198681, -0.403686210465529 ], [ 35.735260906880747, -0.403703894737992 ], [ 35.73431867352037, -0.404020605694507 ], [ 35.733109411971903, -0.404288589505249 ], [ 35.73424236773225, -0.407378740809815 ], [ 35.734402806306804, -0.407850207652108 ], [ 35.73592844976271, -0.41233347260596 ], [ 35.736164959051116, -0.412917335147767 ], [ 35.740605234139267, -0.423835508025256 ], [ 35.740342018053262, -0.424334069748062 ], [ 35.740246649694043, -0.42468867734951 ], [ 35.739678254347282, -0.426007765045554 ], [ 35.739620906650721, -0.426186132935236 ], [ 35.739562902946105, -0.42636654249044 ], [ 35.739197596508426, -0.427502761669377 ], [ 35.739025931309442, -0.428646002526669 ], [ 35.738827563531487, -0.429657319116565 ], [ 35.738171430900302, -0.430734580574171 ], [ 35.736798135051508, -0.431591976631474 ], [ 35.73592456671399, -0.431921768376208 ], [ 35.734265172057867, -0.431745884118735 ], [ 35.732735478412344, -0.431042333842218 ], [ 35.731011238866344, -0.429371481252758 ], [ 35.729786720036678, -0.429129620826544 ], [ 35.728607976204025, -0.429481374523677 ], [ 35.727276642855507, -0.429921096590879 ], [ 35.726269558417528, -0.430800486155547 ], [ 35.724873370080154, -0.432933046726338 ], [ 35.723870097961182, -0.434581927661192 ], [ 35.723976896013816, -0.438341386740372 ], [ 35.724022659369609, -0.44199091361632 ], [ 35.724024317353752, -0.441996109405287 ], [ 35.725594300405589, -0.446915580166946 ], [ 35.72644496994571, -0.44939990636438 ], [ 35.726227521554819, -0.45230193307472 ], [ 35.726031653723162, -0.453038129816552 ], [ 35.725991007135505, -0.453190905421681 ], [ 35.725876564480899, -0.453621051609302 ], [ 35.72557138565859, -0.454598313762315 ], [ 35.724785547883911, -0.457094695872164 ], [ 35.724438404889419, -0.458391822172025 ], [ 35.72448036259177, -0.459644964378917 ], [ 35.72461005635445, -0.461491720784836 ], [ 35.724545204495968, -0.462000304223973 ], [ 35.724281983184113, -0.463998004719911 ], [ 35.723671624596065, -0.465646886859419 ], [ 35.722057991415539, -0.469648194521929 ], [ 35.722077051230379, -0.473737417371548 ], [ 35.722253447405393, -0.474334482962744 ], [ 35.722317374744144, -0.474550864724258 ], [ 35.723454151543699, -0.475935934854787 ], [ 35.725571306966621, -0.47725506195395 ], [ 35.728279742529907, -0.478200411909595 ], [ 35.732216511491373, -0.479246426012855 ], [ 35.733158741962761, -0.479496446014218 ], [ 35.735634482206862, -0.480152174300699 ], [ 35.738957085352418, -0.480895364018118 ], [ 35.739586510490504, -0.481113939422327 ], [ 35.741539635997988, -0.481769665857487 ], [ 35.742928185969866, -0.482348911337931 ], [ 35.743904748923555, -0.482764218931571 ], [ 35.745510736244171, -0.48333251485972 ], [ 35.746380487236181, -0.483693156124211 ], [ 35.74726931285803, -0.483878969096941 ], [ 35.747879663783642, -0.484152180174312 ], [ 35.748627344189671, -0.4846330428119 ], [ 35.749767936424263, -0.485616671481493 ], [ 35.750462210230033, -0.4862505210713 ], [ 35.750561391167849, -0.486600267726599 ], [ 35.750626239079459, -0.487234145321814 ], [ 35.750603349580672, -0.487660370523746 ], [ 35.750527053667632, -0.488184945925988 ], [ 35.750485090179367, -0.488600248943977 ], [ 35.750343945474633, -0.489037394840687 ], [ 35.750267650012589, -0.489430826323904 ], [ 35.750233315384733, -0.489889845011826 ], [ 35.750168465427642, -0.490141211508679 ], [ 35.750113464704015, -0.490328795057579 ], [ 35.750016450427502, -0.49065967271356 ], [ 35.750008245319542, -0.490687658026962 ], [ 35.749832766738393, -0.491365249413015 ], [ 35.749867095780246, -0.492239542299512 ], [ 35.749874723723771, -0.492840625145366 ], [ 35.749790797085438, -0.493572882793807 ], [ 35.74965728172932, -0.493911678323708 ], [ 35.749561913277397, -0.49429418761728 ], [ 35.749462730120655, -0.494589238425791 ], [ 35.749432210009672, -0.495190352342024 ], [ 35.74944365263547, -0.495594705230256 ], [ 35.749397875630187, -0.495867944207762 ], [ 35.749279618521186, -0.496141152730308 ], [ 35.748993514764486, -0.496532752212609 ], [ 35.74860059659261, -0.497581932344126 ], [ 35.748123754748306, -0.49879138810762 ], [ 35.747719392358057, -0.499898864439826 ], [ 35.747429472435101, -0.500627429636712 ], [ 35.747025111848345, -0.501210300118513 ], [ 35.746983148985883, -0.501443454768723 ], [ 35.746838189824786, -0.501720323696379 ], [ 35.746632195026848, -0.501866048501225 ], [ 35.746445273504357, -0.502230346555225 ], [ 35.746258351029248, -0.502871482831377 ], [ 35.746098131241368, -0.503614661293347 ], [ 35.746201124532341, -0.504445268936009 ], [ 35.746212567245429, -0.504824149290386 ], [ 35.745911203705077, -0.505436153144507 ], [ 35.745693764586356, -0.505960728017845 ], [ 35.745709020252313, -0.506645579624783 ], [ 35.745911196336543, -0.507578199493317 ], [ 35.74609811585276, -0.508088194158551 ], [ 35.74623224975219, -0.508464633591817 ], [ 35.746285034319158, -0.508612770435172 ], [ 35.746330807328526, -0.509501704311185 ], [ 35.746330804823387, -0.510230241294415 ], [ 35.746185844158127, -0.510944255555851 ], [ 35.746115949422936, -0.511128610424222 ], [ 35.745865405787228, -0.511789444317314 ], [ 35.745808183800172, -0.512343181953208 ], [ 35.74583869828912, -0.513086361050928 ], [ 35.745953136098798, -0.514062665020818 ], [ 35.746066275191154, -0.514665430442419 ], [ 35.746098092654663, -0.514834946324829 ], [ 35.746170570307527, -0.515257511307424 ], [ 35.746330785336873, -0.515898679967343 ], [ 35.746388005067885, -0.516292142075115 ], [ 35.746574920883212, -0.517589059527834 ], [ 35.746807612065574, -0.519089938486014 ], [ 35.746937310853191, -0.51949792204808 ], [ 35.747040306752019, -0.519862221085307 ], [ 35.747051749267101, -0.520299367458055 ], [ 35.747025043725444, -0.521027963712969 ], [ 35.746792342681637, -0.522106277319247 ], [ 35.746762631289371, -0.522207831033764 ], [ 35.746647382767819, -0.522601748583572 ], [ 35.746475719614757, -0.523155486802967 ], [ 35.746243021323224, -0.523432355401095 ], [ 35.745968362070286, -0.523680060629641 ], [ 35.745461004575397, -0.524190052843404 ], [ 35.745113865564939, -0.524627197960251 ], [ 35.744663726700672, -0.525559814480496 ], [ 35.744057184003829, -0.526958679591999 ], [ 35.743839744631323, -0.527556162475906 ], [ 35.743839743129065, -0.52799330879488 ], [ 35.743912220883679, -0.528386710531411 ], [ 35.743896960909858, -0.528663579880208 ], [ 35.743752002195983, -0.528809334077457 ], [ 35.743477343091243, -0.529013294466278 ], [ 35.74316072167413, -0.529290162765099 ], [ 35.74284028510084, -0.529610775883988 ], [ 35.742710583557844, -0.530004176913977 ], [ 35.742695324383277, -0.530339371698966 ], [ 35.742538920351727, -0.530572496727168 ], [ 35.741985787485227, -0.530878526416035 ], [ 35.741581428225793, -0.531071625648087 ], [ 35.741425025139172, -0.531029801128307 ], [ 35.741138922107332, -0.5312072983272 ], [ 35.740787969489098, -0.531236699930875 ], [ 35.740620121534327, -0.531442401341265 ], [ 35.740601048012003, -0.531586116321425 ], [ 35.740574344220043, -0.531804959190469 ], [ 35.740513308818265, -0.531895628933793 ], [ 35.740372164006743, -0.532071086983255 ], [ 35.740250093427782, -0.532187079025781 ], [ 35.740086060714084, -0.532324252715619 ], [ 35.739853362595831, -0.53254957524669 ], [ 35.73973129209854, -0.532641805222815 ], [ 35.739647367752795, -0.532706311746819 ], [ 35.739376523897576, -0.532838744328992 ], [ 35.739258267554398, -0.532887769097323 ], [ 35.739109494114807, -0.532951735782982 ], [ 35.738926388576154, -0.53302974334095 ], [ 35.738625026861904, -0.53310805049509 ], [ 35.738281702939396, -0.533228841898344 ], [ 35.737766717176001, -0.533520291110501 ], [ 35.737503502219262, -0.533685306833542 ], [ 35.737362357704441, -0.533774296048914 ], [ 35.737011404410339, -0.533999619172527 ], [ 35.736729114677736, -0.534381738143052 ], [ 35.736603228986588, -0.534528452831851 ], [ 35.736214129781573, -0.534420920651135 ], [ 35.735775439537811, -0.534303366208222 ], [ 35.735432115996616, -0.534313146488785 ], [ 35.735142198399167, -0.53436217065743 ], [ 35.734882798629286, -0.534474321509045 ], [ 35.734837021119255, -0.53460273496475 ], [ 35.734772170300538, -0.534812576442595 ], [ 35.734722578686259, -0.534969613494424 ], [ 35.734676802274407, -0.535069523142126 ], [ 35.734589063510057, -0.535253743026487 ], [ 35.734547101116213, -0.535350052587946 ], [ 35.734432658997456, -0.535625661145293 ], [ 35.734283884560739, -0.535978798569997 ], [ 35.734169442851353, -0.536135534379724 ], [ 35.733955818792282, -0.536351135898837 ], [ 35.733742194665922, -0.536586239969872 ], [ 35.733566717656096, -0.536803882282034 ], [ 35.733437017099632, -0.536909613608915 ], [ 35.733288243648261, -0.536976639773275 ], [ 35.733196690372168, -0.537017384203254 ], [ 35.733097507971898, -0.537090890920951 ], [ 35.733009769622726, -0.537154497405152 ], [ 35.732883884064492, -0.537262328803124 ], [ 35.732777072332368, -0.537428846116718 ], [ 35.7327274806172, -0.537615045381644 ], [ 35.732632112104383, -0.537722816481582 ], [ 35.732437562579499, -0.537791402931543 ], [ 35.732334565112616, -0.537882552740336 ], [ 35.73225064072841, -0.537957919965039 ], [ 35.732170532375264, -0.538025906797883 ], [ 35.732017943616967, -0.538180242406588 ], [ 35.731968351963467, -0.538348500571384 ], [ 35.731842465893948, -0.538604606533155 ], [ 35.731678433076276, -0.538771184050329 ], [ 35.731529659213855, -0.538957322563425 ], [ 35.73144573468219, -0.539075414793 ], [ 35.731384698963367, -0.539257654511308 ], [ 35.731396142563369, -0.539378627354658 ], [ 35.731522027074803, -0.539574607702111 ], [ 35.731541100653722, -0.53970500163735 ], [ 35.731560173126041, -0.539866299445969 ], [ 35.731552543670276, -0.539995252644019 ], [ 35.731457175030137, -0.540139867377467 ], [ 35.731316031367889, -0.540271160777847 ], [ 35.73115962766591, -0.540407375066094 ], [ 35.730926930745817, -0.540573951335362 ], [ 35.73059123497827, -0.540941909314032 ], [ 35.730484423595776, -0.541006775161197 ], [ 35.730347094109987, -0.541088443378916 ], [ 35.730099137353072, -0.541201015083381 ], [ 35.729877884686047, -0.541299004263776 ], [ 35.729824478210652, -0.541413855905207 ], [ 35.729809218164952, -0.541710527799174 ], [ 35.729759626618375, -0.541847641477575 ], [ 35.729603224047693, -0.541945631890929 ], [ 35.729408673420217, -0.542043621164172 ], [ 35.729233196652416, -0.542190515880616 ], [ 35.72916453097551, -0.542357153125765 ], [ 35.729088235949476, -0.542621720899179 ], [ 35.729057718526754, -0.542731112066522 ], [ 35.729011940946847, -0.542879508283817 ], [ 35.728969979421791, -0.543013621905411 ], [ 35.728950904582341, -0.543248787053152 ], [ 35.728935646067541, -0.543391482212678 ], [ 35.728916571623991, -0.54351185392401 ], [ 35.728836462195623, -0.543601443364598 ], [ 35.728687688500827, -0.543738617099684 ], [ 35.728474063763073, -0.544150140124324 ], [ 35.728386324989998, -0.544336339250466 ], [ 35.728313845273441, -0.544512757958611 ], [ 35.728271882873265, -0.54461062796184 ], [ 35.728226106273951, -0.544764604533223 ], [ 35.72817269954254, -0.544953564257699 ], [ 35.728046813408454, -0.545227912325963 ], [ 35.727928556893943, -0.545325902871027 ], [ 35.727745450945022, -0.545521762332187 ], [ 35.727539455927527, -0.54572758339731 ], [ 35.727455532261573, -0.545884319306743 ], [ 35.727405940849494, -0.545982310091364 ], [ 35.727180872837273, -0.5461782892072 ], [ 35.726997766124235, -0.546305682349603 ], [ 35.726780328326186, -0.54644285584293 ], [ 35.726700218970677, -0.546511203085707 ], [ 35.726608665562651, -0.546589810974065 ], [ 35.726551445056174, -0.546711803400441 ], [ 35.726498038585881, -0.546824975798178 ], [ 35.72645989068392, -0.54706986094212 ], [ 35.726318745609952, -0.547319966675187 ], [ 35.726238636865531, -0.547501006287128 ], [ 35.726063159129751, -0.547638179926324 ], [ 35.725799944127488, -0.547814537560769 ], [ 35.725712205660798, -0.547911746981671 ], [ 35.725613023137797, -0.548020298285969 ], [ 35.725559616622348, -0.54814649184745 ], [ 35.7254299165159, -0.548410879221125 ], [ 35.725273512415498, -0.548661884924159 ], [ 35.725204847923578, -0.548774636450542 ], [ 35.724853893180487, -0.549127412735104 ], [ 35.724640269217865, -0.549313611416953 ], [ 35.724377054248755, -0.549480128174494 ], [ 35.72416343042142, -0.549627083156602 ], [ 35.72391165980742, -0.549695669401811 ], [ 35.723423377602074, -0.549832841945323 ], [ 35.723339454261186, -0.549895128603695 ], [ 35.723202124695263, -0.549999419253347 ], [ 35.723144902784547, -0.550238304161854 ], [ 35.722896946309177, -0.550557896667771 ], [ 35.722572695025619, -0.550788739815814 ], [ 35.722420107554676, -0.550858826448683 ], [ 35.722267519079139, -0.550930233923272 ], [ 35.721847901009689, -0.551057565830369 ], [ 35.721508392364896, -0.551096748943751 ], [ 35.721077330684011, -0.551106588310249 ], [ 35.720718749112017, -0.551116368532721 ], [ 35.720543272408428, -0.551243760691412 ], [ 35.720299130804925, -0.551312346961976 ], [ 35.720280056301995, -0.551449581550059 ], [ 35.720241908827255, -0.551570374007385 ], [ 35.720165614843779, -0.551821800803813 ], [ 35.720108392791879, -0.552101309648731 ], [ 35.720085504335039, -0.552223542802882 ], [ 35.720001580799597, -0.552341994431038 ], [ 35.719921471276059, -0.552458647029566 ], [ 35.719654441146446, -0.552669387807908 ], [ 35.719494223414976, -0.552811362635616 ], [ 35.719154714372557, -0.552965277768418 ], [ 35.718975422991427, -0.552997560244875 ], [ 35.718868610651171, -0.553049525732257 ], [ 35.718754170286196, -0.553105330895927 ], [ 35.718593951355707, -0.553304791535417 ], [ 35.718422289533834, -0.553467828312234 ], [ 35.718170518748721, -0.553585379326872 ], [ 35.71804463338043, -0.553637104136565 ], [ 35.717934007054069, -0.553683369453298 ], [ 35.717575424446714, -0.55370298954305 ], [ 35.717155806781477, -0.553712769550369 ], [ 35.71685444519251, -0.553751952795486 ], [ 35.716553083400186, -0.553849882289866 ], [ 35.71609531896528, -0.554065482934278 ], [ 35.715832103196114, -0.554173253437167 ], [ 35.715648997784896, -0.554212437096373 ], [ 35.715374339438995, -0.554192874185203 ], [ 35.714996683870389, -0.554192872861143 ], [ 35.714702951699294, -0.554114503229143 ], [ 35.714481699434074, -0.554094880100619 ], [ 35.714294777915136, -0.55416346656962 ], [ 35.714111672096735, -0.554320203131522 ], [ 35.71394382477601, -0.554339823888799 ], [ 35.713798867202165, -0.554153684359521 ], [ 35.71362339093784, -0.554153683744009 ], [ 35.713253364380527, -0.554153682445996 ], [ 35.713108405653294, -0.554300637664055 ], [ 35.713016852197015, -0.554392566721142 ], [ 35.712719304184873, -0.55455536244407 ], [ 35.712425572606527, -0.55459454571439 ], [ 35.712154728945023, -0.554379001913092 ], [ 35.711990696663939, -0.554388782814935 ], [ 35.71196780784868, -0.554614166460661 ], [ 35.711803774583267, -0.554908076330768 ], [ 35.711738924051026, -0.555033489625178 ], [ 35.71142611649497, -0.555635111811052 ], [ 35.711231565137723, -0.556230794649493 ], [ 35.711014123825677, -0.557092003845797 ], [ 35.710888236900857, -0.557592697057361 ], [ 35.7108043116001, -0.557931552066485 ], [ 35.710666980477541, -0.558484269487138 ], [ 35.710621203927907, -0.558622944620938 ], [ 35.710316024144703, -0.559581664238002 ], [ 35.710190138128844, -0.559819889481226 ], [ 35.710083326265071, -0.560022530590195 ], [ 35.709987956704403, -0.560431292513062 ], [ 35.710129100025981, -0.560688780632122 ], [ 35.71043046032819, -0.561021936831828 ], [ 35.710781411773745, -0.561335470852759 ], [ 35.710964870762048, -0.561419069099025 ], [ 35.711031699757825, -0.561449521178234 ], [ 35.711158284749857, -0.561507202739818 ], [ 35.711490945728819, -0.561658787608359 ], [ 35.711754160127605, -0.561658788531683 ] ] ] ] } },
{ "type": "Feature", "properties": { "fid": 9, "CONST_CODE": 171, "Shape_Area": 0.01163653444, "OBJECTID_1": 703, "NAME": "KAMARA", "OBJECTID": 3039, "CONSTITUEN": "KURESOI NORTH", "COUNTY_ASS": 856, "SPOILT": 56, "COUNTY_A_1": "KAMARA", "REJECTED": 160, "REPORTED": 9, "SPOILT_VAL": 0.016119746689695, "VALID": 3474, "DISPUTED": 0, "RESULT": "1", "COUNTY_COD": 32, "Shape_Leng": 0.6370030359, "COUNTY_NAM": "NAKURU", "Shape_Le_1": 0.6370030359, "REGISTERED": "11206" }, "geometry": { "type": "MultiPolygon", "coordinates": [ [ [ [ 35.559682078421126, -0.273290197201027 ], [ 35.56444281417383, -0.276572054009723 ], [ 35.564660250897333, -0.276719760716698 ], [ 35.570008450154248, -0.280342546164991 ], [ 35.573174644378568, -0.282704559589582 ], [ 35.572762371338172, -0.286370350472288 ], [ 35.572697791138857, -0.286944578678771 ], [ 35.571675427349078, -0.293316623544303 ], [ 35.570721728261248, -0.299520949702773 ], [ 35.570176210314649, -0.303928657034972 ], [ 35.570696530184549, -0.304143299987124 ], [ 35.581906401425293, -0.30876761497448 ], [ 35.582978349506028, -0.30421616530151 ], [ 35.583737487610314, -0.300910386117459 ], [ 35.584454663131083, -0.297748322923989 ], [ 35.585881381163759, -0.292238691453304 ], [ 35.588021437937286, -0.29003484468469 ], [ 35.59144705261069, -0.28665718802318 ], [ 35.59266394616828, -0.285555265168628 ], [ 35.593209452361123, -0.284597086195001 ], [ 35.5932819439277, -0.281195473725443 ], [ 35.593350621492185, -0.277793862222208 ], [ 35.595254161182282, -0.276883571859701 ], [ 35.597134802620857, -0.278488570252289 ], [ 35.600037782348245, -0.280908038263934 ], [ 35.602418148318797, -0.283087959565273 ], [ 35.602990344742416, -0.28562719177217 ], [ 35.603844824754056, -0.289197471832364 ], [ 35.604367431756692, -0.291017059828784 ], [ 35.605012112010961, -0.292262704740907 ], [ 35.60534398818838, -0.293149061078054 ], [ 35.605542349837648, -0.29386070724601 ], [ 35.608487307008652, -0.291807599598171 ], [ 35.612199021978398, -0.289244410772901 ], [ 35.615575031429245, -0.289723543929587 ], [ 35.618977743216767, -0.290394277929709 ], [ 35.620690529802339, -0.294394760240492 ], [ 35.623974994767011, -0.292502350660744 ], [ 35.626927580261331, -0.290897371183911 ], [ 35.632043106109059, -0.287998841317 ], [ 35.632161384048828, -0.281986141921789 ], [ 35.632352138608518, -0.276380676133163 ], [ 35.634587560160327, -0.274775692945863 ], [ 35.636372844332236, -0.273673772106716 ], [ 35.638394640006737, -0.272787425391678 ], [ 35.64089327351634, -0.271829252532295 ], [ 35.642346676276645, -0.271278279059243 ], [ 35.645032226106387, -0.27139806177558 ], [ 35.647248567711252, -0.271422042383949 ], [ 35.651055660298049, -0.265888447804682 ], [ 35.652741778643168, -0.260259044011048 ], [ 35.654408824211956, -0.254557753802182 ], [ 35.654836084172011, -0.250830338189624 ], [ 35.655587592070518, -0.247780696451763 ], [ 35.655717293134174, -0.247251484829048 ], [ 35.657231751224117, -0.241349367372048 ], [ 35.658376647345548, -0.236978063399808 ], [ 35.658944575836436, -0.23480966691065 ], [ 35.658040496793525, -0.233420275558935 ], [ 35.657636149479345, -0.230330080010886 ], [ 35.657281390943545, -0.227872262445174 ], [ 35.656796422882863, -0.224411965711901 ], [ 35.656790690024081, -0.224371059822615 ], [ 35.656331554333832, -0.221095076153035 ], [ 35.656304853037845, -0.220891805137827 ], [ 35.657586537731696, -0.21889631984074 ], [ 35.658612759689149, -0.217298570488057 ], [ 35.656949167469904, -0.213510906644402 ], [ 35.656350660712427, -0.212148228189748 ], [ 35.65696866417408, -0.206135529752021 ], [ 35.658467848208026, -0.204386829456056 ], [ 35.66282423603549, -0.204698263391961 ], [ 35.663941963861276, -0.199284430183308 ], [ 35.665086394317207, -0.193702924436379 ], [ 35.670701645252826, -0.190756480999441 ], [ 35.671834432745619, -0.190139497320863 ], [ 35.675935426375553, -0.187905851628972 ], [ 35.66775591187163, -0.184411641692056 ], [ 35.666963262212967, -0.184073029752711 ], [ 35.668271728297668, -0.177533313106351 ], [ 35.669629785654173, -0.170931323655228 ], [ 35.670343733068968, -0.167436258198414 ], [ 35.670347985148837, -0.167415443858273 ], [ 35.670377307699752, -0.167271897900159 ], [ 35.670420811517054, -0.167058929196412 ], [ 35.670926807022951, -0.164581871707803 ], [ 35.671128989823032, -0.163591526911024 ], [ 35.671270138392835, -0.162369811825883 ], [ 35.670366054495851, -0.162345851115266 ], [ 35.670079951746338, -0.162190493930131 ], [ 35.669484860269783, -0.1618667562829 ], [ 35.668866880070773, -0.161459521523562 ], [ 35.6683442657624, -0.161387646403865 ], [ 35.667772060533231, -0.16155533200531 ], [ 35.666990045295094, -0.161938605240111 ], [ 35.666272880040054, -0.162345836111125 ], [ 35.665464162204813, -0.16260935144669 ], [ 35.664823292332947, -0.162657248792329 ], [ 35.664205310971944, -0.162570957806068 ], [ 35.663831469763601, -0.162515990426584 ], [ 35.663324115479867, -0.162441655893583 ], [ 35.662324663998106, -0.162273963517751 ], [ 35.661397691508547, -0.162130229812805 ], [ 35.660848374909619, -0.162130227794774 ], [ 35.66027998368159, -0.162297914412556 ], [ 35.659780256746195, -0.162681187672099 ], [ 35.659208049122817, -0.163232149370994 ], [ 35.658540475002994, -0.163615423019461 ], [ 35.65770886965948, -0.16373520796417 ], [ 35.656900152775442, -0.163735204990103 ], [ 35.655805333926338, -0.163639370359532 ], [ 35.65499661773805, -0.163447737386285 ], [ 35.654233679383267, -0.163040501076155 ], [ 35.65382932233404, -0.162657208383255 ], [ 35.653569924704584, -0.162202074228387 ], [ 35.653402079523765, -0.161651094705702 ], [ 35.653257123238866, -0.160860584564591 ], [ 35.653043503227963, -0.159974244572673 ], [ 35.652757403267671, -0.159327464210908 ], [ 35.652448415021603, -0.158752541867536 ], [ 35.652307272697314, -0.158249493346687 ], [ 35.652211906945908, -0.157602698584725 ], [ 35.652307277750431, -0.156860105129875 ], [ 35.652543791359889, -0.156213311589722 ], [ 35.652711641417248, -0.155422802595278 ], [ 35.652688755483503, -0.154847881303059 ], [ 35.652448430965599, -0.154368774712399 ], [ 35.652070776776213, -0.15403341201169 ], [ 35.651571051280506, -0.153745949565113 ], [ 35.651071326436373, -0.153554302621467 ], [ 35.650476233663362, -0.153314754621207 ], [ 35.649904030264267, -0.152979377106942 ], [ 35.64947678472047, -0.152452369119723 ], [ 35.649141093188931, -0.15194931987588 ], [ 35.648977062843549, -0.151446255157196 ], [ 35.648763441968377, -0.15079947505329 ], [ 35.648477341404423, -0.150320368289378 ], [ 35.648046281247709, -0.149961047987852 ], [ 35.64759614754697, -0.149745443824206 ], [ 35.647191789197294, -0.149721500032638 ], [ 35.646501327927197, -0.149865227785929 ], [ 35.645597242513134, -0.149984996343231 ], [ 35.644883893916514, -0.149937078908404 ], [ 35.644048474624711, -0.149769388118234 ], [ 35.643171095336633, -0.149314236565292 ], [ 35.642312788632672, -0.148978872079804 ], [ 35.641767286655138, -0.148811182359064 ], [ 35.641145490982865, -0.148811180058888 ], [ 35.640195628905794, -0.149098637151436 ], [ 35.638982552105333, -0.149505866172509 ], [ 35.637696996224939, -0.149913094923619 ], [ 35.636770022819384, -0.150296367601637 ], [ 35.635747680871233, -0.150799426923538 ], [ 35.635057219070731, -0.151086884971885 ], [ 35.63429427824255, -0.151086882144311 ], [ 35.633413082373501, -0.151062921478047 ], [ 35.632653956847726, -0.151254564772701 ], [ 35.631723167345577, -0.151661793824491 ], [ 35.630796194899283, -0.151781563289422 ], [ 35.629964590521489, -0.151637829900027 ], [ 35.629297019024278, -0.151302452015851 ], [ 35.628774406650635, -0.150703586562587 ], [ 35.628225092775594, -0.149960974597598 ], [ 35.627942805786191, -0.149601640742274 ], [ 35.627465969498068, -0.149266277658148 ], [ 35.627012020532312, -0.149122545667734 ], [ 35.626443629739633, -0.149170444260977 ], [ 35.625562432201086, -0.149601631898284 ], [ 35.625062705603497, -0.149889090648887 ], [ 35.624490498575078, -0.150272379735317 ], [ 35.623800036241697, -0.150703568079882 ], [ 35.623136277640157, -0.1509431104132 ], [ 35.622445816624669, -0.151014965949862 ], [ 35.621827834687849, -0.151086835850028 ], [ 35.621328107615753, -0.151230564294581 ], [ 35.620683422681623, -0.151565923208338 ], [ 35.620111215737815, -0.151925253885507 ], [ 35.619588599847688, -0.152284570652433 ], [ 35.618970617205115, -0.152548071559581 ], [ 35.618280155923138, -0.152691799292395 ], [ 35.617662173632013, -0.152859484694293 ], [ 35.617139559268459, -0.15307508625717 ], [ 35.616639830872685, -0.153578132404562 ], [ 35.616090511100637, -0.154440512179563 ], [ 35.615472525723803, -0.155446623007852 ], [ 35.614831652761332, -0.156332944737957 ], [ 35.614236556729097, -0.15697973693834 ], [ 35.613450726751012, -0.157554655221512 ], [ 35.612714488060689, -0.157794197276825 ], [ 35.61211939449489, -0.157770237658069 ], [ 35.61140223167682, -0.157506731776502 ], [ 35.610856730929768, -0.157003681734131 ], [ 35.610402784077991, -0.156285028523506 ], [ 35.610025131663704, -0.155470560092353 ], [ 35.609716144413802, -0.154632119415479 ], [ 35.609357564668848, -0.153913481658803 ], [ 35.608930320054831, -0.153410415945824 ], [ 35.608335227462774, -0.153122953115325 ], [ 35.607667655261736, -0.152979220317658 ], [ 35.606977194417297, -0.153003175137797 ], [ 35.60640880370638, -0.153027130413663 ], [ 35.605409352346349, -0.153098984782998 ], [ 35.605409354821163, -0.152428248061294 ], [ 35.605287287046522, -0.151517965073268 ], [ 35.605146147074656, -0.150655582718189 ], [ 35.604860047475455, -0.149649469515239 ], [ 35.604718905443576, -0.149074547767849 ], [ 35.604646430167087, -0.148044477961766 ], [ 35.604551066689282, -0.147062322868573 ], [ 35.604360334223529, -0.146319727322681 ], [ 35.604219191396822, -0.145960393983818 ], [ 35.603910201945247, -0.145720847016626 ], [ 35.603456252362797, -0.145744802717866 ], [ 35.603074782036188, -0.14572084389022 ], [ 35.602720015623611, -0.145457339351123 ], [ 35.602550359436286, -0.145187437669803 ], [ 35.602433914994101, -0.145002189963084 ], [ 35.602408556171177, -0.14494680002105 ], [ 35.602382268354752, -0.144889380487003 ], [ 35.602313888832292, -0.144740021239987 ], [ 35.602170702832353, -0.144427267754552 ], [ 35.601766347314538, -0.143636756605186 ], [ 35.602006677382768, -0.142606687962703 ], [ 35.602212673449088, -0.141837545147721 ], [ 35.602285116527355, -0.141567057441989 ], [ 35.602288968584702, -0.141552676170493 ], [ 35.602341675418565, -0.14134253442087 ], [ 35.60234928453891, -0.141312195322143 ], [ 35.602529298386685, -0.1405944797261 ], [ 35.602529303079592, -0.139324864367341 ], [ 35.602498787532127, -0.138923001692933 ], [ 35.602433940758509, -0.138031291249325 ], [ 35.602193622293356, -0.135923250543987 ], [ 35.602006709445043, -0.133934982940775 ], [ 35.601911343823303, -0.13326424584611 ], [ 35.601789276527661, -0.132497679049487 ], [ 35.601529878489679, -0.132162316755283 ], [ 35.601198000285521, -0.131850897495223 ], [ 35.600625794582513, -0.131874852750401 ], [ 35.6001985490104, -0.131635290232172 ], [ 35.599626346524218, -0.131060381955348 ], [ 35.599103734269463, -0.130437543961728 ], [ 35.598758868318917, -0.130054237348673 ], [ 35.598672674581252, -0.129958435612254 ], [ 35.598363687089019, -0.129191883211364 ], [ 35.598127178053986, -0.128593003689548 ], [ 35.597959332915266, -0.128042039225882 ], [ 35.598172960137184, -0.126964069759963 ], [ 35.598481954372048, -0.125910042950261 ], [ 35.598817653078619, -0.124736251385162 ], [ 35.599126648288667, -0.123418730416136 ], [ 35.599744639263712, -0.120903459368586 ], [ 35.604596936932211, -0.121574213306123 ], [ 35.607095571542018, -0.120232742129443 ], [ 35.611215456598671, -0.118148675112026 ], [ 35.612974037256762, -0.117118619169852 ], [ 35.613187672330703, -0.113908653453816 ], [ 35.61345090449958, -0.109333247951235 ], [ 35.616758258528499, -0.107009624995938 ], [ 35.620042724515152, -0.104686001942549 ], [ 35.623200802994688, -0.102188142853711 ], [ 35.624040543309881, -0.101523957073516 ], [ 35.622419317617506, -0.095559157189449 ], [ 35.617096035469032, -0.091408682906541 ], [ 35.615045521275867, -0.089809931214717 ], [ 35.61684147326315, -0.087604116374579 ], [ 35.617321741932557, -0.087014242798787 ], [ 35.617639529698472, -0.086623930736454 ], [ 35.61730828374391, -0.085708248768325 ], [ 35.617307624750012, -0.085706428579234 ], [ 35.617280078003311, -0.085630277625697 ], [ 35.616140367488455, -0.082479710488894 ], [ 35.616853718603309, -0.081832926750102 ], [ 35.618185052697456, -0.081090329813562 ], [ 35.619398129873034, -0.080563320855716 ], [ 35.620565429912126, -0.080060268119738 ], [ 35.621683139783805, -0.079317671385997 ], [ 35.622541448977039, -0.078958348812188 ], [ 35.623586677120571, -0.078934394312132 ], [ 35.624322915305491, -0.078814625158682 ], [ 35.625040080442645, -0.078431351701091 ], [ 35.625703840408754, -0.07780851711804 ], [ 35.626512560491314, -0.076922188910882 ], [ 35.627203024895024, -0.075916078288262 ], [ 35.627775233825488, -0.075005790788206 ], [ 35.628107114807506, -0.07428714851316 ], [ 35.628347444138861, -0.073448724929598 ], [ 35.628465702994589, -0.072706115394208 ], [ 35.628583961850232, -0.071963514919128 ], [ 35.628965433350828, -0.071388594081422 ], [ 35.629724561493063, -0.070741810503386 ], [ 35.630392136366282, -0.070142942392449 ], [ 35.630987232960642, -0.069328469478887 ], [ 35.631582329024496, -0.068657734932794 ], [ 35.632082056198556, -0.068202588454258 ], [ 35.633558349989293, -0.067028801095803 ], [ 35.634653173309317, -0.065878970720608 ], [ 35.63562592571239, -0.064944726299501 ], [ 35.636365980177956, -0.064202120086419 ], [ 35.636888598925665, -0.063052286568208 ], [ 35.637506584030952, -0.061830581200502 ], [ 35.637960536298792, -0.061064023565185 ], [ 35.6386509995653, -0.060632839222374 ], [ 35.639387237347648, -0.060345381337055 ], [ 35.63965990110043, -0.060213671512299 ], [ 35.639932740853574, -0.060081876115167 ], [ 35.640233153883202, -0.059610257609952 ], [ 35.640268436121566, -0.059554867890958 ], [ 35.640577429451, -0.059003905185951 ], [ 35.641122931920613, -0.058749955943384 ], [ 35.642137644197383, -0.058401630561491 ], [ 35.648485312384516, -0.056776620121355 ], [ 35.648977409838402, -0.056511453574543 ], [ 35.649465693121854, -0.056019009326313 ], [ 35.651270052022333, -0.054617428009731 ], [ 35.652212285995283, -0.0537840658954 ], [ 35.653341440593167, -0.053102190716463 ], [ 35.655523454154057, -0.051890020947953 ], [ 35.657064595977936, -0.050980873633532 ], [ 35.658796476061902, -0.049503551934425 ], [ 35.66049019358784, -0.052268859668128 ], [ 35.66797846770654, -0.04764744153039 ], [ 35.664904316954079, -0.05361428791086 ], [ 35.662260190637511, -0.058746467535808 ], [ 35.655939188224785, -0.070565249221398 ], [ 35.653001848491449, -0.075982152017777 ], [ 35.653154434842357, -0.07647460971431 ], [ 35.655183858361085, -0.075792741897415 ], [ 35.655486586687339, -0.076333187437067 ], [ 35.655523364484047, -0.07639884516821 ], [ 35.661882478563612, -0.074277559976186 ], [ 35.666849225293156, -0.07268655399814 ], [ 35.666982739428903, -0.07268558701352 ], [ 35.682539091214323, -0.072572973951816 ], [ 35.689840428544592, -0.072535122143737 ], [ 35.691232757521817, -0.082876548688389 ], [ 35.691002358040691, -0.084052864579475 ], [ 35.689615294058378, -0.091134585408201 ], [ 35.690103322352293, -0.092849505995513 ], [ 35.692773826173863, -0.102233591400376 ], [ 35.694280615404359, -0.107309651274128 ], [ 35.699056608599903, -0.110832569326517 ], [ 35.704927410799066, -0.117183427976604 ], [ 35.705079998364972, -0.117348085949056 ], [ 35.707487063428204, -0.120530061659601 ], [ 35.70673555877184, -0.122727133816326 ], [ 35.714559483538984, -0.130644196398113 ], [ 35.72046842284086, -0.139849289552409 ], [ 35.726751200649879, -0.149622509592903 ], [ 35.73074135553491, -0.155910743688126 ], [ 35.729734865310995, -0.158205846188619 ], [ 35.726339155162243, -0.165949093346856 ], [ 35.723741321680457, -0.172047864267029 ], [ 35.723855724445762, -0.182843870478621 ], [ 35.724118895033932, -0.195155083536921 ], [ 35.724153215783907, -0.198337072436675 ], [ 35.723626784913442, -0.198981074220597 ], [ 35.723899824154216, -0.199844688185267 ], [ 35.724021962920091, -0.200231009081539 ], [ 35.724126088868211, -0.200560355462719 ], [ 35.725171721310133, -0.203867655916304 ], [ 35.725286161189317, -0.204219998292519 ], [ 35.724790250029017, -0.204390789991285 ], [ 35.724538479373408, -0.204496219957422 ], [ 35.724420439066208, -0.204545598128132 ], [ 35.723839790554869, -0.204788493263859 ], [ 35.723705123204311, -0.204844826942929 ], [ 35.723558098821542, -0.204906330188725 ], [ 35.719911239884539, -0.206272647801268 ], [ 35.719125410937082, -0.20629099180882 ], [ 35.717652936013764, -0.206366894724086 ], [ 35.7169395819447, -0.207849635268172 ], [ 35.716481819928894, -0.207146209124436 ], [ 35.716188088587614, -0.206867882650795 ], [ 35.715959206815832, -0.206731248049993 ], [ 35.715680734592659, -0.206705938604773 ], [ 35.715299264469529, -0.206619918325922 ], [ 35.715028420505618, -0.20652410185616 ], [ 35.717610981699828, -0.204189982928483 ], [ 35.715535785493707, -0.203874716766969 ], [ 35.714826249348334, -0.204254314675825 ], [ 35.714467665886957, -0.204833360162152 ], [ 35.713655136698037, -0.204067720215068 ], [ 35.712197918383993, -0.204820495909473 ], [ 35.711080209206983, -0.205360293909731 ], [ 35.710622444106079, -0.205524994960372 ], [ 35.709481846045492, -0.206024258494115 ], [ 35.709062229059924, -0.206168377884364 ], [ 35.709066042624279, -0.206291915998299 ], [ 35.709134707096695, -0.206461764396774 ], [ 35.709218629714556, -0.206595593698387 ], [ 35.709336885297844, -0.206750005927744 ], [ 35.709455141046071, -0.206858108106558 ], [ 35.708970672675605, -0.207089716008625 ], [ 35.707917813729082, -0.207583834407065 ], [ 35.707337978103332, -0.207856636767304 ], [ 35.706826806756425, -0.208072807217135 ], [ 35.706468224654785, -0.208268397427131 ], [ 35.706029532279047, -0.20851547204282 ], [ 35.705770132564297, -0.208633848655527 ], [ 35.705503102969161, -0.208716206088811 ], [ 35.705133077386108, -0.208762529903863 ], [ 35.704537982851356, -0.209004443403414 ], [ 35.704061144339768, -0.209277231032411 ], [ 35.703530900029975, -0.209476405622782 ], [ 35.703023543404136, -0.209771349479686 ], [ 35.702779401577111, -0.209925760399444 ], [ 35.702344524909776, -0.21025517933 ], [ 35.701970683733649, -0.210466204823926 ], [ 35.701619729921077, -0.210582571650877 ], [ 35.700769031922754, -0.216196691648122 ], [ 35.700074753635548, -0.216896272912647 ], [ 35.692597910356213, -0.224657113493763 ], [ 35.693200625695191, -0.226994889239947 ], [ 35.69341424881376, -0.227030609155461 ], [ 35.693669832810777, -0.227113913804958 ], [ 35.693968981679255, -0.22724725158623 ], [ 35.693970536678599, -0.227247944229103 ], [ 35.694444216470501, -0.22745907345673 ], [ 35.694974459189204, -0.227709016750105 ], [ 35.69523004327138, -0.227768529107937 ], [ 35.695523775397518, -0.227828041603613 ], [ 35.695909060799217, -0.227839953740502 ], [ 35.696122684130508, -0.227816147121066 ], [ 35.696416412716793, -0.228587230632298 ], [ 35.699864874905167, -0.236663683333378 ], [ 35.702882277519542, -0.243937818796591 ], [ 35.709138400417956, -0.240673868910385 ], [ 35.710679537670295, -0.241107689866562 ], [ 35.71061848807954, -0.245197980286322 ], [ 35.711541645717752, -0.245321942514077 ], [ 35.711602681375467, -0.24515667022899 ], [ 35.713204864305347, -0.24288429331076 ], [ 35.719235901108199, -0.244640252017841 ], [ 35.718167775354885, -0.247325788955573 ], [ 35.719174854483967, -0.247904224180823 ], [ 35.725453883085798, -0.239620364837018 ], [ 35.726663140347235, -0.2405086593015 ], [ 35.726583026145761, -0.241954722459398 ], [ 35.726789019217151, -0.24228525310513 ], [ 35.72731925881984, -0.243421446842273 ], [ 35.728120340936691, -0.244784884945781 ], [ 35.728597175302113, -0.245688402714632 ], [ 35.728688727357472, -0.245986244095272 ], [ 35.729623322070537, -0.248076585294952 ], [ 35.729962828312935, -0.248687106954551 ], [ 35.730451108619334, -0.24904528670754 ], [ 35.730725767537983, -0.24915923959892 ], [ 35.731832029307768, -0.249590673984279 ], [ 35.733117582058114, -0.25008724710832 ], [ 35.733758450917151, -0.250339590825242 ], [ 35.734086514153276, -0.250665201959268 ], [ 35.734513759316606, -0.251044428399509 ], [ 35.734822748338203, -0.251424779952815 ], [ 35.735471245630713, -0.25212499721277 ], [ 35.735837455937663, -0.252443511969466 ], [ 35.736611837606745, -0.253078983197445 ], [ 35.738481035703217, -0.254810624160636 ], [ 35.738984574673097, -0.255271354533678 ], [ 35.740010726580913, -0.256208658414464 ], [ 35.741029248900325, -0.257026848800088 ], [ 35.741628154845074, -0.257527274264585 ], [ 35.741654857472305, -0.257642336701671 ], [ 35.741681560042977, -0.257773511007663 ], [ 35.741597636079732, -0.258019746255278 ], [ 35.741384012103687, -0.258226287291817 ], [ 35.741170388546095, -0.25831365647309 ], [ 35.740979653684946, -0.258210384392758 ], [ 35.740846139309433, -0.257987970862959 ], [ 35.740800364148555, -0.257733782913573 ], [ 35.740720256114905, -0.257431950865501 ], [ 35.740533336286326, -0.257320728571607 ], [ 35.740319713454362, -0.257201585151329 ], [ 35.740174755591305, -0.257114214693656 ], [ 35.740018352798629, -0.257002992508191 ], [ 35.739774211679723, -0.256955346655873 ], [ 35.739480480307314, -0.256963296843616 ], [ 35.739301189264559, -0.256915621019855 ], [ 35.739110454459606, -0.256796477680624 ], [ 35.73897694033095, -0.256788525971684 ], [ 35.738812907859284, -0.256867974297975 ], [ 35.738557322308267, -0.256939440862423 ], [ 35.738275034172545, -0.256883843640342 ], [ 35.737233623353148, -0.256200727491919 ], [ 35.736718640258132, -0.255771769796375 ], [ 35.736264691452455, -0.255565256582685 ], [ 35.735875592331752, -0.255469935026761 ], [ 35.735425457692244, -0.255501706140414 ], [ 35.735055858955086, -0.255588016680744 ], [ 35.735017283878179, -0.255597024853876 ], [ 35.734612925096435, -0.255684393353965 ], [ 35.733983499917493, -0.255525523489692 ], [ 35.73325489337585, -0.255152701865426 ], [ 35.73302601149944, -0.255041388812805 ], [ 35.732789500433249, -0.254981441627707 ], [ 35.732652171242144, -0.254989992388348 ], [ 35.732526286004003, -0.255015674886565 ], [ 35.732396585520043, -0.255109884158365 ], [ 35.732182961877371, -0.255221194625153 ], [ 35.731996041597782, -0.255238326661529 ], [ 35.730866889544529, -0.25516127378811 ], [ 35.730695228101737, -0.255229770766882 ], [ 35.730473975147909, -0.255426710494593 ], [ 35.730252720892125, -0.255709309712868 ], [ 35.730031468179611, -0.255837752855454 ], [ 35.729699588276596, -0.255983327299581 ], [ 35.729146456475817, -0.256026170170256 ], [ 35.728475068445555, -0.256094664356532 ], [ 35.728211853924797, -0.256154609757029 ], [ 35.727906677113147, -0.256283052599124 ], [ 35.727403135584737, -0.256548519110871 ], [ 35.727113217760454, -0.256685542453333 ], [ 35.726705046186908, -0.256428623933619 ], [ 35.726579161220158, -0.256377258595457 ], [ 35.726441831998322, -0.25639435959904 ], [ 35.726308316478679, -0.256497120106896 ], [ 35.726109951066697, -0.256831114496062 ], [ 35.725854364919854, -0.257070869750505 ], [ 35.725514855915691, -0.257242156308599 ], [ 35.725079980524754, -0.257207891359862 ], [ 35.72481676512421, -0.257233573365835 ], [ 35.724580253422509, -0.257353465201698 ], [ 35.724027120561587, -0.257696009571596 ], [ 35.723653279032497, -0.258004291189081 ], [ 35.723378619559618, -0.258329674655618 ], [ 35.723031480118969, -0.258621694494821 ], [ 35.722405867929105, -0.259032736195208 ], [ 35.72173829397957, -0.259361568352871 ], [ 35.720902872831189, -0.259690400915779 ], [ 35.720437478177374, -0.260002791716413 ], [ 35.720097968555784, -0.260348067126947 ], [ 35.719853826957184, -0.260435766404921 ], [ 35.719064184275602, -0.260364505503935 ], [ 35.71868271361145, -0.260424780688665 ], [ 35.718259281412941, -0.260622080100815 ], [ 35.718041842205928, -0.260890638323458 ], [ 35.717843476401022, -0.261334564703001 ], [ 35.717626036806038, -0.261712723701998 ], [ 35.717317045335072, -0.262025116067413 ], [ 35.716962277023043, -0.262277201515156 ], [ 35.716359553261647, -0.262573150747565 ], [ 35.716046746561084, -0.262666339532081 ], [ 35.715810235280628, -0.262666338684152 ], [ 35.715356286440738, -0.262469036127915 ], [ 35.715192254071617, -0.262518360771832 ], [ 35.71522277175864, -0.262617011345611 ], [ 35.715314324234626, -0.262795741267444 ], [ 35.715508872640321, -0.263028866733836 ], [ 35.715962820693839, -0.263448492743514 ], [ 35.716103964036428, -0.263681618017933 ], [ 35.716164998119126, -0.263961368160062 ], [ 35.716142108799716, -0.264326597284144 ], [ 35.716016222742844, -0.264583063877164 ], [ 35.715463089188461, -0.26511924865897 ], [ 35.714929028463651, -0.265709829690107 ], [ 35.714665812610455, -0.26614499518004 ], [ 35.714581888575502, -0.266409202747294 ], [ 35.71458188783285, -0.266619045642505 ], [ 35.714658180878637, -0.266914336884821 ], [ 35.714806953148276, -0.267170775265747 ], [ 35.715085425270097, -0.267512692387058 ], [ 35.715592776095008, -0.268015677671449 ], [ 35.715718663803493, -0.268140481680227 ], [ 35.71584454812573, -0.268374506923154 ], [ 35.715855990961359, -0.268707542631694 ], [ 35.715665253760044, -0.269265570941316 ], [ 35.715146451148016, -0.270111629438304 ], [ 35.715061182742367, -0.270197515137635 ], [ 35.714494135044355, -0.270768666967383 ], [ 35.713662527343089, -0.271533714984299 ], [ 35.713200946230074, -0.271974760126601 ], [ 35.712975877973285, -0.272253759216764 ], [ 35.712750808856015, -0.272775813555045 ], [ 35.712563887326048, -0.273144822393232 ], [ 35.712178600653665, -0.273486857939112 ], [ 35.711499582565125, -0.273846863748537 ], [ 35.71038187347137, -0.274341912099613 ], [ 35.709409122677798, -0.274800927727897 ], [ 35.708119751960403, -0.275412957651734 ], [ 35.706975337840952, -0.276187005797024 ], [ 35.706689234603289, -0.276439032083984 ], [ 35.706261986493509, -0.276889078605821 ], [ 35.705556263356449, -0.277816114560596 ], [ 35.704446180229652, -0.279166224534207 ], [ 35.703767160919639, -0.279868266251761 ], [ 35.702943183008166, -0.280408290751889 ], [ 35.702084873533089, -0.280813331417073 ], [ 35.700852723221416, -0.281326351664484 ], [ 35.69996771199957, -0.28165038287715 ], [ 35.699254361347933, -0.281872193339042 ], [ 35.698285426107532, -0.282172401757433 ], [ 35.69755300190846, -0.282541438825253 ], [ 35.696908315143432, -0.283099465482814 ], [ 35.696687061755306, -0.28341449882513 ], [ 35.696240738238153, -0.284251556288656 ], [ 35.695882153475182, -0.285187593730428 ], [ 35.695596047599587, -0.285898668314937 ], [ 35.694836918803844, -0.286987721754085 ], [ 35.694238007513881, -0.287707766269519 ], [ 35.693806944227902, -0.288202817064185 ], [ 35.693234737897335, -0.288661834109193 ], [ 35.692303948519985, -0.289291867816294 ], [ 35.691178608038534, -0.290164926865138 ], [ 35.690579698159951, -0.29076798918554 ], [ 35.690106672018359, -0.291488033140474 ], [ 35.689839640320621, -0.292154073279993 ], [ 35.68960693984409, -0.293331638165321 ], [ 35.68948868079444, -0.294147694180732 ], [ 35.689263610528087, -0.294987752505811 ], [ 35.689179685716383, -0.295467804116146 ], [ 35.688832544513197, -0.29624785525781 ], [ 35.688344258768829, -0.297411917819412 ], [ 35.688226000871687, -0.297903969644589 ], [ 35.688176408742713, -0.298203970952124 ], [ 35.687794936495777, -0.298984022971634 ], [ 35.687569866509229, -0.299464073061732 ], [ 35.687211277889396, -0.301480196554193 ], [ 35.68712735247874, -0.302128265015332 ], [ 35.68708157384156, -0.302572281502372 ], [ 35.686761134874054, -0.303856357124341 ], [ 35.686520805372361, -0.30475642211455 ], [ 35.686341511458764, -0.30551247215526 ], [ 35.686330065821224, -0.305968520312543 ], [ 35.686211806684234, -0.306808578999246 ], [ 35.686104993116757, -0.3074926212107 ], [ 35.686032511446278, -0.307936638602424 ], [ 35.685948587444834, -0.308188664590047 ], [ 35.685723518669775, -0.30860870893737 ], [ 35.685483190875573, -0.309028723027125 ], [ 35.68547174566519, -0.309364758709693 ], [ 35.685437412170153, -0.309772771186985 ], [ 35.685353486912192, -0.310096805259831 ], [ 35.685124602790133, -0.310612830171057 ], [ 35.684720242551869, -0.311380879730289 ], [ 35.68452950543405, -0.311908935320566 ], [ 35.684411247235801, -0.312484966360014 ], [ 35.684281543399791, -0.313517045547527 ], [ 35.684125139196439, -0.314081075099554 ], [ 35.683816145203878, -0.314813121960033 ], [ 35.683766552860142, -0.315173160195452 ], [ 35.683850474188553, -0.315953212854521 ], [ 35.68401831770786, -0.316709264126226 ], [ 35.684273968988272, -0.317282519918059 ], [ 35.684376897296126, -0.317513320467327 ], [ 35.684647738372725, -0.318149359638909 ], [ 35.68485373036841, -0.318785397568752 ], [ 35.684933837761214, -0.319265448735748 ], [ 35.68501775809186, -0.32004550239285 ], [ 35.685101680087548, -0.320357505512681 ], [ 35.685460258697184, -0.321437591828451 ], [ 35.685746357173997, -0.322529679227025 ], [ 35.685864608032304, -0.324017777256506 ], [ 35.685734905315982, -0.324735813944709 ], [ 35.685683194982971, -0.325655009640667 ], [ 35.685676466549275, -0.325774616365971 ], [ 35.685654791152238, -0.326159914804456 ], [ 35.685624272748484, -0.326543955792397 ], [ 35.685433534663431, -0.327343989213316 ], [ 35.685414459615494, -0.32763202047057 ], [ 35.685494567636212, -0.32793604314245 ], [ 35.685654783815203, -0.328224074038143 ], [ 35.685769224455491, -0.328366048947578 ], [ 35.685876376118721, -0.328498980285545 ], [ 35.685925626963929, -0.328560080518256 ], [ 35.686577938402024, -0.329232124077683 ], [ 35.687115808866473, -0.32985619304382 ], [ 35.687371392769613, -0.33025619591288 ], [ 35.687581198924292, -0.330850680642395 ], [ 35.687703269786965, -0.330932948851008 ], [ 35.687840598189773, -0.33115017261972 ], [ 35.691685808701699, -0.333790467687056 ], [ 35.692387711739684, -0.334313305501121 ], [ 35.694722304427145, -0.335803362498223 ], [ 35.69555772114807, -0.336464544974825 ], [ 35.69617951620765, -0.336953599321367 ], [ 35.696850901563728, -0.337659427102015 ], [ 35.697743536436576, -0.339147048632323 ], [ 35.706513483904537, -0.354091487697577 ], [ 35.712937400231816, -0.366022246909611 ], [ 35.713231130934965, -0.366499989305538 ], [ 35.71461586121066, -0.368357881282238 ], [ 35.716374428999437, -0.37106510459913 ], [ 35.728104573323719, -0.389945459972007 ], [ 35.727646807637441, -0.390255091238334 ], [ 35.726259044777997, -0.390834549635036 ], [ 35.726087081299653, -0.390906352727409 ], [ 35.725460979557546, -0.391167780695952 ], [ 35.725003214474391, -0.391590524207177 ], [ 35.724556892729062, -0.391920797703531 ], [ 35.723610844535834, -0.392475673072584 ], [ 35.72241684011167, -0.393288155153586 ], [ 35.721451717947609, -0.394112518578325 ], [ 35.720581963500074, -0.394767785294036 ], [ 35.719532917331854, -0.395560465309216 ], [ 35.719090409967933, -0.396067757892026 ], [ 35.718701308008868, -0.396765300315518 ], [ 35.718430462686349, -0.397040099039172 ], [ 35.718102397694366, -0.397198634218973 ], [ 35.717713297657809, -0.397346608482174 ], [ 35.71741193570125, -0.397505114560872 ], [ 35.717209755617645, -0.397737638511388 ], [ 35.717095312319039, -0.398350632880444 ], [ 35.716980870056339, -0.398667706166057 ], [ 35.716748172820758, -0.398931913114128 ], [ 35.716454439577525, -0.399174998445531 ], [ 35.716172150719117, -0.399312501986098 ], [ 35.715462616428454, -0.399410430077913 ], [ 35.714917113335922, -0.399514298515806 ], [ 35.714356351702811, -0.39976656335838 ], [ 35.71373455367587, -0.400107847939177 ], [ 35.712735099207002, -0.400716248428436 ], [ 35.711968341996005, -0.401339502173578 ], [ 35.711083329250052, -0.401784656189392 ], [ 35.710434829080164, -0.402155642514123 ], [ 35.709832103773948, -0.4028679167927 ], [ 35.709107308292083, -0.403298249145115 ], [ 35.708649543209212, -0.403431791544273 ], [ 35.708119299924803, -0.403595007339239 ], [ 35.70758905553587, -0.40378792598308 ], [ 35.707234287017712, -0.404084716629574 ], [ 35.707001586579906, -0.404975060315365 ], [ 35.706837552744631, -0.405435068311256 ], [ 35.706646816290124, -0.405776353408504 ], [ 35.706471338908067, -0.406102817337343 ], [ 35.706395043659406, -0.406429281618545 ], [ 35.706337822071745, -0.406859617345367 ], [ 35.70635308020676, -0.407111884226856 ], [ 35.706337820248692, -0.407378972221764 ], [ 35.706158527965357, -0.40767576348874 ], [ 35.705777056774174, -0.40786865245648 ], [ 35.705468065940877, -0.407987374159596 ], [ 35.705334550823068, -0.408254491935383 ], [ 35.705319290916805, -0.408506758707238 ], [ 35.705391768868466, -0.40883319331284 ], [ 35.705380323654772, -0.409174509246189 ], [ 35.705246808328447, -0.409500973320623 ], [ 35.704819559709762, -0.409797733501352 ], [ 35.70433127758146, -0.409931305990022 ], [ 35.703728554402623, -0.410035175222586 ], [ 35.703522559342609, -0.410257737459019 ], [ 35.703522558665, -0.410450657984034 ], [ 35.703579778856302, -0.410702925012042 ], [ 35.703595037043073, -0.410940340466245 ], [ 35.703419560128289, -0.411133260366497 ], [ 35.703240267895616, -0.411415199198612 ], [ 35.702931275799976, -0.411608118623337 ], [ 35.702519287930002, -0.411697137109377 ], [ 35.702092041039066, -0.411786184736347 ], [ 35.701710569636511, -0.412038419999568 ], [ 35.701176510192582, -0.412528130522351 ], [ 35.700619562551658, -0.412780394355323 ], [ 35.699997764926934, -0.413002956115238 ], [ 35.699158530006933, -0.413225547302201 ], [ 35.697918750386634, -0.413492661131214 ], [ 35.697213030273033, -0.413537152483964 ], [ 35.696534014239624, -0.41328491344303 ], [ 35.696358537897218, -0.413314586470282 ], [ 35.696152543200057, -0.413433278333837 ], [ 35.696137282716911, -0.413848791972224 ], [ 35.696091505923654, -0.414056533554038 ], [ 35.695946547413556, -0.414145552988884 ], [ 35.69573673829413, -0.414098567698655 ], [ 35.695423933566047, -0.413900725116288 ], [ 35.695168348358507, -0.413861150273605 ], [ 35.69503101868446, -0.413999643944976 ], [ 35.694813579553355, -0.414237058567234 ], [ 35.694557994648939, -0.414395354386538 ], [ 35.694302409092877, -0.414454699773598 ], [ 35.693947640983943, -0.414632767606606 ], [ 35.693417396357596, -0.414889982675241 ], [ 35.69280704410987, -0.415008703296802 ], [ 35.692574348048431, -0.414652564269019 ], [ 35.692475167795848, -0.414118357625047 ], [ 35.692139476222394, -0.413584150135765 ], [ 35.691727488499886, -0.413346703064002 ], [ 35.690075724629331, -0.412673995703216 ], [ 35.687874646319401, -0.41134835727665 ], [ 35.687500807977216, -0.410735030975564 ], [ 35.686577651821317, -0.410141444873888 ], [ 35.684506272294207, -0.408929819156383 ], [ 35.684380387101207, -0.40893617928733 ], [ 35.683415270736944, -0.408103527577961 ], [ 35.682469225155359, -0.407905682717817 ], [ 35.681183669936338, -0.408040782583212 ], [ 35.680580947119772, -0.408040780422907 ], [ 35.680115553157933, -0.408134388434885 ], [ 35.679837079007385, -0.408352871099328 ], [ 35.679463236788457, -0.408836641420949 ], [ 35.679215279734109, -0.40903952174193 ], [ 35.678845253679818, -0.409195567086158 ], [ 35.678303565392369, -0.409351641009996 ], [ 35.677494848294941, -0.409351638108961 ], [ 35.676644169085058, -0.409367237508868 ], [ 35.676087223273818, -0.409382836955596 ], [ 35.67565234635159, -0.409476475276865 ], [ 35.675076325739866, -0.409710558316649 ], [ 35.674721557981478, -0.409788594472786 ], [ 35.674412567838338, -0.409710555933354 ], [ 35.674115021263937, -0.409476469757064 ], [ 35.673760254280033, -0.409336023257216 ], [ 35.673558075060711, -0.4093204210854 ], [ 35.673310119447372, -0.40939842842926 ], [ 35.673138457384091, -0.409632512920503 ], [ 35.672985868512669, -0.409819792136709 ], [ 35.672829464746755, -0.409975838245812 ], [ 35.672535732292211, -0.409991438636005 ], [ 35.672177151136964, -0.409897797465444 ], [ 35.67188341879308, -0.409882194964364 ], [ 35.671715572177384, -0.409991435688805 ], [ 35.671326470596405, -0.410287955382179 ], [ 35.670876334766071, -0.410631280199047 ], [ 35.67038042314995, -0.410896566414407 ], [ 35.669762440312041, -0.411177454642593 ], [ 35.669621295344434, -0.411395936789557 ], [ 35.669281786106623, -0.411614419229828 ], [ 35.668255630154903, -0.411770462209286 ], [ 35.667313398593969, -0.411848497255551 ], [ 35.666992962331278, -0.412081049957758 ], [ 35.666863262816484, -0.412176219616972 ], [ 35.666397868184156, -0.412457108391279 ], [ 35.665699775679485, -0.412894072192729 ], [ 35.665001683728768, -0.413174959121346 ], [ 35.664429479058732, -0.413143754170107 ], [ 35.66391830897129, -0.412972104214016 ], [ 35.663590244412539, -0.413003305923166 ], [ 35.663311770588514, -0.413128147692251 ], [ 35.662598420726567, -0.413377831673281 ], [ 35.661808776759941, -0.413627515378682 ], [ 35.660210414798726, -0.414126882718253 ], [ 35.659500879273061, -0.414282957031255 ], [ 35.658879081478233, -0.414548242784345 ], [ 35.658310689094691, -0.414999248044868 ], [ 35.657936847338178, -0.415348813906266 ], [ 35.657318862735245, -0.416122834442424 ], [ 35.656883985004775, -0.41672211582614 ], [ 35.656574992380541, -0.417059170158199 ], [ 35.656250742668973, -0.417134087536713 ], [ 35.655632760287546, -0.417283891194622 ], [ 35.654701972521053, -0.417421242365956 ], [ 35.653870366756777, -0.417596007362237 ], [ 35.653099795986677, -0.417795765898125 ], [ 35.652817507198371, -0.417908127096745 ], [ 35.65255429172386, -0.418220219481002 ], [ 35.65222241202121, -0.418569785488687 ], [ 35.651600613340726, -0.419081667090307 ], [ 35.650696526781395, -0.419730842803574 ], [ 35.6500403954728, -0.420405011724318 ], [ 35.64988399115007, -0.420715333636533 ], [ 35.649639847329674, -0.421411436875185 ], [ 35.649414776061832, -0.422520443391013 ], [ 35.64921641140932, -0.422626624515662 ], [ 35.648876902351347, -0.422791820210437 ], [ 35.648678537446067, -0.422968779161919 ], [ 35.648442025445831, -0.423157558105977 ], [ 35.647972815745213, -0.423452517043172 ], [ 35.647377720744082, -0.423782850343532 ], [ 35.647095431427388, -0.424042406948095 ], [ 35.646908509905209, -0.424396353796642 ], [ 35.646824586073059, -0.424596924226748 ], [ 35.646614777235293, -0.424750300258408 ], [ 35.645851836770476, -0.42458512977205 ], [ 35.644585358506696, -0.423889021073423 ], [ 35.643627869237591, -0.423594056972656 ], [ 35.64309762542031, -0.42361766712489 ], [ 35.642502531007104, -0.423782832695859 ], [ 35.641831141981761, -0.424089582839284 ], [ 35.639687272527887, -0.425902636727012 ], [ 35.63382412253047, -0.412761162878117 ], [ 35.633675348613757, -0.412681023841518 ], [ 35.621559877640507, -0.406108302123144 ], [ 35.620766421526405, -0.405561161338288 ], [ 35.620316287778799, -0.405320263985458 ], [ 35.615742468379487, -0.402865626463839 ], [ 35.613606239607172, -0.40144076777198 ], [ 35.61325910176997, -0.401541216981965 ], [ 35.612427495961363, -0.401727234277878 ], [ 35.612240574541929, -0.401772598294078 ], [ 35.611508151829128, -0.401969446458821 ], [ 35.610920686737096, -0.402049312999584 ], [ 35.609375732459142, -0.402094941845017 ], [ 35.608483091949047, -0.402174807265535 ], [ 35.607620968439036, -0.402266073118333 ], [ 35.606499444871268, -0.402551279388017 ], [ 35.604798086053613, -0.402961986727994 ], [ 35.603607898513204, -0.403212959562806 ], [ 35.603268389469044, -0.403372664492725 ], [ 35.602612260652151, -0.403349860434273 ], [ 35.600582839903673, -0.403064642595656 ], [ 35.599007369067792, -0.402699557728148 ], [ 35.598137618697265, -0.402197571931537 ], [ 35.597977400613516, -0.402160126663201 ], [ 35.597512007378008, -0.402049263774293 ], [ 35.596741436865635, -0.402174764139608 ], [ 35.595780132464299, -0.402197563257909 ], [ 35.594860788581279, -0.40236869758127 ], [ 35.594361061107854, -0.402585438760489 ], [ 35.594044440636566, -0.402870678180885 ], [ 35.59391092433372, -0.40317868972215 ], [ 35.593727818045579, -0.403463899431358 ], [ 35.593533267073234, -0.403657869279736 ], [ 35.593239534006095, -0.403840408239324 ], [ 35.593014466074806, -0.404011514914881 ], [ 35.592446072306899, -0.404832939985424 ], [ 35.592106562553887, -0.405186616481565 ], [ 35.591950159757943, -0.405346323088011 ], [ 35.591629723819082, -0.40548322643447 ], [ 35.590973593214592, -0.405950973431972 ], [ 35.590431904306641, -0.406270414995824 ], [ 35.59014580170485, -0.406327479977967 ], [ 35.589455341044143, -0.406247608740747 ], [ 35.588719103029632, -0.406247606026376 ], [ 35.588299485534478, -0.406224772627946 ], [ 35.587982865848836, -0.406293238824761 ], [ 35.587677688472994, -0.406555615222496 ], [ 35.587460249467028, -0.406749584983652 ], [ 35.586815564370269, -0.406806618439869 ], [ 35.58633872613094, -0.406966323862663 ], [ 35.58594199733426, -0.407034789763053 ], [ 35.58563682049769, -0.40714886030558 ], [ 35.58537741901754, -0.407456902586417 ], [ 35.585015021561311, -0.407719308973507 ], [ 35.584526739513024, -0.407821977511886 ], [ 35.584004124666563, -0.407856209767946 ], [ 35.583607395245465, -0.408095783169859 ], [ 35.58319922076673, -0.408346758863733 ], [ 35.582745270349157, -0.408563530404949 ], [ 35.582169250220154, -0.408654797290102 ], [ 35.581783965188251, -0.408791700392665 ], [ 35.58129568159778, -0.409042675789345 ], [ 35.581116389850479, -0.409179579652529 ], [ 35.580776881214334, -0.409225212904348 ], [ 35.580593774878963, -0.409521854136477 ], [ 35.580277151652574, -0.410286214082352 ], [ 35.580265705264736, -0.410936502479963 ], [ 35.580368700576528, -0.411438486453559 ], [ 35.581001937626858, -0.412488089475598 ], [ 35.581059157321569, -0.412593580910921 ], [ 35.580891310048166, -0.412604711812191 ], [ 35.580528913415989, -0.412640204089715 ], [ 35.579998668990193, -0.412829432959446 ], [ 35.578919106766037, -0.413302488926966 ], [ 35.578388862123496, -0.413550852681086 ], [ 35.577992131881921, -0.413740082042799 ], [ 35.577603031996063, -0.413834679910491 ], [ 35.577122379198642, -0.413870171749398 ], [ 35.576771426926854, -0.413811034559213 ], [ 35.576489140225434, -0.413621803693462 ], [ 35.576347996892949, -0.413385257588419 ], [ 35.576145819166626, -0.412959511637447 ], [ 35.575794870177752, -0.412001539081578 ], [ 35.575287519701028, -0.41057047577995 ], [ 35.575054825149834, -0.410085592811751 ], [ 35.57473820669891, -0.409541544443249 ], [ 35.574291888241568, -0.408950210033833 ], [ 35.573479360056091, -0.408145971962576 ], [ 35.572621055111441, -0.407258954541555 ], [ 35.572235771308534, -0.406785893146378 ], [ 35.571881005807867, -0.406241843622127 ], [ 35.571636867200915, -0.405768782747974 ], [ 35.571446133841143, -0.405248406308476 ], [ 35.571308807291082, -0.404526979099934 ], [ 35.571247774067736, -0.404018425284118 ], [ 35.571213443357394, -0.403379777632457 ], [ 35.571213447079622, -0.40236266944201 ], [ 35.571167674089772, -0.401522970776289 ], [ 35.571060865972854, -0.400695092013772 ], [ 35.570908281486076, -0.399677983248461 ], [ 35.570824360141771, -0.398921062606371 ], [ 35.570790032641163, -0.39767926102573 ], [ 35.570660337919875, -0.396189062148704 ], [ 35.570580232408737, -0.395479457276046 ], [ 35.570427647491613, -0.394580621292155 ], [ 35.570202584125582, -0.39350437533416 ], [ 35.569966075268113, -0.392558224275242 ], [ 35.569721938487554, -0.391588430907106 ], [ 35.569546464718009, -0.39091431828181 ], [ 35.569168811629474, -0.390251996847735 ], [ 35.568779714403846, -0.389622978322721 ], [ 35.568131214799905, -0.389546197908255 ], [ 35.567597155868576, -0.389601311909224 ], [ 35.567143206046616, -0.389656396005382 ], [ 35.566555741688326, -0.389807940381105 ], [ 35.565846205809223, -0.390055883667445 ], [ 35.564568278644344, -0.390714779054299 ], [ 35.563565008642271, -0.391431100905893 ], [ 35.56166528177954, -0.39286374600611 ], [ 35.560536126857642, -0.393782079792534 ], [ 35.559513783349971, -0.394626965256923 ], [ 35.558857651343622, -0.395471852081919 ], [ 35.557907784231475, -0.397051426315515 ], [ 35.557381351050488, -0.398263642766349 ], [ 35.557068542445869, -0.399126893793643 ], [ 35.556851102322867, -0.399622815019279 ], [ 35.556137750299762, -0.400449310494623 ], [ 35.555756277544226, -0.401055433877909 ], [ 35.555409136552491, -0.402010523599669 ], [ 35.555409134661396, -0.402524807557575 ], [ 35.555710493129745, -0.403326764502626 ], [ 35.555828746785259, -0.403736998315663 ], [ 35.555828745277147, -0.404147231687628 ], [ 35.555626563986216, -0.404694218830534 ], [ 35.555370978563815, -0.404984799220382 ], [ 35.554691960931457, -0.405172796283286 ], [ 35.554165531075917, -0.405206998305833 ], [ 35.553299594252529, -0.405104443531839 ], [ 35.552349734067619, -0.404796758167441 ], [ 35.551685976461933, -0.404711276438484 ], [ 35.551178620695453, -0.404728376035047 ], [ 35.550686523383817, -0.404899302505982 ], [ 35.550141020557156, -0.405189880806444 ], [ 35.549530667647325, -0.405206981024653 ], [ 35.548916500566918, -0.405268905310014 ], [ 35.545269617006468, -0.412727893051921 ], [ 35.544556262780347, -0.414146620258953 ], [ 35.543385144478464, -0.415411490748343 ], [ 35.541008575951729, -0.417633576950776 ], [ 35.540207486367613, -0.418300214861129 ], [ 35.539818384487511, -0.418932650327331 ], [ 35.539562796983816, -0.419513811023281 ], [ 35.534962251935227, -0.423188793486253 ], [ 35.537072264722902, -0.425407465437031 ], [ 35.540680468833585, -0.429201482193986 ], [ 35.540535509383083, -0.429539288123861 ], [ 35.540352404214872, -0.429514534731167 ], [ 35.540005266133193, -0.429403281651143 ], [ 35.539600907924978, -0.429304359911708 ], [ 35.539368211640898, -0.429291997285667 ], [ 35.539234696542863, -0.429267274280144 ], [ 35.539074479771863, -0.429143630945703 ], [ 35.538925706561059, -0.429143630389863 ], [ 35.538731156467897, -0.42909415344052 ], [ 35.538544235518962, -0.42927963245039 ], [ 35.538422164388237, -0.429539280229255 ], [ 35.538300092394422, -0.429761813542322 ], [ 35.538067395243566, -0.42998437563729 ], [ 35.537846140835192, -0.43028110630146 ], [ 35.53768251987686, -0.43047797162347 ], [ 35.537587854322432, -0.430591870778287 ], [ 35.537342597885775, -0.430886958352937 ], [ 35.537243414604575, -0.431196081431198 ], [ 35.537231969584823, -0.431468090371733 ], [ 35.537315891609289, -0.431764822174985 ], [ 35.537403629456826, -0.432111029207338 ], [ 35.53735403624615, -0.432420121260714 ], [ 35.537060303688506, -0.432729213408177 ], [ 35.536850493842834, -0.432877608066998 ], [ 35.536591093561903, -0.43312486337057 ], [ 35.536163846543765, -0.433236143757851 ], [ 35.53563360242461, -0.43333506200334 ], [ 35.53520635513236, -0.433520540111518 ], [ 35.534908807613753, -0.433817270486496 ], [ 35.534515890453044, -0.434522013975416 ], [ 35.534344226200282, -0.435066060489277 ], [ 35.533634688674496, -0.436018089263897 ], [ 35.533043407502987, -0.436648663480142 ], [ 35.532085913803293, -0.437551245302405 ], [ 35.531666294925358, -0.437897450430175 ], [ 35.531200901351994, -0.437872695980361 ], [ 35.530563845259117, -0.43792216881022 ], [ 35.53022052281424, -0.43790980677531 ], [ 35.529701722798826, -0.437983972351136 ], [ 35.529175293406709, -0.438157059131042 ], [ 35.528755675349849, -0.438280700291885 ], [ 35.528400907705418, -0.438317813427771 ], [ 35.528107175148335, -0.438354895583203 ], [ 35.527969845540511, -0.438466177051364 ], [ 35.52787447780981, -0.438626903688628 ], [ 35.52765322399042, -0.438762907348253 ], [ 35.52740526840708, -0.43882474338984 ], [ 35.526802545727804, -0.438775265917389 ], [ 35.526520256912235, -0.438886545835262 ], [ 35.52620363572732, -0.439084386107566 ], [ 35.525894644461793, -0.439306918711976 ], [ 35.525734427049422, -0.439356393325561 ], [ 35.525257588320997, -0.43936875228773 ], [ 35.52480363871674, -0.439356389836303 ], [ 35.52437257782497, -0.439430555737871 ], [ 35.523941515978706, -0.43949239109187 ], [ 35.523575304179658, -0.43956655723627 ], [ 35.523205276733997, -0.439813842318745 ], [ 35.52277421492596, -0.44013532489186 ], [ 35.522236339827145, -0.440493890319151 ], [ 35.521965495477176, -0.440753537528922 ], [ 35.521927347644073, -0.440963709390889 ], [ 35.521694649119638, -0.441285192706606 ], [ 35.521278845332297, -0.441606645132645 ], [ 35.520809635376338, -0.441952850065728 ], [ 35.520321352530054, -0.442261940462503 ], [ 35.519989473411918, -0.442435058167846 ], [ 35.519817810340754, -0.442657591283653 ], [ 35.519535520827517, -0.443226359871873 ], [ 35.51929900711297, -0.443597288181639 ], [ 35.518845055856445, -0.444030022441821 ], [ 35.518429251745943, -0.444438034338872 ], [ 35.518047780501142, -0.444895521577399 ], [ 35.517788378202717, -0.445414815033757 ], [ 35.517605271059786, -0.445921748026316 ], [ 35.517334424423645, -0.446527571716673 ], [ 35.516952951673375, -0.447121063436369 ], [ 35.516464668410343, -0.447541435805604 ], [ 35.515934423177931, -0.447937085511143 ], [ 35.515049410607112, -0.448555297840816 ], [ 35.514610717643293, -0.448913864634048 ], [ 35.514362761321806, -0.44917351091408 ], [ 35.514141507901158, -0.449470241555215 ], [ 35.514019435486141, -0.449804086025203 ], [ 35.513958399021838, -0.450175014985113 ], [ 35.514019432504845, -0.450607751169212 ], [ 35.514107168843125, -0.4510899626651 ], [ 35.514168202509836, -0.451473253837865 ], [ 35.514179646425823, -0.451769985351052 ], [ 35.514091907748437, -0.451918350252966 ], [ 35.51373713968411, -0.452066715157981 ], [ 35.51358836487227, -0.452227471788329 ], [ 35.513554031813484, -0.452499480623844 ], [ 35.513554030666917, -0.452808572841953 ], [ 35.513554029015779, -0.453253699743755 ], [ 35.513554027823432, -0.453575153716739 ], [ 35.513367106038785, -0.453983166459032 ], [ 35.512691897270429, -0.455813058135128 ], [ 35.512459198785479, -0.456122179677223 ], [ 35.512154022066625, -0.456196347050499 ], [ 35.511761108403554, -0.456221097273547 ], [ 35.511562742656352, -0.456344740259381 ], [ 35.511413968109551, -0.456703277929657 ], [ 35.511158381453001, -0.457049483644547 ], [ 35.510849390682161, -0.457136040947196 ], [ 35.51065484090379, -0.457000035735654 ], [ 35.510361110990978, -0.456591991995197 ], [ 35.510090267285399, -0.456406541487315 ], [ 35.509830867862121, -0.456418901260623 ], [ 35.50958672623149, -0.456493098058021 ], [ 35.509388361483857, -0.456616741043273 ], [ 35.509266289847112, -0.456740383308785 ], [ 35.508995446361155, -0.456765104794329 ], [ 35.508800895802572, -0.456839271575856 ], [ 35.508591087083957, -0.45695055276219 ], [ 35.508236319200108, -0.457049472654169 ], [ 35.508144767559855, -0.456916737719725 ], [ 35.507275020560726, -0.455499084000452 ], [ 35.499161197264471, -0.441943137081198 ], [ 35.489769458379563, -0.426258879378688 ], [ 35.489521503555935, -0.425850054525143 ], [ 35.484837077819272, -0.418128508072417 ], [ 35.481735743537904, -0.413035126006175 ], [ 35.47927146128395, -0.408981866515309 ], [ 35.47477777001582, -0.401524467640247 ], [ 35.474731993330543, -0.401423836774494 ], [ 35.47256907019834, -0.397999534921461 ], [ 35.47059688018097, -0.394885377069917 ], [ 35.467503175760932, -0.38987876344961 ], [ 35.463791493051261, -0.383674420889097 ], [ 35.460316320874611, -0.377958710360633 ], [ 35.459950111588299, -0.37737274707705 ], [ 35.458008439705523, -0.374260089134133 ], [ 35.457531605590866, -0.373325847775013 ], [ 35.45695940461875, -0.372319718776564 ], [ 35.456200283390643, -0.371050101059766 ], [ 35.453892402314814, -0.367337077315467 ], [ 35.452461898271871, -0.364989473098421 ], [ 35.44974966150275, -0.360533839080947 ], [ 35.447941503431139, -0.357539453266527 ], [ 35.444920278483345, -0.352508896927853 ], [ 35.443585141186084, -0.350275604249229 ], [ 35.44337533425113, -0.34992174641803 ], [ 35.440258741505914, -0.344819331492783 ], [ 35.437378659927759, -0.34002832120316 ], [ 35.435498023217022, -0.336938135522344 ], [ 35.432644643180474, -0.332290840364112 ], [ 35.430809783475212, -0.329224597069796 ], [ 35.428025068196085, -0.324678442180929 ], [ 35.427788558372271, -0.324289869804115 ], [ 35.423981509787666, -0.317917837744468 ], [ 35.420365195131801, -0.311905093709814 ], [ 35.4168442474705, -0.305940294920134 ], [ 35.416786190763204, -0.305844568810841 ], [ 35.414795765806417, -0.30256264768642 ], [ 35.422745616018155, -0.299759930366093 ], [ 35.428692746085197, -0.297340496301803 ], [ 35.433499275860541, -0.295903212277088 ], [ 35.43730635459444, -0.294394066252123 ], [ 35.440472562473076, -0.293148435975307 ], [ 35.446778274613031, -0.290800860251783 ], [ 35.450535760678648, -0.289435459347304 ], [ 35.452961915645666, -0.288429341712818 ], [ 35.454442022003292, -0.287786589168138 ], [ 35.455391884793713, -0.287375338490872 ], [ 35.457676896754435, -0.286057817449599 ], [ 35.459862725306614, -0.284812153101179 ], [ 35.465100324323544, -0.281578279347802 ], [ 35.468285608041491, -0.279566067750346 ], [ 35.471596776265791, -0.277721543287896 ], [ 35.4778300018083, -0.277026873286435 ], [ 35.482541163404242, -0.275805192082661 ], [ 35.484273039808109, -0.275484523805408 ], [ 35.485680665639869, -0.275206309519622 ], [ 35.488633246998241, -0.274775145112014 ], [ 35.490796185806346, -0.273960686523347 ], [ 35.493008716490841, -0.27319411371442 ], [ 35.495247949022811, -0.272475485995278 ], [ 35.498505708280867, -0.271637059080454 ], [ 35.500435948600831, -0.271134032632062 ], [ 35.501767282980545, -0.270415371222892 ], [ 35.502884992277366, -0.269912341663686 ], [ 35.504075181663424, -0.269409283184122 ], [ 35.505669729365742, -0.268690622772964 ], [ 35.507310049160246, -0.269289522648161 ], [ 35.509236471133711, -0.269936309205725 ], [ 35.51057161509047, -0.270391462528472 ], [ 35.511521475827607, -0.270511239031676 ], [ 35.518826630762888, -0.270295663365183 ], [ 35.524182473161339, -0.270104053745184 ], [ 35.526395000097665, -0.270056147351062 ], [ 35.52741735113343, -0.26718154464462 ], [ 35.528893656928318, -0.262917585832463 ], [ 35.529961784906227, -0.259803438492416 ], [ 35.534341055334984, -0.261935451910554 ], [ 35.537076192326715, -0.26310924780986 ], [ 35.546094132197886, -0.267205587798943 ], [ 35.550141524610211, -0.268978251993125 ], [ 35.554829785672005, -0.271062381822212 ], [ 35.559682078421126, -0.273290197201027 ] ] ] ] } },
{ "type": "Feature", "properties": { "fid": 10, "CONST_CODE": 168, "Shape_Area": 0.00425908983, "OBJECTID_1": 702, "NAME": "BIASHARA", "OBJECTID": 3034, "CONSTITUEN": "NAIVASHA", "COUNTY_ASS": 836, "SPOILT": 0, "COUNTY_A_1": "BIASHARA", "REJECTED": 16, "REPORTED": 1, "SPOILT_VAL": 0.0, "VALID": 393, "DISPUTED": 0, "RESULT": "1", "COUNTY_COD": 32, "Shape_Leng": 0.36605632561000001, "COUNTY_NAM": "NAKURU", "Shape_Le_1": 0.36605632561000001, "REGISTERED": "8163" }, "geometry": { "type": "MultiPolygon", "coordinates": [ [ [ [ 36.566712020432938, -0.931807241114542 ], [ 36.567410110724147, -0.931760378231838 ], [ 36.568134904835979, -0.931806104980419 ], [ 36.568504930431153, -0.931818046791072 ], [ 36.569340349590469, -0.932334221827757 ], [ 36.570259691662216, -0.932945447096811 ], [ 36.571182848776147, -0.933542330401499 ], [ 36.57351744286057, -0.935552123634168 ], [ 36.570763222395371, -0.937128118707666 ], [ 36.570714460242449, -0.937157243477299 ], [ 36.567329984619434, -0.939178761196655 ], [ 36.565407370461237, -0.940374979979511 ], [ 36.562767591282842, -0.942311732248498 ], [ 36.562389934535481, -0.942767418531038 ], [ 36.564810274373379, -0.944945360006878 ], [ 36.5654073580884, -0.945482645672862 ], [ 36.569576820282478, -0.949166314782928 ], [ 36.569859108488714, -0.949280206564609 ], [ 36.570423684497612, -0.949261126262416 ], [ 36.572723953205937, -0.948520715460806 ], [ 36.573795884721008, -0.948235088817845 ], [ 36.574932667387394, -0.947932120288729 ], [ 36.575817678894069, -0.947932122448771 ], [ 36.578571890515157, -0.949622022924664 ], [ 36.578777884467868, -0.949787520835157 ], [ 36.579704856253265, -0.950533400047926 ], [ 36.580158803474561, -0.951179067556438 ], [ 36.58053264383414, -0.951710662565341 ], [ 36.58081874480407, -0.952342348103011 ], [ 36.581024738072841, -0.952792934643353 ], [ 36.581886856283013, -0.954567199981528 ], [ 36.583229625944874, -0.957331026946361 ], [ 36.583469951238826, -0.957796795136508 ], [ 36.583778940334476, -0.958394337232914 ], [ 36.584362587647902, -0.959514593637401 ], [ 36.585060674977129, -0.960710818636673 ], [ 36.585796909691616, -0.962191892725845 ], [ 36.586456850369103, -0.96363492204467 ], [ 36.587040496054158, -0.965021066530675 ], [ 36.587227415921724, -0.965628629348687 ], [ 36.587380001639623, -0.966274235640025 ], [ 36.58764321527579, -0.967033734277421 ], [ 36.588001795167436, -0.967755248979424 ], [ 36.588642662819446, -0.968780635637653 ], [ 36.588738029713141, -0.969312291304006 ], [ 36.588512954474496, -0.972179384138833 ], [ 36.588488008812526, -0.972438443501311 ], [ 36.588158179060258, -0.975863762210502 ], [ 36.588001771845882, -0.977514951242305 ], [ 36.587700403975475, -0.980173222451807 ], [ 36.587944541636553, -0.981749164903937 ], [ 36.588038050239277, -0.981983598758694 ], [ 36.588055167166594, -0.982026513951332 ], [ 36.588173421674256, -0.982318803988613 ], [ 36.58848241229154, -0.982704044426791 ], [ 36.58866170307234, -0.982926427854509 ], [ 36.589321643863791, -0.983913770877858 ], [ 36.590660598402998, -0.986761965683889 ], [ 36.59094288567082, -0.987275558863821 ], [ 36.591190840019266, -0.987730346485711 ], [ 36.591599012165439, -0.988387414968939 ], [ 36.592300914703813, -0.989515171564415 ], [ 36.592812084459489, -0.989572118826846 ], [ 36.593811537788923, -0.989325315840202 ], [ 36.594688919784794, -0.989128978228167 ], [ 36.595169572877779, -0.989021508287395 ], [ 36.596642049435275, -0.988603748541734 ], [ 36.597130332105159, -0.988679657622571 ], [ 36.597301992998055, -0.988850615929133 ], [ 36.597324880586584, -0.989040655554696 ], [ 36.597355398008887, -0.989306303096866 ], [ 36.597343953370924, -0.989566549398061 ], [ 36.597203814865118, -0.993045971096765 ], [ 36.597198348533382, -0.993181688173433 ], [ 36.597187441871469, -0.993452493116206 ], [ 36.597111242247571, -0.995344420897373 ], [ 36.597092167817209, -0.995933021193676 ], [ 36.597393528263069, -0.996388708931113 ], [ 36.597519413236292, -0.996492819840008 ], [ 36.597572818224265, -0.996537281461177 ], [ 36.597622410213056, -0.996578568834249 ], [ 36.597870365246102, -0.996747546056025 ], [ 36.597898634292598, -0.996748786422847 ], [ 36.598028871506948, -0.996754498956238 ], [ 36.598068729572553, -0.996756247752566 ], [ 36.598755376836927, -0.996729726939349 ], [ 36.599442023227134, -0.996650040392618 ], [ 36.600178261263359, -0.996756252817255 ], [ 36.60060169243765, -0.996995318418812 ], [ 36.6009984210624, -0.997446745872283 ], [ 36.600761907327637, -0.998004382461566 ], [ 36.599705233218685, -0.998535673817672 ], [ 36.599548830783647, -0.998603660343036 ], [ 36.59891177401078, -0.998880827349652 ], [ 36.59851504458458, -0.999189197710149 ], [ 36.598353913004743, -0.999314644691621 ], [ 36.598303011821564, -0.99935427272133 ], [ 36.598228940555025, -0.999411940399019 ], [ 36.59812212894888, -0.999588598161015 ], [ 36.597988614189092, -0.999810320385131 ], [ 36.597773269919237, -1.00060826793232 ], [ 36.597515586202853, -1.001563099078806 ], [ 36.597305773867163, -1.003236189181812 ], [ 36.597198959160842, -1.004298418263229 ], [ 36.597172254098993, -1.005148284617803 ], [ 36.59687851898061, -1.006667400238389 ], [ 36.596184232661606, -1.010925913970042 ], [ 36.595993494812085, -1.01198598232807 ], [ 36.595852348741552, -1.012754300728472 ], [ 36.595875232163493, -1.014703179502487 ], [ 36.596020189311091, -1.01559331160718 ], [ 36.596020189019981, -1.015716181714767 ], [ 36.596020188950376, -1.015745561289547 ], [ 36.596020187601198, -1.016315064759738 ], [ 36.595985854487573, -1.016337333676147 ], [ 36.595612013250602, -1.016579811168318 ], [ 36.595158063389164, -1.016603812677063 ], [ 36.59454388969084, -1.019392536137906 ], [ 36.593697016325663, -1.023131156560576 ], [ 36.592323708535538, -1.029183011927006 ], [ 36.590557481408659, -1.037185785056549 ], [ 36.589302430660545, -1.042879283362034 ], [ 36.588646291501597, -1.04708967092162 ], [ 36.588722584497908, -1.047571640773285 ], [ 36.588779804250017, -1.0477199753573 ], [ 36.589001056259505, -1.048307195740548 ], [ 36.589180346408519, -1.048803567187675 ], [ 36.58922932317239, -1.048940730004701 ], [ 36.589401597341968, -1.049423191365713 ], [ 36.590168348661201, -1.051142608085468 ], [ 36.590587964189027, -1.052086385491095 ], [ 36.591091500244218, -1.054140755565334 ], [ 36.591545443234914, -1.057032092231123 ], [ 36.592174850094963, -1.065199406030201 ], [ 36.592151960277349, -1.065951882379941 ], [ 36.592091224341971, -1.067996425118644 ], [ 36.592071844767361, -1.06864879671564 ], [ 36.59196121810222, -1.068844896442889 ], [ 36.589931786986305, -1.072402653461151 ], [ 36.587433144341773, -1.077083004808786 ], [ 36.581669101182896, -1.087874488406518 ], [ 36.579097979526466, -1.092472869548015 ], [ 36.574436391084504, -1.100809865455257 ], [ 36.572506142046478, -1.104363061191509 ], [ 36.570785702303425, -1.10753125864436 ], [ 36.569626034303546, -1.106613042930843 ], [ 36.56806200830551, -1.105375353931979 ], [ 36.567604243165121, -1.105914447429291 ], [ 36.558765547834803, -1.116281677624177 ], [ 36.554306146079455, -1.121440750059338 ], [ 36.548965545158737, -1.127619203698708 ], [ 36.546596607327956, -1.130257065025041 ], [ 36.545414045122115, -1.131905669141695 ], [ 36.542690322478762, -1.14168917354281 ], [ 36.542549176995053, -1.14219550444569 ], [ 36.542491956380481, -1.142406245116116 ], [ 36.539203650095224, -1.155326743678551 ], [ 36.537918082952778, -1.160190832561723 ], [ 36.537181845990496, -1.159576848471233 ], [ 36.534221641155696, -1.157106511695166 ], [ 36.533279411210948, -1.156320429811603 ], [ 36.532859794170115, -1.155997836763477 ], [ 36.529674521874888, -1.153546580986155 ], [ 36.527378073675564, -1.151777836081403 ], [ 36.523731223369921, -1.148971583230479 ], [ 36.523406973367493, -1.148712236485929 ], [ 36.519760123322371, -1.14580769399987 ], [ 36.518661490314223, -1.144932202503266 ], [ 36.515525809301593, -1.142433542401188 ], [ 36.506679526096313, -1.135489977610593 ], [ 36.503589620902545, -1.133126930580114 ], [ 36.497844686591471, -1.128729550461092 ], [ 36.497592916560308, -1.128544491814862 ], [ 36.496273031387283, -1.127578870636447 ], [ 36.495040883038044, -1.126754983856865 ], [ 36.494419088029275, -1.126271212928062 ], [ 36.493827809525065, -1.126013665493679 ], [ 36.493728627440518, -1.125970461215072 ], [ 36.486961349704266, -1.122609863243383 ], [ 36.485656721825592, -1.121949912962563 ], [ 36.479053476404601, -1.118608517666805 ], [ 36.46850583108963, -1.113406203726161 ], [ 36.466442078719183, -1.112368452948414 ], [ 36.464099853172321, -1.11118908804818 ], [ 36.460910763968549, -1.109625680725023 ], [ 36.45933529288115, -1.108854118948096 ], [ 36.459037746675342, -1.108708663086589 ], [ 36.452785453384365, -1.105646056165808 ], [ 36.440425824233486, -1.100294201196505 ], [ 36.438583323790319, -1.099472353210146 ], [ 36.435962624493378, -1.098401957403683 ], [ 36.425254761764414, -1.093394180998414 ], [ 36.409732747157747, -1.085965985505401 ], [ 36.398647229489718, -1.080745305791917 ], [ 36.391651069701652, -1.077450712590366 ], [ 36.382648378604685, -1.073209216816435 ], [ 36.372611902888707, -1.068479628498756 ], [ 36.35564793395956, -1.060396159334706 ], [ 36.336486696478751, -1.051426273686303 ], [ 36.336482882765161, -1.051315261936544 ], [ 36.336337924214838, -1.051042114016208 ], [ 36.336109042923297, -1.05061150938481 ], [ 36.333911784790153, -1.046457759187513 ], [ 36.331722154603938, -1.042338212701583 ], [ 36.330177207426281, -1.039431272023524 ], [ 36.329727074817129, -1.038590464189951 ], [ 36.328102018814782, -1.035566871708749 ], [ 36.326904207511554, -1.033336320366375 ], [ 36.32591238855931, -1.031496289429364 ], [ 36.323902049699164, -1.027786224648157 ], [ 36.321693346453763, -1.023714922216139 ], [ 36.321254657764484, -1.022918879815307 ], [ 36.319763115228056, -1.020212118154995 ], [ 36.317172944024087, -1.015504029724618 ], [ 36.315463965077171, -1.012437831320824 ], [ 36.314655251482911, -1.010983159970564 ], [ 36.313487956946901, -1.008888582021566 ], [ 36.313232373857993, -1.008373369041304 ], [ 36.311626391583694, -1.005138553500875 ], [ 36.310016595345807, -1.001892636579432 ], [ 36.30833050474449, -0.998734927567077 ], [ 36.306270574371823, -0.994872206138573 ], [ 36.306144689785278, -0.994633261994571 ], [ 36.305385567275984, -0.993193891935801 ], [ 36.303787214522316, -0.990165856590262 ], [ 36.303413375750011, -0.98945808375741 ], [ 36.302310931368169, -0.987373106834903 ], [ 36.298313142039234, -0.97999677843439 ], [ 36.295265208708564, -0.974388353712523 ], [ 36.294239057980661, -0.97249761745207 ], [ 36.294063582561456, -0.972166623192242 ], [ 36.292488117657783, -0.969241017757467 ], [ 36.290859246971678, -0.966204281489638 ], [ 36.290702845465241, -0.965919071623753 ], [ 36.289714841525921, -0.964139405543211 ], [ 36.289516478141358, -0.963781949129583 ], [ 36.288589509002989, -0.96211767531744 ], [ 36.286777533581905, -0.958874036900121 ], [ 36.286624946006789, -0.958617629757828 ], [ 36.286365547749213, -0.958174423372091 ], [ 36.283805894192803, -0.95339714453034 ], [ 36.282974292952865, -0.951841362805787 ], [ 36.28183370227373, -0.949879577449578 ], [ 36.281379754579142, -0.94910531625 ], [ 36.280864771078399, -0.94822064406385 ], [ 36.2793655997908, -0.945520481807917 ], [ 36.278709474047631, -0.944268871836216 ], [ 36.278434817002925, -0.94374129680063 ], [ 36.276977608043481, -0.940954725349356 ], [ 36.276699136065119, -0.940401347628969 ], [ 36.276207041845623, -0.939432846496102 ], [ 36.275463178163896, -0.938105807481499 ], [ 36.274963454697229, -0.937223595721105 ], [ 36.27488334600222, -0.937060618928794 ], [ 36.274162370654494, -0.935628269256255 ], [ 36.273696979367422, -0.934703872286565 ], [ 36.273258289049146, -0.934536874594333 ], [ 36.272838672303628, -0.934173655922749 ], [ 36.272445760603851, -0.933447039611669 ], [ 36.271724785331493, -0.931990027867356 ], [ 36.271392907596201, -0.931316336868181 ], [ 36.271160212969662, -0.930667069573856 ], [ 36.271061030546804, -0.930393380877462 ], [ 36.270816892276308, -0.929607479240113 ], [ 36.270752042808589, -0.929372255026696 ], [ 36.270671934288288, -0.929146391408275 ], [ 36.270465941464579, -0.928950050999859 ], [ 36.270443052742962, -0.928834119162714 ], [ 36.270420164977878, -0.928734028327724 ], [ 36.270370574619662, -0.928468860784894 ], [ 36.270214173072674, -0.928203812745698 ], [ 36.270000550560098, -0.927889619686483 ], [ 36.2697945572232, -0.927516501340325 ], [ 36.269588563697511, -0.927212088747944 ], [ 36.269481753508778, -0.926848811527721 ], [ 36.269249056963169, -0.926534618411811 ], [ 36.269123172308753, -0.926328436363918 ], [ 36.268848514797725, -0.925974939120629 ], [ 36.268703557947859, -0.925464347009562 ], [ 36.26840219688259, -0.924932031094781 ], [ 36.268184760548266, -0.924551231306338 ], [ 36.267440897045638, -0.923169165911625 ], [ 36.266712292504515, -0.921811764588171 ], [ 36.266193495146148, -0.920885387114166 ], [ 36.265892135096287, -0.920348751271977 ], [ 36.265312302913728, -0.919320483799284 ], [ 36.264724840761325, -0.918276974301527 ], [ 36.25963220710117, -0.919622178875509 ], [ 36.25591668282253, -0.920613830375488 ], [ 36.254409873832074, -0.921096935976392 ], [ 36.25173576373772, -0.921956937390249 ], [ 36.24965293278354, -0.922779496893007 ], [ 36.24727637026335, -0.923617416350205 ], [ 36.243042044635224, -0.925109218169178 ], [ 36.237518347383144, -0.927075305096602 ], [ 36.236415897543516, -0.927393035146291 ], [ 36.235527070248118, -0.927651059261858 ], [ 36.235073119978466, -0.927817634653284 ], [ 36.233905819710237, -0.928246855574822 ], [ 36.224102020872238, -0.931613475213915 ], [ 36.221935266937351, -0.932354125261323 ], [ 36.21908949514097, -0.93332495667007 ], [ 36.216716746634283, -0.934134433679467 ], [ 36.214794134357007, -0.934790655427154 ], [ 36.212974518360937, -0.935411054749987 ], [ 36.212387053758903, -0.935607212699352 ], [ 36.211406674080109, -0.935936164137304 ], [ 36.210475884610339, -0.936222031411979 ], [ 36.209564170191008, -0.936501837178118 ], [ 36.207836107362887, -0.937117555419682 ], [ 36.207637742807357, -0.937188602274172 ], [ 36.206798506272634, -0.937554577854285 ], [ 36.206619215730726, -0.937632885347652 ], [ 36.206310225922373, -0.937013561207629 ], [ 36.205074267507477, -0.934957025182346 ], [ 36.204082449386505, -0.933307572866175 ], [ 36.202953301678612, -0.93142637538322 ], [ 36.202526056921208, -0.930716140533917 ], [ 36.202232326780113, -0.930226369324693 ], [ 36.199478123421819, -0.925432287103162 ], [ 36.197578410457126, -0.922106019323154 ], [ 36.195651994346399, -0.918820134609759 ], [ 36.193832380537224, -0.918672034370778 ], [ 36.192077617116404, -0.918779800503058 ], [ 36.188905959113058, -0.91855848545719 ], [ 36.188602421634208, -0.918537304854105 ], [ 36.186435669976525, -0.918470032485578 ], [ 36.186462375629446, -0.917554337971094 ], [ 36.186656926751894, -0.917281250093389 ], [ 36.186954474457252, -0.916867508289025 ], [ 36.187042212886929, -0.916771198056149 ], [ 36.187492349100452, -0.916273868337203 ], [ 36.188068371919314, -0.915642004708098 ], [ 36.188549026321859, -0.915096850038881 ], [ 36.18904112478365, -0.914537774243132 ], [ 36.189641584765489, -0.913863050867782 ], [ 36.189857473837407, -0.913620461129965 ], [ 36.18995284130812, -0.91351425066639 ], [ 36.190155021890781, -0.913083407136467 ], [ 36.190288538696606, -0.912531230474157 ], [ 36.190341944977774, -0.912113767052497 ], [ 36.190349576569552, -0.91155858994791 ], [ 36.190353391103542, -0.911373110771378 ], [ 36.190017699616021, -0.910632453486556 ], [ 36.189685821707748, -0.910042351695617 ], [ 36.189567567095523, -0.90983256953695 ], [ 36.189350129807032, -0.909447389365172 ], [ 36.188949588184023, -0.908714772689713 ], [ 36.188320165353495, -0.907562052096377 ], [ 36.188049322148721, -0.907114824554783 ], [ 36.187305458317894, -0.905892256209631 ], [ 36.186382305870062, -0.904074245733949 ], [ 36.185928358393163, -0.90325930094672 ], [ 36.185550704666326, -0.902579429262685 ], [ 36.185123459218211, -0.901771444115306 ], [ 36.184600848064257, -0.900801863312403 ], [ 36.184429187608686, -0.900505191531037 ], [ 36.183971425091819, -0.899703327242853 ], [ 36.183853169476798, -0.89949558572264 ], [ 36.183769246878505, -0.899303145696446 ], [ 36.183647177490926, -0.899013375236668 ], [ 36.183437369513435, -0.898526004204167 ], [ 36.182983421792294, -0.897798788454396 ], [ 36.182060268979406, -0.89611549135194 ], [ 36.18108370934646, -0.89433786482909 ], [ 36.180576355959111, -0.893462733058962 ], [ 36.180107150448038, -0.892654627930058 ], [ 36.179966006972968, -0.892384659917106 ], [ 36.179317510380194, -0.89114631009453 ], [ 36.178867377656999, -0.890424914259681 ], [ 36.178516426640165, -0.889866975553129 ], [ 36.178195992942022, -0.889216447327194 ], [ 36.177505535703247, -0.887830781519897 ], [ 36.175796557827894, -0.88465242813112 ], [ 36.175064138442664, -0.88329526589973 ], [ 36.174850516179028, -0.882908764818808 ], [ 36.173980768196387, -0.881329159581855 ], [ 36.173786218878625, -0.880973441550625 ], [ 36.172672331801309, -0.878932207351223 ], [ 36.172134460690529, -0.877949004169853 ], [ 36.171745363150045, -0.877205705864511 ], [ 36.171306674818823, -0.876359917543577 ], [ 36.170990056319354, -0.875646622220301 ], [ 36.1704331129827, -0.874384150074058 ], [ 36.170196603707176, -0.873641812620012 ], [ 36.169902873876524, -0.872710515464234 ], [ 36.168811878554891, -0.86938562787463 ], [ 36.168434226217499, -0.868233927485278 ], [ 36.168174828040705, -0.867445085719405 ], [ 36.167736141373354, -0.866024917517984 ], [ 36.167324157501206, -0.864692478474338 ], [ 36.165935618030019, -0.860210369518656 ], [ 36.165367232017019, -0.858489450187751 ], [ 36.163589595438957, -0.853130048877354 ], [ 36.162193426482098, -0.848828259266971 ], [ 36.161232129392282, -0.845871569557568 ], [ 36.161148206879318, -0.845653746584687 ], [ 36.160698075378527, -0.844524908789762 ], [ 36.160541673315514, -0.844109065396935 ], [ 36.160328181598103, -0.843540332658564 ], [ 36.16030831771748, -0.84348741647085 ], [ 36.160287903840135, -0.843433033465154 ], [ 36.160226864206905, -0.843270427080013 ], [ 36.160030507386942, -0.842747341874398 ], [ 36.159839773756609, -0.842162161121966 ], [ 36.159748221402026, -0.841885472172895 ], [ 36.159572746424921, -0.841429184048653 ], [ 36.15948500895017, -0.841196300266337 ], [ 36.159240869361419, -0.840565753750613 ], [ 36.159279018220396, -0.839946249955828 ], [ 36.159374387903277, -0.839421075606816 ], [ 36.159446867366441, -0.839303643929101 ], [ 36.159599456348474, -0.839053958401224 ], [ 36.159721527130458, -0.838855457326223 ], [ 36.160938421937189, -0.837562687246952 ], [ 36.162258313237295, -0.836158485719786 ], [ 36.164547142140101, -0.833727879951371 ], [ 36.165069758633415, -0.833170963393843 ], [ 36.167385290659332, -0.830708194402875 ], [ 36.169033247558936, -0.828934655012843 ], [ 36.172023984887254, -0.825713229681412 ], [ 36.172535156341802, -0.825159973555723 ], [ 36.173671941784008, -0.823934529691408 ], [ 36.174835430325551, -0.822689104168281 ], [ 36.177810908482648, -0.819504222213816 ], [ 36.178879028569725, -0.818357445577248 ], [ 36.179733524627025, -0.817443673684845 ], [ 36.186622900196227, -0.810104451088389 ], [ 36.189205463907172, -0.807168653718545 ], [ 36.18924742571555, -0.806911346809743 ], [ 36.189525903929145, -0.805256435084402 ], [ 36.189766235393023, -0.80349237273665 ], [ 36.190098123568319, -0.800488881692199 ], [ 36.190216381819297, -0.79942509155504 ], [ 36.190380418383164, -0.797930575881652 ], [ 36.190433825589942, -0.797541135678652 ], [ 36.190979339835842, -0.793591166741871 ], [ 36.191233242512105, -0.791760773373905 ], [ 36.191238519630112, -0.791722728771379 ], [ 36.191299043983186, -0.791286406812075 ], [ 36.191410410472827, -0.790483565021004 ], [ 36.191494336226675, -0.789573210604722 ], [ 36.19170415139773, -0.787197743077934 ], [ 36.189072012132492, -0.785102977934318 ], [ 36.188125967758602, -0.784350136685417 ], [ 36.186981559514713, -0.783440558871208 ], [ 36.186695457692913, -0.783217035071512 ], [ 36.186457463838536, -0.783032052353525 ], [ 36.186157585022109, -0.782798969537763 ], [ 36.184414270081994, -0.781447503558126 ], [ 36.184845333382569, -0.780892927206275 ], [ 36.184975033091362, -0.780720289170936 ], [ 36.185696014944334, -0.779790494437813 ], [ 36.186397922695718, -0.778884702285715 ], [ 36.187488932533306, -0.777473599362107 ], [ 36.18771400074133, -0.777181069196712 ], [ 36.190208826060029, -0.773960120536127 ], [ 36.1919316172417, -0.771737939062744 ], [ 36.191941943296683, -0.771724618944626 ], [ 36.191979594497234, -0.771676054021339 ], [ 36.191988757546035, -0.771664234945883 ], [ 36.193779402080722, -0.769354531875526 ], [ 36.19372599645969, -0.769192934187482 ], [ 36.193725997467226, -0.768842797810567 ], [ 36.193725998009754, -0.768654257959259 ], [ 36.193672592272556, -0.768533045559455 ], [ 36.193523819536964, -0.768357947237927 ], [ 36.193417007829915, -0.768196409797411 ], [ 36.193256791347338, -0.767927041516049 ], [ 36.193191941979443, -0.767671174873572 ], [ 36.193054613184934, -0.767523018902939 ], [ 36.192909655378024, -0.767374922307374 ], [ 36.192829546675725, -0.767226767510042 ], [ 36.192787585189727, -0.76702478557049 ], [ 36.19274943878748, -0.76679586232982 ], [ 36.192520557078559, -0.766566937525799 ], [ 36.19236033989845, -0.766539993732996 ], [ 36.192226826265603, -0.766337953134664 ], [ 36.192039906197635, -0.766257184023785 ], [ 36.191879687823715, -0.766297567839189 ], [ 36.191639361165677, -0.766391837065151 ], [ 36.191399034507619, -0.766486105284289 ], [ 36.191196854872132, -0.766593816585322 ], [ 36.191021378124077, -0.76675547300591 ], [ 36.190903121498387, -0.767253704208994 ], [ 36.190887861387402, -0.767630783870436 ], [ 36.190861157627509, -0.767879629256313 ], [ 36.190830640288425, -0.767980259663284 ], [ 36.190662792711983, -0.768086530421554 ], [ 36.190567424436033, -0.768129014480775 ], [ 36.190449169206673, -0.768142515497023 ], [ 36.190395762732685, -0.768277169549557 ], [ 36.190273692497357, -0.768290610150399 ], [ 36.190140177321034, -0.768277168803592 ], [ 36.189979960218224, -0.768223282692228 ], [ 36.189712931370266, -0.768021301103413 ], [ 36.189632823590678, -0.767900087618011 ], [ 36.189522196831078, -0.767754872406176 ], [ 36.189430645041327, -0.767630779616907 ], [ 36.18935435121864, -0.767526668605081 ], [ 36.189270427404601, -0.767415295970715 ], [ 36.189056804759396, -0.767172930253911 ], [ 36.189030102493057, -0.766903562359555 ], [ 36.189003400915986, -0.766741965753233 ], [ 36.188976698339033, -0.766580368140002 ], [ 36.188843183395981, -0.766486097822965 ], [ 36.188736372340557, -0.76644571423492 ], [ 36.188507490360621, -0.766311059356368 ], [ 36.188335829201023, -0.766270614167783 ], [ 36.188309126662979, -0.766095575596722 ], [ 36.188320571302881, -0.765880093456438 ], [ 36.188213759791225, -0.765651229410581 ], [ 36.188068801791218, -0.765570401023466 ], [ 36.187893325858703, -0.765449187257345 ], [ 36.187652999783168, -0.765341415265656 ], [ 36.187263900273948, -0.765301029845377 ], [ 36.187076978973295, -0.765301029299018 ], [ 36.186943465071536, -0.765192598205891 ], [ 36.186928206744561, -0.764950892478088 ], [ 36.186901504039525, -0.764833820865731 ], [ 36.186874801319405, -0.764721969189201 ], [ 36.186619217290087, -0.764589773691084 ], [ 36.186500961307324, -0.764517946624588 ], [ 36.186329300336787, -0.764412155086 ], [ 36.18594401510218, -0.764278879985149 ], [ 36.18563121006985, -0.764115961699035 ], [ 36.185551102239295, -0.764012691299443 ], [ 36.185486252381331, -0.763927421417745 ], [ 36.185406144030331, -0.763658113765556 ], [ 36.185341294548309, -0.76344269079624 ], [ 36.185310777810592, -0.763334919416138 ], [ 36.185310778705251, -0.76302516730935 ], [ 36.185310779833252, -0.762634646634387 ], [ 36.185310780922471, -0.762257566916112 ], [ 36.185223043052545, -0.762163776943699 ], [ 36.184986531383451, -0.761917811055702 ], [ 36.184654653775574, -0.761597736897933 ], [ 36.184498250908142, -0.761465002075139 ], [ 36.184349478025219, -0.761341868533883 ], [ 36.183987081832868, -0.761207214265309 ], [ 36.183651387333242, -0.761193711920493 ], [ 36.183239399749986, -0.761166767387658 ], [ 36.183067738632552, -0.761112101016895 ], [ 36.182861744494403, -0.761045554031478 ], [ 36.182487904166969, -0.760951342403525 ], [ 36.182167469046149, -0.760815308019046 ], [ 36.181820331913755, -0.760668531662635 ], [ 36.181232867945262, -0.760331834502211 ], [ 36.180794178131798, -0.760024181158741 ], [ 36.180614887785538, -0.759698946903999 ], [ 36.180366932876659, -0.759530088040486 ], [ 36.179897724860247, -0.759275841044945 ], [ 36.17976039585772, -0.759200652421089 ], [ 36.179459034615284, -0.759117482904517 ], [ 36.179077564308798, -0.759012110554839 ], [ 36.178745686099525, -0.758900618390561 ], [ 36.178474841927404, -0.758810127964915 ], [ 36.17815440790141, -0.758641749101026 ], [ 36.177891192877382, -0.758504394040499 ], [ 36.177780566867817, -0.758446488164104 ], [ 36.177666125967825, -0.758348677198751 ], [ 36.177284657282677, -0.758029022694455 ], [ 36.177166401363465, -0.757935773247078 ], [ 36.176845966594371, -0.757678945407849 ], [ 36.17621654179613, -0.757261479543317 ], [ 36.176029622434292, -0.7569381651084 ], [ 36.175651967453938, -0.756722801614048 ], [ 36.175117909715695, -0.756682356361839 ], [ 36.174541888870856, -0.756655471745916 ], [ 36.174210010339095, -0.756655470770348 ], [ 36.173260149442669, -0.756439985790321 ], [ 36.172764238078088, -0.756291888147968 ], [ 36.172417100834842, -0.756184115830848 ], [ 36.172336992371207, -0.755955251846645 ], [ 36.172256885181866, -0.75563199812644 ], [ 36.172096667512143, -0.755429956424663 ], [ 36.171829638827859, -0.755174089164203 ], [ 36.171619831542152, -0.754812611234355 ], [ 36.171558796959168, -0.75463547249313 ], [ 36.171345174601278, -0.754296856562794 ], [ 36.171291768833697, -0.754187464260203 ], [ 36.171226919110779, -0.754056410950079 ], [ 36.171024740335227, -0.753867870485144 ], [ 36.170826376565842, -0.753679330031179 ], [ 36.170746267946662, -0.753504231890264 ], [ 36.170944633850951, -0.753302311043056 ], [ 36.171104851811819, -0.753059887001825 ], [ 36.171226922633394, -0.752844404162406 ], [ 36.171211665039593, -0.75269624853279 ], [ 36.171024744221, -0.752531051344195 ], [ 36.170891230231867, -0.752453882473028 ], [ 36.170826380676317, -0.752265343417261 ], [ 36.170853084619516, -0.751955590359961 ], [ 36.170811123492065, -0.751632397148142 ], [ 36.170772977096718, -0.75140347287651 ], [ 36.170704313288383, -0.751299842088283 ], [ 36.170635648464632, -0.751201491640644 ], [ 36.170448728675225, -0.75102639217561 ], [ 36.170383879041573, -0.750864795439644 ], [ 36.170277068458425, -0.750662814292904 ], [ 36.170216033659749, -0.750560083550359 ], [ 36.170154997851107, -0.750460772696678 ], [ 36.170048186970334, -0.750361161700131 ], [ 36.169849823225064, -0.750164701233992 ], [ 36.169769714606872, -0.749989482280559 ], [ 36.169578980086108, -0.749720113872162 ], [ 36.169365356745189, -0.74972011324263 ], [ 36.169140289229134, -0.749773998229492 ], [ 36.16887325984203, -0.749760555477008 ], [ 36.168457457256721, -0.749733611929602 ], [ 36.168163724944698, -0.749679725413418 ], [ 36.167972990761108, -0.74963820093642 ], [ 36.167854734647449, -0.749612397893377 ], [ 36.1675457431542, -0.749612396982196 ], [ 36.167293972752297, -0.749612396239676 ], [ 36.167080349058253, -0.74973360786881 ], [ 36.166893428524951, -0.74981425609003 ], [ 36.166664546237776, -0.74978737249067 ], [ 36.166397518360377, -0.749598892232258 ], [ 36.165367550737315, -0.748561980281073 ], [ 36.165153927867337, -0.748400383102851 ], [ 36.164913601523018, -0.748386941434464 ], [ 36.164673275139549, -0.74838694072491 ], [ 36.164417690692488, -0.748400380929127 ], [ 36.163990443460847, -0.748588919543778 ], [ 36.163814967141427, -0.748602420388631 ], [ 36.163670008381224, -0.748440822406068 ], [ 36.163479273666027, -0.748238781609661 ], [ 36.163265650914312, -0.748036739738609 ], [ 36.163093989758018, -0.747996414341326 ], [ 36.162880366574242, -0.747942529066045 ], [ 36.162624781677039, -0.747767489796845 ], [ 36.162369197133756, -0.747471177862071 ], [ 36.162250942691685, -0.747215311024741 ], [ 36.162228054135142, -0.747050833123858 ], [ 36.162208981450028, -0.746932501083544 ], [ 36.162144131936053, -0.746730520054457 ], [ 36.162022062016447, -0.746636249754344 ], [ 36.161850399939205, -0.746568922636565 ], [ 36.161674923777454, -0.746528477425474 ], [ 36.161636777463293, -0.746272670220904 ], [ 36.161636778170923, -0.746030245696969 ], [ 36.161556670750663, -0.745787880333366 ], [ 36.161461302952567, -0.745666666782351 ], [ 36.161434600499646, -0.745464685864418 ], [ 36.161434601207375, -0.745222260332532 ], [ 36.161381196476171, -0.745101047911909 ], [ 36.161228608513404, -0.745005036870455 ], [ 36.160879070638821, -0.744771384025812 ], [ 36.160835694654438, -0.744742388836121 ], [ 36.16066021878251, -0.744602813152667 ], [ 36.160538149256681, -0.74437388962856 ], [ 36.160309267718247, -0.744091079129233 ], [ 36.160309268736249, -0.743742562536532 ], [ 36.160309269527659, -0.743471634235295 ], [ 36.160309270550464, -0.74312149779985 ], [ 36.160484747616501, -0.742852130460766 ], [ 36.160701901671182, -0.742609319986786 ], [ 36.160713630728146, -0.742596204238526 ], [ 36.160676030963621, -0.742495121589405 ], [ 36.160633522229794, -0.742380841596981 ], [ 36.160564857632124, -0.742205743476242 ], [ 36.160458047052302, -0.7420037613102 ], [ 36.16040464175434, -0.741734393292064 ], [ 36.160458048232606, -0.74159973921866 ], [ 36.16046855130913, -0.741579263204964 ], [ 36.160519083677251, -0.741480746991222 ], [ 36.160618266391957, -0.741290047946933 ], [ 36.160782299740546, -0.740917648987424 ], [ 36.160793744519857, -0.740657102198073 ], [ 36.160793745346048, -0.740374292369561 ], [ 36.160778486951322, -0.740158810115151 ], [ 36.16074034144156, -0.739970270116048 ], [ 36.16077848793482, -0.739822175036488 ], [ 36.160992112863966, -0.739620194822519 ], [ 36.161060777641922, -0.739391210444842 ], [ 36.161018816401338, -0.739108460894296 ], [ 36.1608204530704, -0.738771765828984 ], [ 36.160538166921228, -0.738327358604053 ], [ 36.160351246569292, -0.738004163928103 ], [ 36.160255880165934, -0.7377482971432 ], [ 36.160294028213976, -0.737410401736564 ], [ 36.160362692712816, -0.737276947736667 ], [ 36.160362693736012, -0.736926871692374 ], [ 36.160362694602092, -0.736630560493399 ], [ 36.16036269546801, -0.736334309698171 ], [ 36.160229181728951, -0.736172712743057 ], [ 36.160004114608633, -0.736091943495412 ], [ 36.159828638449014, -0.736051498280878 ], [ 36.159668421707039, -0.735876460286473 ], [ 36.159481500647424, -0.735795630747179 ], [ 36.159428096192791, -0.735580207771263 ], [ 36.159508205304171, -0.735243513523053 ], [ 36.159630276969864, -0.735081916316942 ], [ 36.15963027799372, -0.734731779863714 ], [ 36.159561613396832, -0.734556801536547 ], [ 36.159347990925603, -0.734260430302937 ], [ 36.159080962015217, -0.734085390983217 ], [ 36.158878783128827, -0.733937234782198 ], [ 36.15881393345952, -0.733789139392161 ], [ 36.158771972984198, -0.733587098009983 ], [ 36.158760529517487, -0.733398618486641 ], [ 36.158691864881881, -0.733236961316175 ], [ 36.158520204201693, -0.733034919548951 ], [ 36.158344728593967, -0.732806055247369 ], [ 36.158169253144266, -0.732523244885244 ], [ 36.157902224471179, -0.73226737758254 ], [ 36.157516939966023, -0.731890357053797 ], [ 36.157371982227126, -0.731722939100097 ], [ 36.157246097445011, -0.731580604082295 ], [ 36.15716217355542, -0.73149761539247 ], [ 36.157085880649106, -0.731424467590007 ], [ 36.156979068772458, -0.731324736777744 ], [ 36.15660522912853, -0.731001541532422 ], [ 36.156082615881175, -0.730462863622776 ], [ 36.156044469531295, -0.730220378557995 ], [ 36.155922400206371, -0.729924186786403 ], [ 36.155750739119021, -0.729520224560003 ], [ 36.155575263441236, -0.729315782712472 ], [ 36.155426490712422, -0.729143143800572 ], [ 36.155212868638515, -0.728712178718041 ], [ 36.155067911120256, -0.728469813135361 ], [ 36.155041209183437, -0.728092733256587 ], [ 36.155067913065132, -0.727806262985942 ], [ 36.15510606050924, -0.727675270362838 ], [ 36.155239575666855, -0.727352076615602 ], [ 36.155239576732519, -0.726988498178523 ], [ 36.155251021526745, -0.726723690851556 ], [ 36.15525483702001, -0.726557473365626 ], [ 36.155254837730268, -0.726315168614523 ], [ 36.155197617536381, -0.726009436171171 ], [ 36.154983995021567, -0.725729266357267 ], [ 36.154778002171014, -0.725567728572834 ], [ 36.15467119057142, -0.725373848613684 ], [ 36.154663562380783, -0.725093738807932 ], [ 36.154663563233818, -0.724802828737725 ], [ 36.154578196523786, -0.724658169275333 ], [ 36.15451097575211, -0.724544260683013 ], [ 36.154396535276931, -0.724303957991119 ], [ 36.154362203434324, -0.724231868391575 ], [ 36.154266836295534, -0.723887131775353 ], [ 36.154148582184028, -0.723520852907707 ], [ 36.153999808550992, -0.723316050719293 ], [ 36.153721336903374, -0.723046801803055 ], [ 36.153549675613725, -0.722712806853515 ], [ 36.15356112045356, -0.722432698106677 ], [ 36.153629786246974, -0.722199033380406 ], [ 36.153687006883878, -0.722012593699548 ], [ 36.153965481553733, -0.721592431354053 ], [ 36.154037574933334, -0.721501616740023 ], [ 36.154185179710446, -0.72131568069609 ], [ 36.154201993798978, -0.721294500988819 ], [ 36.154209728839803, -0.721284718537172 ], [ 36.154469024208609, -0.720956786435316 ], [ 36.154629243439665, -0.720622791461274 ], [ 36.154686463987929, -0.720466475397837 ], [ 36.154823794261311, -0.720105778638657 ], [ 36.154930607535029, -0.71972863873361 ], [ 36.154984015494684, -0.71874825713394 ], [ 36.15500309243221, -0.717757133530311 ], [ 36.154942058158554, -0.717477023553346 ], [ 36.154854320906367, -0.717175372319799 ], [ 36.154682659396599, -0.716916804196547 ], [ 36.154545330434694, -0.716830635054248 ], [ 36.154308819159752, -0.716798290873747 ], [ 36.153923534620404, -0.716776747544755 ], [ 36.153538249017707, -0.71677674639912 ], [ 36.153099558806211, -0.71661508811141 ], [ 36.152683756851737, -0.716378121848528 ], [ 36.152233623223601, -0.716011842983471 ], [ 36.151985666899137, -0.715990300062034 ], [ 36.151665232398045, -0.715990299108487 ], [ 36.151505014432459, -0.715893328603071 ], [ 36.151161692877025, -0.715559332120902 ], [ 36.15094806966966, -0.715516247117578 ], [ 36.150810740454951, -0.715516246708755 ], [ 36.150723002507725, -0.715451619896385 ], [ 36.150124095535119, -0.714783628196667 ], [ 36.149696850007594, -0.714395866608389 ], [ 36.149441264639982, -0.714385064552983 ], [ 36.149269603466713, -0.714352779961231 ], [ 36.149109386691606, -0.714191182902653 ], [ 36.148724102040532, -0.713867928187391 ], [ 36.148338818611258, -0.713469365427058 ], [ 36.148239636519925, -0.713447762543187 ], [ 36.1480603451447, -0.71348010548691 ], [ 36.147770427628387, -0.713501646806708 ], [ 36.147469066157647, -0.713501645908303 ], [ 36.147041819521768, -0.713490903744579 ], [ 36.146656533888198, -0.713501643485511 ], [ 36.146240731048174, -0.713566268797386 ], [ 36.145832558124766, -0.713663238616651 ], [ 36.145363349359634, -0.713674037504242 ], [ 36.144924658800861, -0.713630951827271 ], [ 36.144711035657565, -0.713566264233511 ], [ 36.144497411752148, -0.71376020466283 ], [ 36.144344823005646, -0.713932602083424 ], [ 36.144218937427958, -0.714061854811337 ], [ 36.144218937046908, -0.714191168319208 ], [ 36.144272341876459, -0.714277337214277 ], [ 36.144131198179764, -0.714438873976831 ], [ 36.143940461833473, -0.714794470452077 ], [ 36.143780242503418, -0.715160748509875 ], [ 36.143745909656069, -0.715430056913591 ], [ 36.143734464653889, -0.715764051333954 ], [ 36.143822201870805, -0.716076444468463 ], [ 36.144005306697316, -0.716572037054337 ], [ 36.14402437896544, -0.716830603718819 ], [ 36.143894678032233, -0.717078369651768 ], [ 36.143703943066768, -0.717304592211942 ], [ 36.143639092330204, -0.717520074257881 ], [ 36.139862545358817, -0.714148010533747 ], [ 36.133839145311434, -0.7086105537878 ], [ 36.132713811665305, -0.707560140880806 ], [ 36.132488744936417, -0.707350058097048 ], [ 36.131039161595197, -0.706027215803561 ], [ 36.128380320632161, -0.703606314404436 ], [ 36.126999401176192, -0.702362020012791 ], [ 36.1262288330066, -0.701678726308961 ], [ 36.123478439976715, -0.699240842891861 ], [ 36.122963455531753, -0.698785274143216 ], [ 36.121342211377211, -0.697319195540289 ], [ 36.120117694776319, -0.696211236075244 ], [ 36.119705708423552, -0.695779429671069 ], [ 36.117710623581438, -0.694017758447812 ], [ 36.116364037033591, -0.692831550856482 ], [ 36.115967309466562, -0.692480572487863 ], [ 36.113274135725675, -0.689993484735224 ], [ 36.108910127841078, -0.686028976142971 ], [ 36.108711764075871, -0.685848296206694 ], [ 36.105091620379163, -0.68254944013982 ], [ 36.103257960492513, -0.680903856234704 ], [ 36.102963919832028, -0.680639975112381 ], [ 36.100819164313286, -0.67871520556824 ], [ 36.100772480483137, -0.678634793202372 ], [ 36.100712352701876, -0.67853122581211 ], [ 36.100745782821612, -0.678508465571834 ], [ 36.106609895797931, -0.674515922917404 ], [ 36.125378272362454, -0.662137102474438 ], [ 36.167660436856195, -0.663223042932679 ], [ 36.227845006971933, -0.662788894731834 ], [ 36.24849399211746, -0.66329834804721 ], [ 36.264576778752797, -0.663695215325548 ], [ 36.269059080970322, -0.654275141037629 ], [ 36.271759873138571, -0.660577309497654 ], [ 36.282505871548118, -0.667475243138229 ], [ 36.28232276607288, -0.667548329813459 ], [ 36.281460641763346, -0.667917906069313 ], [ 36.278810383924977, -0.669314853787048 ], [ 36.269112430161108, -0.674426632976271 ], [ 36.265763117959068, -0.675568183185287 ], [ 36.263344593844636, -0.676457889362421 ], [ 36.259209451547875, -0.677918430395428 ], [ 36.253220363746848, -0.679278215727929 ], [ 36.251053610980563, -0.679815384956489 ], [ 36.241616028429398, -0.682417410980713 ], [ 36.236328846649833, -0.68376039574222 ], [ 36.231812234201534, -0.685036236270893 ], [ 36.229202899821274, -0.71213788348706 ], [ 36.228970195832872, -0.714811642495691 ], [ 36.229376588639859, -0.715098851975205 ], [ 36.236889503113346, -0.720408449918001 ], [ 36.239823004618046, -0.722530940192707 ], [ 36.256497037231817, -0.734639532264598 ], [ 36.274845721154037, -0.748436463583634 ], [ 36.274929644693813, -0.748290288490228 ], [ 36.275040272775854, -0.747964995661646 ], [ 36.275108937917523, -0.747594817301695 ], [ 36.275143272569714, -0.747022717410618 ], [ 36.275040277383134, -0.74631608371398 ], [ 36.274952541189528, -0.745620610754671 ], [ 36.275040281521086, -0.744835368470469 ], [ 36.275166168253627, -0.744285771436317 ], [ 36.275463716128684, -0.743780999894921 ], [ 36.276112218271756, -0.743018202399263 ], [ 36.277336740313849, -0.74189650846195 ], [ 36.278004315389794, -0.741167374316073 ], [ 36.278317122597066, -0.7409094086559 ], [ 36.279442461602756, -0.740101727080349 ], [ 36.279953633775051, -0.739608177231474 ], [ 36.280369437047348, -0.739383875165109 ], [ 36.280724205036805, -0.739226840139341 ], [ 36.281223931282689, -0.739058583414344 ], [ 36.281616846518922, -0.738834220877868 ], [ 36.281983058994896, -0.73850892875274 ], [ 36.282284421463828, -0.738149972131247 ], [ 36.282772705504868, -0.737331128042384 ], [ 36.283172268008386, -0.736296814579501 ], [ 36.283219029418333, -0.736175768558132 ], [ 36.283329656778321, -0.735749483773692 ], [ 36.283375434975845, -0.734986744940875 ], [ 36.283418011718013, -0.734026967326375 ], [ 36.283421214924303, -0.733954757036029 ], [ 36.28332966412875, -0.733113469084645 ], [ 36.283074082675768, -0.73170008062579 ], [ 36.282952013989267, -0.731161644553016 ], [ 36.282910052766169, -0.730859933092293 ], [ 36.282837579438386, -0.728786956523569 ], [ 36.333065777217101, -0.728174132540531 ], [ 36.352219402064861, -0.727937941233816 ], [ 36.352600899894298, -0.71753531560374 ], [ 36.365639560284002, -0.715789469162418 ], [ 36.372254257324684, -0.715013545851322 ], [ 36.374440083175493, -0.714431551471334 ], [ 36.374726186097135, -0.714620092155513 ], [ 36.375000844412128, -0.714656216682362 ], [ 36.375195394320983, -0.714427173214293 ], [ 36.37533653934446, -0.714125761236323 ], [ 36.375767601640426, -0.713884657689718 ], [ 36.376320734119162, -0.713643554475462 ], [ 36.376992122710028, -0.713426513631192 ], [ 36.377900022946761, -0.713101041692828 ], [ 36.378258604873309, -0.712956367352273 ], [ 36.378548522469885, -0.712896061507444 ], [ 36.37890710546089, -0.7127273251182 ], [ 36.37910928563921, -0.712401791857451 ], [ 36.379372500973375, -0.71205219570721 ], [ 36.379792119444424, -0.711738724767001 ], [ 36.380234624819614, -0.711473497787189 ], [ 36.380547432097806, -0.711172087277956 ], [ 36.380703835206603, -0.710846613287004 ], [ 36.380886850594877, -0.710431895050976 ], [ 36.380906015740287, -0.710388466432697 ], [ 36.381096751479056, -0.71021966917922 ], [ 36.381371410440266, -0.710014748375594 ], [ 36.381829175351079, -0.709930321539619 ], [ 36.38210383385853, -0.709894198508544 ], [ 36.382450972280068, -0.709930323231612 ], [ 36.382798108827139, -0.710292041167793 ], [ 36.382965955592404, -0.710472840722393 ], [ 36.38320628217808, -0.710388472691989 ], [ 36.383362685123942, -0.710123244930761 ], [ 36.383408463163406, -0.709761587460756 ], [ 36.383385574809068, -0.709508420940812 ], [ 36.383217729270712, -0.70924319330302 ], [ 36.383038438391615, -0.709098517494632 ], [ 36.382763780337754, -0.70896590315651 ], [ 36.382584489361733, -0.708857351126509 ], [ 36.382485307731827, -0.708664491033721 ], [ 36.382450976263698, -0.708447448259731 ], [ 36.381901659934051, -0.707892928336044 ], [ 36.380967059743732, -0.707073119771997 ], [ 36.380715290211221, -0.7067596469944 ], [ 36.380547444609356, -0.706518540798309 ], [ 36.380536001208242, -0.706289496757993 ], [ 36.380631369323119, -0.705927780017434 ], [ 36.380524557779971, -0.705698735716549 ], [ 36.380330008814397, -0.705578182316387 ], [ 36.378884236822614, -0.705517871739108 ], [ 36.378750721688618, -0.705493748921549 ], [ 36.378678243132164, -0.705288827166956 ], [ 36.378678243943455, -0.704987415795103 ], [ 36.378655356590833, -0.704734249267716 ], [ 36.378426474704398, -0.704565450865389 ], [ 36.378201407758731, -0.70442077492691 ], [ 36.378128929040173, -0.704276159808656 ], [ 36.37807933861572, -0.704034994533337 ], [ 36.37801830294687, -0.703878258318118 ], [ 36.37796108315387, -0.703769767020836 ], [ 36.377659721997453, -0.703661274050789 ], [ 36.377396507962942, -0.703528659737504 ], [ 36.377015038531965, -0.70310669444971 ], [ 36.376522943326627, -0.702540054539088 ], [ 36.37629406179834, -0.702238701935119 ], [ 36.376152918303269, -0.701973474357039 ], [ 36.376080440072926, -0.701647939320526 ], [ 36.37592403842536, -0.701430956608123 ], [ 36.375710415465306, -0.701298342427829 ], [ 36.375336574527402, -0.70106923698629 ], [ 36.374989437564139, -0.700864314475679 ], [ 36.374737667937929, -0.700587024862407 ], [ 36.374569821469038, -0.700297674754113 ], [ 36.37456982234702, -0.699972200316524 ], [ 36.374642302267716, -0.699670789133275 ], [ 36.374607971029853, -0.699369377657612 ], [ 36.374440124203531, -0.699212641145947 ], [ 36.373959472400877, -0.698875103662052 ], [ 36.373661926837912, -0.698549569010923 ], [ 36.373494079849124, -0.698453139138045 ], [ 36.373288086543482, -0.698453138574857 ], [ 36.372979094792072, -0.698561628874632 ], [ 36.372609069210377, -0.698573688586663 ], [ 36.372403074872089, -0.698585749753925 ], [ 36.372200895571943, -0.698585749200915 ], [ 36.371937681506878, -0.698465195605568 ], [ 36.371865202627291, -0.698380766312823 ], [ 36.371792723268733, -0.698103477184863 ], [ 36.371781279968189, -0.69783824995424 ], [ 36.371613433849333, -0.697790063983171 ], [ 36.371266295301751, -0.697802124763965 ], [ 36.370964934082728, -0.697717694844411 ], [ 36.370655943624328, -0.697717693998661 ], [ 36.370415617039498, -0.697802122435626 ], [ 36.370343136606166, -0.697922674106302 ], [ 36.370259212732115, -0.698199963813335 ], [ 36.370140957230788, -0.698320515358458 ], [ 36.369923519070987, -0.69826020912992 ], [ 36.369698452062764, -0.698139655638048 ], [ 36.369423792687613, -0.698127593155219 ], [ 36.36914532014378, -0.698175837301886 ], [ 36.368882104492144, -0.698272267001933 ], [ 36.368489191039082, -0.698224081420656 ], [ 36.368260309188457, -0.698043221277838 ], [ 36.368248865954186, -0.69775387159203 ], [ 36.368225981388598, -0.696102198661473 ], [ 36.368115355909509, -0.69584903187985 ], [ 36.36791317700132, -0.695704355993383 ], [ 36.367736650629126, -0.695745194852998 ], [ 36.367600371341759, -0.695776722500908 ], [ 36.367363859697541, -0.69588521299901 ], [ 36.367051054233755, -0.695885212141413 ], [ 36.366860319440548, -0.695704353107 ], [ 36.366764952180326, -0.695378878398698 ], [ 36.366860321300976, -0.695017161636047 ], [ 36.36702816946346, -0.694679625917411 ], [ 36.367134981470343, -0.694366154095071 ], [ 36.367196018029468, -0.693823637113718 ], [ 36.367363866257008, -0.693461979944223 ], [ 36.367600378683967, -0.693064138775886 ], [ 36.367672858378612, -0.692847156678184 ], [ 36.367745340313419, -0.692172026119443 ], [ 36.367733897438889, -0.691750061812789 ], [ 36.367600382829146, -0.691533018744302 ], [ 36.36742109231502, -0.691255729311896 ], [ 36.367302837891224, -0.690978440046404 ], [ 36.367325726937054, -0.690604720742436 ], [ 36.36736387562572, -0.690001958455115 ], [ 36.367279953644619, -0.68957999394448 ], [ 36.367291398837025, -0.689145967963108 ], [ 36.367493579147485, -0.688772250153899 ], [ 36.367829273426125, -0.688482900398449 ], [ 36.368092488042585, -0.688398532425383 ], [ 36.368237446864569, -0.68854320816121 ], [ 36.368439625150842, -0.6889169270799 ], [ 36.368691395228389, -0.689025419927605 ], [ 36.368882130260239, -0.688748131506047 ], [ 36.368992758369671, -0.688398534894093 ], [ 36.369240714224667, -0.688217676048211 ], [ 36.369671776186074, -0.688097125354113 ], [ 36.37003417330714, -0.687880143038248 ], [ 36.370163874248469, -0.687602854447573 ], [ 36.370118098127151, -0.687253198007105 ], [ 36.370091395935901, -0.686939785203479 ], [ 36.370140988661532, -0.686698620175147 ], [ 36.370331723431462, -0.686517821574794 ], [ 36.370644530283116, -0.686373147092253 ], [ 36.370991667826488, -0.686361087318775 ], [ 36.371277770377866, -0.686312843190157 ], [ 36.371602021148263, -0.686204351919553 ], [ 36.371865235698436, -0.68614404700326 ], [ 36.371983491296085, -0.685987370659922 ], [ 36.372055972478499, -0.685589529025413 ], [ 36.372139896449532, -0.68527605712449 ], [ 36.372296299005363, -0.68515550466852 ], [ 36.372536625065194, -0.685263996479496 ], [ 36.372918094908734, -0.685529225748909 ], [ 36.373169865311382, -0.685517164706709 ], [ 36.373410192283593, -0.685288121327819 ], [ 36.373684851045581, -0.685155508470562 ], [ 36.373948065464823, -0.685143447459467 ], [ 36.374054877393753, -0.685227816448269 ], [ 36.37430664685148, -0.685565412730993 ], [ 36.374596564147346, -0.685613599039411 ], [ 36.374821632161861, -0.685360433162243 ], [ 36.375073403248138, -0.685095205626195 ], [ 36.375565500231197, -0.684998777551116 ], [ 36.375878305885749, -0.684926470435017 ], [ 36.375935527848796, -0.684600936728361 ], [ 36.375901196295906, -0.684046358732402 ], [ 36.375996565282342, -0.683732885853416 ], [ 36.376152968130235, -0.683503842242191 ], [ 36.376439071777632, -0.683419474327541 ], [ 36.376751877301416, -0.683395352726335 ], [ 36.376919724710341, -0.683335046540448 ], [ 36.377099015526362, -0.683130125447857 ], [ 36.377362230563001, -0.682889021402874 ], [ 36.377709369267052, -0.682816654981908 ], [ 36.378163319290053, -0.682684041605146 ], [ 36.378367067991341, -0.682534753944458 ], [ 36.378426534196066, -0.682491182472812 ], [ 36.378426534307643, -0.682449826669621 ], [ 36.378426534976754, -0.682201831787184 ], [ 36.378174765193648, -0.681984788385726 ], [ 36.377900107019158, -0.681900418937189 ], [ 36.377659781025102, -0.681767804668729 ], [ 36.377491934104746, -0.681647251323298 ], [ 36.377385123404032, -0.681478453230994 ], [ 36.377434715257728, -0.681189103685981 ], [ 36.377743708052925, -0.680321113877211 ], [ 36.377923000942346, -0.679718290531631 ], [ 36.377888669640669, -0.679441001479583 ], [ 36.377839079186536, -0.679211957299699 ], [ 36.377839079902536, -0.678946730072712 ], [ 36.377839080748835, -0.678633256924128 ], [ 36.378006927807483, -0.678331906370347 ], [ 36.378319734891555, -0.677729083383289 ], [ 36.378605839968714, -0.677114260000185 ], [ 36.378884314416204, -0.67672848064176 ], [ 36.379048346948387, -0.676619929528184 ], [ 36.379445075461788, -0.676644053070081 ], [ 36.379719733797238, -0.676668176278241 ], [ 36.380021095496843, -0.676571747676208 ], [ 36.380150796629223, -0.67622209068853 ], [ 36.380234720401972, -0.675980986144229 ], [ 36.380330089354089, -0.675679574983523 ], [ 36.380307202296393, -0.675317917256003 ], [ 36.380211835328559, -0.674883890949817 ], [ 36.380177503961711, -0.674630724348367 ], [ 36.38017750457972, -0.674401680298159 ], [ 36.380246170135088, -0.674232882678949 ], [ 36.380497940761678, -0.674136453940122 ], [ 36.380703934419223, -0.674003839879215 ], [ 36.381024370178054, -0.673895349595492 ], [ 36.38132573177905, -0.673835044777651 ], [ 36.381539355122342, -0.673822983628953 ], [ 36.381661424844644, -0.673991781769685 ], [ 36.381649979917768, -0.674329316948097 ], [ 36.381527908341951, -0.674847770759995 ], [ 36.381527907561825, -0.675137061052758 ], [ 36.381577498309014, -0.675257614078935 ], [ 36.381707198335278, -0.675317921080682 ], [ 36.381886488726359, -0.675269675648299 ], [ 36.38203144822991, -0.675161184885642 ], [ 36.382271775229825, -0.674920080767014 ], [ 36.382367142986041, -0.674691036977739 ], [ 36.382534990880394, -0.674449872256255 ], [ 36.38274861464599, -0.674281135437036 ], [ 36.382893573311854, -0.674112338025938 ], [ 36.382943165936325, -0.673907416568428 ], [ 36.382954611057819, -0.673497513009011 ], [ 36.383038535284747, -0.673087610653237 ], [ 36.383168236090761, -0.672858507557833 ], [ 36.383385673829125, -0.672701771068861 ], [ 36.383553521300371, -0.672617402825077 ], [ 36.383793847714429, -0.672593281023108 ], [ 36.384030358700656, -0.672725895286599 ], [ 36.384259240318542, -0.672991124153563 ], [ 36.384415643253327, -0.673099676144383 ], [ 36.38469030171732, -0.673075554435893 ], [ 36.384942072083135, -0.673075555122796 ], [ 36.385289209490132, -0.673111679855717 ], [ 36.38552953583924, -0.673111680511243 ], [ 36.385586757149547, -0.673027310958765 ], [ 36.385479945676138, -0.672774144157615 ], [ 36.385407467187711, -0.672545100914433 ], [ 36.385384581492289, -0.671677049754668 ], [ 36.3853502503516, -0.67133951444676 ], [ 36.385216735645045, -0.671158654540503 ], [ 36.385014556611566, -0.671062224560475 ], [ 36.38482382149737, -0.671001917391205 ], [ 36.384678863676896, -0.670857241643967 ], [ 36.384655976228331, -0.670640259259357 ], [ 36.384713196993467, -0.670387092902334 ], [ 36.384942079715081, -0.670242418174827 ], [ 36.385132815186523, -0.670170051320389 ], [ 36.385624911997098, -0.670133928876594 ], [ 36.386139896743465, -0.67013393028142 ], [ 36.386616734434376, -0.670133931581939 ], [ 36.386990575008561, -0.670121870868839 ], [ 36.387314825608236, -0.670073626836309 ], [ 36.387478857975751, -0.670025382366875 ], [ 36.387719184875415, -0.669820461424858 ], [ 36.387864143442208, -0.669687848200082 ], [ 36.388031990782672, -0.669651664466704 ], [ 36.388356240219764, -0.669663727082987 ], [ 36.388630898260729, -0.669796341451363 ], [ 36.388844521602508, -0.669784280300904 ], [ 36.38906196017674, -0.66968785146433 ], [ 36.389554057602524, -0.669422624558201 ], [ 36.389756236992447, -0.669386441924772 ], [ 36.389924084332684, -0.669350258191016 ], [ 36.390152965599064, -0.66937438127274 ], [ 36.390175854178345, -0.669543179145993 ], [ 36.390042338531245, -0.66971197659318 ], [ 36.389802011567433, -0.669941019994098 ], [ 36.389733347111424, -0.670073633426745 ], [ 36.389721902738273, -0.670206247015148 ], [ 36.389828713666063, -0.670290616008999 ], [ 36.389958413789067, -0.670314738820487 ], [ 36.39067939046771, -0.67119485361863 ], [ 36.390881569274811, -0.671375653306393 ], [ 36.391072303713131, -0.671315407581184 ], [ 36.391289742449366, -0.671158671089414 ], [ 36.391659770183928, -0.670712585316641 ], [ 36.392125165218083, -0.670206253557516 ], [ 36.392544783667446, -0.669892782543614 ], [ 36.392907180645061, -0.669724045116523 ], [ 36.393204727302283, -0.669639617825161 ], [ 36.393517532819551, -0.669615496217586 ], [ 36.393708268483728, -0.669470880781473 ], [ 36.393876116179619, -0.669302084433757 ], [ 36.393921892796172, -0.66909710255634 ], [ 36.393864673101824, -0.668952427047965 ], [ 36.39357475603876, -0.66881981263918 ], [ 36.393422168174268, -0.668687198603748 ], [ 36.393506092007762, -0.668421970584119 ], [ 36.39370827139696, -0.668385847347272 ], [ 36.39422325601182, -0.668434034267056 ], [ 36.39486794045802, -0.668614894557259 ], [ 36.39521507895968, -0.668614895500838 ], [ 36.395562216428928, -0.668626958176855 ], [ 36.39564613984129, -0.668518466236085 ], [ 36.395588920276182, -0.668325546817256 ], [ 36.395325706575299, -0.668072379586256 ], [ 36.394990013866938, -0.667783027966592 ], [ 36.394749688264177, -0.667505738338284 ], [ 36.394581841798534, -0.667216387173787 ], [ 36.394547510266655, -0.667023527213252 ], [ 36.394715356994446, -0.666842669130584 ], [ 36.395035792683316, -0.666758300290649 ], [ 36.395600368497988, -0.666758301825355 ], [ 36.396557858491384, -0.666902979781677 ], [ 36.397000364065207, -0.666927044044906 ], [ 36.397206358556303, -0.666854736626103 ], [ 36.39756494029978, -0.666770368895676 ], [ 36.397885376149809, -0.666625694411402 ], [ 36.398247772672427, -0.666625695395423 ], [ 36.398667390277531, -0.666625696534642 ], [ 36.398953492625374, -0.666649819769937 ], [ 36.399144227900365, -0.666649820287642 ], [ 36.399205263408398, -0.666493084372815 ], [ 36.399228152184378, -0.666215795458326 ], [ 36.399334965016713, -0.665962629229951 ], [ 36.399491367855894, -0.665733525190341 ], [ 36.399670659146544, -0.665721464950871 ], [ 36.399983464403292, -0.665793833176019 ], [ 36.400185643533177, -0.665854079970596 ], [ 36.400448858138382, -0.665769711979978 ], [ 36.400689185097924, -0.665540668571917 ], [ 36.400689185775967, -0.66528750205281 ], [ 36.400666298550284, -0.664986090553588 ], [ 36.400738778332666, -0.664732924230368 ], [ 36.400975291447978, -0.664443574159979 ], [ 36.401276653462673, -0.664226592648705 ], [ 36.401455943946601, -0.664142164025252 ], [ 36.401730603212535, -0.664190409688057 ], [ 36.402031963645555, -0.664564129922836 ], [ 36.402245585533038, -0.665094586000515 ], [ 36.402352395912338, -0.665383937000911 ], [ 36.402436319065245, -0.665745594910803 ], [ 36.402436318452139, -0.665974698367944 ], [ 36.402558387595604, -0.666360479845466 ], [ 36.402699531089283, -0.666625707471438 ], [ 36.403046667654166, -0.66697530536611 ], [ 36.403264105161256, -0.667276717389007 ], [ 36.403203069202675, -0.667602191717805 ], [ 36.403035221315534, -0.667843356450509 ], [ 36.40248590391051, -0.668072399018932 ], [ 36.402066285853543, -0.668241194686545 ], [ 36.401768738908082, -0.668434054752288 ], [ 36.401528412012659, -0.668639035096346 ], [ 36.401360564060489, -0.66890426288833 ], [ 36.401288084375111, -0.669121245015013 ], [ 36.401253751067401, -0.669217675357657 ], [ 36.401288083600662, -0.669410595719556 ], [ 36.401455929423548, -0.669567332252479 ], [ 36.401719143739186, -0.669591455424207 ], [ 36.402031950255541, -0.669567333813726 ], [ 36.402257017967607, -0.669422659071568 ], [ 36.402569824225623, -0.669121248488966 ], [ 36.402833039444083, -0.668807776038832 ], [ 36.403191622509631, -0.668602856419394 ], [ 36.404534399090352, -0.667988034857664 ], [ 36.404591620656362, -0.66780717647501 ], [ 36.404545844234896, -0.667566071567965 ], [ 36.404484810049496, -0.667228475778378 ], [ 36.404507699210633, -0.666806511511201 ], [ 36.404568735297715, -0.666432792263712 ], [ 36.404641216240243, -0.666119320299061 ], [ 36.404759471926077, -0.665926459744711 ], [ 36.404915875570246, -0.665769724087448 ], [ 36.40520579324528, -0.665673294435016 ], [ 36.405514783754427, -0.665649172812826 ], [ 36.405732222228465, -0.665588866751246 ], [ 36.405900069824384, -0.665456253583292 ], [ 36.406136581422274, -0.665359824792672 ], [ 36.40636546423481, -0.665178965865328 ], [ 36.406582902740737, -0.665106659481666 ], [ 36.406998705563993, -0.665022290895143 ], [ 36.407277178189879, -0.664937863546056 ], [ 36.407754018388708, -0.664371225146241 ], [ 36.408078268659359, -0.664069874989537 ], [ 36.408172168886999, -0.664035147802249 ], [ 36.40843685052856, -0.663937261329361 ], [ 36.408772545493541, -0.663756403695891 ], [ 36.408928948297408, -0.663539420782969 ], [ 36.408951837909683, -0.663322378111257 ], [ 36.408845026206883, -0.663153640410979 ], [ 36.408749659392008, -0.663033027857698 ], [ 36.408688623626311, -0.662912474794787 ], [ 36.408677180189287, -0.662695492433755 ], [ 36.408749660937026, -0.662454386833585 ], [ 36.408890804622423, -0.662273528672578 ], [ 36.409085355287722, -0.662128853841184 ], [ 36.409180722842905, -0.661972118015195 ], [ 36.40917452787258, -0.661957696470624 ], [ 36.409108244189532, -0.661803379399756 ], [ 36.408951842222905, -0.661706889139883 ], [ 36.408772551287782, -0.661586335756202 ], [ 36.408738218624912, -0.661441661311998 ], [ 36.408806884302734, -0.661224678159221 ], [ 36.408917511040727, -0.661007696126421 ], [ 36.409012880078876, -0.660670100748455 ], [ 36.40887936562811, -0.66039281140278 ], [ 36.408688630902233, -0.660187889280111 ], [ 36.408497896983299, -0.660055275138058 ], [ 36.408223237654425, -0.660031151935493 ], [ 36.40771969619238, -0.660308439558012 ], [ 36.407120787464592, -0.660633912443092 ], [ 36.406819426000467, -0.660645972353633 ], [ 36.406594358677935, -0.660645971744303 ], [ 36.406472287760742, -0.660549540973699 ], [ 36.40641506806552, -0.660404866466563 ], [ 36.406342589992974, -0.660019085111712 ], [ 36.406304443647429, -0.659753857755779 ], [ 36.40617474439653, -0.659404201039705 ], [ 36.406151857330819, -0.659042542276598 ], [ 36.40615185820112, -0.658717068774411 ], [ 36.406354038070774, -0.658500026582592 ], [ 36.406533328552911, -0.658415658360236 ], [ 36.40684613512942, -0.658367414287898 ], [ 36.407025425482637, -0.65833123058044 ], [ 36.407178014216441, -0.658138371117809 ], [ 36.407479376388601, -0.657861082945251 ], [ 36.407708259231427, -0.657668163284348 ], [ 36.407910438810369, -0.657559671656758 ], [ 36.408089730227651, -0.657499425893547 ], [ 36.40833005660339, -0.657487365817448 ], [ 36.40847501481052, -0.657487366209744 ], [ 36.408639046626213, -0.657644102741313 ], [ 36.408906074912977, -0.658054006080064 ], [ 36.409096809412958, -0.658343296913075 ], [ 36.409276100347391, -0.658463850298867 ], [ 36.409443946555221, -0.658475912486095 ], [ 36.409573646901549, -0.658415666588718 ], [ 36.409669015649655, -0.65818656237385 ], [ 36.409707163412442, -0.657921335222026 ], [ 36.409875011036561, -0.657402940884789 ], [ 36.410031414774991, -0.657210081431175 ], [ 36.41035184965115, -0.657053345203064 ], [ 36.410653211178143, -0.657017162831622 ], [ 36.410832502466391, -0.657005101583108 ], [ 36.411061384471452, -0.657125655103508 ], [ 36.411263563148715, -0.657354760124033 ], [ 36.411492444639279, -0.657668173520345 ], [ 36.411671735219947, -0.657921340533565 ], [ 36.411885358203357, -0.658041953409459 ], [ 36.412102795642731, -0.657993709077579 ], [ 36.412259199413008, -0.657788727486763 ], [ 36.412377456257254, -0.657535561277452 ], [ 36.412377456932575, -0.657282394748266 ], [ 36.412388901495547, -0.657077473169322 ], [ 36.412304977793866, -0.656920736854575 ], [ 36.412175278640866, -0.6569086757776 ], [ 36.411923508056368, -0.656993043805697 ], [ 36.411683181295047, -0.657149779244134 ], [ 36.411568740110475, -0.657157699952843 ], [ 36.411454299032513, -0.657125656165647 ], [ 36.411324599458645, -0.656896611745126 ], [ 36.41122923296593, -0.656655506690509 ], [ 36.411130051435734, -0.656426462351839 ], [ 36.411130051982859, -0.656221480336635 ], [ 36.411202531408037, -0.656100927630427 ], [ 36.411431413766813, -0.656088867522578 ], [ 36.411671740045378, -0.656112990632194 ], [ 36.411839586477903, -0.656040623706038 ], [ 36.412076099329958, -0.655847763460632 ], [ 36.412270649347313, -0.655570474994969 ], [ 36.412400350272087, -0.655293186353548 ], [ 36.412556752913225, -0.655136450686788 ], [ 36.412785635110772, -0.655184696225381 ], [ 36.413071738197047, -0.65530524990109 ], [ 36.413132772769494, -0.655498170348706 ], [ 36.413178547645145, -0.655944196881824 ], [ 36.413216692931179, -0.656607266134732 ], [ 36.413300615793638, -0.656703757207607 ], [ 36.41352568414694, -0.656691696082209 ], [ 36.413731677826625, -0.656547021276873 ], [ 36.414017780652671, -0.65639028596117 ], [ 36.414246663686185, -0.656125059322017 ], [ 36.414292441522839, -0.655835708721358 ], [ 36.414258109888038, -0.655305253105568 ], [ 36.414151299507303, -0.655015902091627 ], [ 36.413945305535215, -0.654895349639171 ], [ 36.413647759722075, -0.654666304762963 ], [ 36.413430321862513, -0.654497506352177 ], [ 36.413216699297799, -0.654220216781632 ], [ 36.413144221062971, -0.653894681664832 ], [ 36.413346401283398, -0.653545086240344 ], [ 36.413849943447076, -0.653002570337587 ], [ 36.414017790521918, -0.652689098608237 ], [ 36.414124603445373, -0.652399808571547 ], [ 36.414124604570766, -0.651977844209942 ], [ 36.414124605696195, -0.651555879847441 ], [ 36.414219973314054, -0.651375020545287 ], [ 36.414628147054657, -0.651314775397446 ], [ 36.415097355464177, -0.651411207109313 ], [ 36.415539861285737, -0.651338840922581 ], [ 36.415753485521023, -0.650989244517354 ], [ 36.415825965555783, -0.650639648737115 ], [ 36.41604340518203, -0.650145316570103 ], [ 36.416352396230934, -0.649916274332879 ], [ 36.416581278684212, -0.649868029022555 ], [ 36.416939861192922, -0.649868029990415 ], [ 36.416974192631166, -0.650097134565506 ], [ 36.416974191892351, -0.650374423564705 ], [ 36.417191629879738, -0.650494977057122 ], [ 36.417897348885809, -0.650868697397773 ], [ 36.418221597896576, -0.651037496098841 ], [ 36.418557291052068, -0.651158049909361 ], [ 36.418866282298168, -0.651230358726586 ], [ 36.418976908070057, -0.651375033383697 ], [ 36.418976907556527, -0.651567953670082 ], [ 36.418843392725122, -0.651809059119649 ], [ 36.418759467771515, -0.652122532083917 ], [ 36.418820502312741, -0.652327452856633 ], [ 36.419095161061229, -0.652568559405698 ], [ 36.419179083634944, -0.652773540643933 ], [ 36.419060826472233, -0.653147259763824 ], [ 36.418961643240387, -0.653557162121353 ], [ 36.418892978244443, -0.653894697179772 ], [ 36.418886285074024, -0.653955147779154 ], [ 36.41886627456465, -0.654135863318672 ], [ 36.41897689972749, -0.654509582046116 ], [ 36.419034119359722, -0.654678380023415 ], [ 36.419369813228101, -0.654907425000345 ], [ 36.419549104579609, -0.654871241290017 ], [ 36.419716951427731, -0.654642198676849 ], [ 36.419922945977348, -0.654545768789102 ], [ 36.42024338052952, -0.654509585458865 ], [ 36.420506596320799, -0.654352850078131 ], [ 36.420868993541582, -0.654087622787923 ], [ 36.420964361286188, -0.65385857897174 ], [ 36.420964361991452, -0.653593351711455 ], [ 36.420998694713475, -0.65334018527003 ], [ 36.421143654432441, -0.653147265375991 ], [ 36.421250466193236, -0.652918221589488 ], [ 36.421273356251533, -0.652532441485439 ], [ 36.421143656740732, -0.652279214196483 ], [ 36.420880443200545, -0.651965800701654 ], [ 36.420746928844778, -0.651652328158103 ], [ 36.420640118623119, -0.651302730889381 ], [ 36.420495160315539, -0.650965134846464 ], [ 36.4204722731169, -0.650651721996818 ], [ 36.420483717774722, -0.650410556819147 ], [ 36.420521865791009, -0.650048899211714 ], [ 36.420472275394324, -0.649795732539383 ], [ 36.420243393551118, -0.649614872361347 ], [ 36.419873368347474, -0.649494319464557 ], [ 36.419560563257164, -0.649361703981312 ], [ 36.419396531570143, -0.649156782927701 ], [ 36.419381272965815, -0.649000045785546 ], [ 36.419369830586525, -0.648385161096701 ], [ 36.419274462964957, -0.648192300954147 ], [ 36.419183510024709, -0.648121470615812 ], [ 36.419011249138023, -0.647987319227344 ], [ 36.418854847686994, -0.647698028473399 ], [ 36.418881550431067, -0.647432800269665 ], [ 36.419034139353457, -0.647167513007514 ], [ 36.41911806774236, -0.645564084855295 ], [ 36.419201991984572, -0.645142181109814 ], [ 36.419251583985947, -0.644792524852949 ], [ 36.419251584628107, -0.644551419034493 ], [ 36.41914477370198, -0.644467050032393 ], [ 36.418809079709774, -0.644286190567123 ], [ 36.418652678067041, -0.644069206787335 ], [ 36.418664123079026, -0.643695427964047 ], [ 36.418961671811381, -0.642827437948025 ], [ 36.419011263716477, -0.642513964876027 ], [ 36.419011264647899, -0.642164368884859 ], [ 36.418927341915108, -0.642019693285799 ], [ 36.418797642021438, -0.641911201759028 ], [ 36.418530613030669, -0.641766525665501 ], [ 36.418267399206066, -0.64156154292429 ], [ 36.41814914468214, -0.641320437789219 ], [ 36.418149145292674, -0.641091393700536 ], [ 36.418351324898744, -0.640970841334855 ], [ 36.418530615376277, -0.640886412699101 ], [ 36.418698462676929, -0.640862290690355 ], [ 36.418854865897167, -0.640862291112542 ], [ 36.419106636058821, -0.640934660184409 ], [ 36.419419440953327, -0.641139581648746 ], [ 36.419644507884826, -0.64128425762927 ], [ 36.419789466024746, -0.64130838048219 ], [ 36.420197639631645, -0.641296320855862 ], [ 36.420483742130905, -0.641260137431569 ], [ 36.420617257190401, -0.641308382715268 ], [ 36.420674476693058, -0.641525425627871 ], [ 36.420674476340118, -0.641657979868902 ], [ 36.420773658094568, -0.641802655509168 ], [ 36.420937689715686, -0.642031759436694 ], [ 36.421071204197709, -0.642296988079894 ], [ 36.421227605808447, -0.642526032588575 ], [ 36.421513709211617, -0.64252603335992 ], [ 36.42178836763069, -0.64251397236612 ], [ 36.421967659139959, -0.642417543407227 ], [ 36.422135505889791, -0.642224623564062 ], [ 36.422246132751319, -0.641959395579053 ], [ 36.422162210435218, -0.641657983880109 ], [ 36.421921884770597, -0.64140481668259 ], [ 36.421670114608538, -0.641332508016108 ], [ 36.421395456478592, -0.641236077832815 ], [ 36.4212276097238, -0.64105521781103 ], [ 36.421021617172073, -0.640777928243101 ], [ 36.42089191763155, -0.640536823076624 ], [ 36.420926250995954, -0.640042550793924 ], [ 36.420880475605905, -0.639789324720939 ], [ 36.420746961124472, -0.639524096074142 ], [ 36.420590559546675, -0.639282990833962 ], [ 36.420590560317336, -0.638993640084538 ], [ 36.420590560991648, -0.638740473531196 ], [ 36.420521896248431, -0.638607859705277 ], [ 36.420422714815572, -0.638342631149368 ], [ 36.420411271409627, -0.638113587026475 ], [ 36.420544786303722, -0.637848360104474 ], [ 36.420888109856769, -0.637821717695274 ], [ 36.421857043145884, -0.638224122764205 ], [ 36.422543688427112, -0.63885647118565 ], [ 36.423173111558327, -0.639891220895176 ], [ 36.424542586273702, -0.641098431934462 ], [ 36.425740399139819, -0.642535645002937 ], [ 36.426713150341449, -0.641845815286805 ], [ 36.427796529528791, -0.640466094129186 ], [ 36.429051569953735, -0.639086432820275 ], [ 36.430310423702629, -0.638339118081331 ], [ 36.430958924540754, -0.637988922803223 ], [ 36.430829221378715, -0.639112540314248 ], [ 36.430466819325758, -0.641202978535559 ], [ 36.430520220342544, -0.643110518632121 ], [ 36.430676621384862, -0.643554745440141 ], [ 36.432465710742854, -0.645880354440374 ], [ 36.433194316656731, -0.647056239035882 ], [ 36.435372494801271, -0.653458196502548 ], [ 36.43568529810382, -0.654268222119784 ], [ 36.435569419459142, -0.658991550636067 ], [ 36.435372458977938, -0.667019856991299 ], [ 36.435357189934074, -0.670817234826562 ], [ 36.435292330763538, -0.674257874719431 ], [ 36.435402956777729, -0.674312906352957 ], [ 36.440930454499686, -0.677062583229841 ], [ 36.445660679151921, -0.679410701200337 ], [ 36.445992556524438, -0.680213285943371 ], [ 36.446572386738552, -0.68197537247303 ], [ 36.447392543996678, -0.683473131424926 ], [ 36.447537501282419, -0.683825548601147 ], [ 36.447609980270883, -0.684251413182401 ], [ 36.447739678534852, -0.684603830316561 ], [ 36.447812157947084, -0.684868098300949 ], [ 36.44796092819913, -0.685998796656836 ], [ 36.448235584442685, -0.686821063956559 ], [ 36.448456836071131, -0.687085391729992 ], [ 36.449299884178721, -0.687511258347575 ], [ 36.449608874896576, -0.687790228353603 ], [ 36.449959827252073, -0.687848975482165 ], [ 36.450306965563705, -0.687922364601723 ], [ 36.450760914761204, -0.688098603391742 ], [ 36.451096608017792, -0.688186693879354 ], [ 36.451283528519568, -0.688098604776929 ], [ 36.451474264103709, -0.687981113893631 ], [ 36.451649740511982, -0.687922368160862 ], [ 36.451825216689684, -0.687951771423461 ], [ 36.452115133572519, -0.688157353178216 ], [ 36.452378347877698, -0.688186697275537 ], [ 36.452599601659337, -0.688010519672759 ], [ 36.452832298380869, -0.687863684493432 ], [ 36.45309551306984, -0.687746192794888 ], [ 36.453343469275843, -0.687804939649306 ], [ 36.453560906284117, -0.687922373223093 ], [ 36.45379360385185, -0.68783428424128 ], [ 36.453999598495905, -0.687702151396465 ], [ 36.454217035811155, -0.687702151972056 ], [ 36.45467098500896, -0.687878331362607 ], [ 36.455121120584749, -0.687907735351454 ], [ 36.455498776132281, -0.687907736350634 ], [ 36.455864986893218, -0.687819647721549 ], [ 36.456418120423471, -0.687540620601101 ], [ 36.456681335188257, -0.687393785501294 ], [ 36.456929291122478, -0.68717350377087 ], [ 36.456959809895004, -0.6868945346647 ], [ 36.457074251558986, -0.686703654371756 ], [ 36.457482424341691, -0.686630207853893 ], [ 36.458096591843827, -0.686395285089024 ], [ 36.458649724333945, -0.686130959364337 ], [ 36.459145636242908, -0.686057572474945 ], [ 36.459542366084904, -0.68595478252543 ], [ 36.459862800816438, -0.68585199338086 ], [ 36.460183236471337, -0.685778545623093 ], [ 36.460782143724877, -0.686013531997825 ], [ 36.461365793033266, -0.686219055129301 ], [ 36.461785410410457, -0.686307205232842 ], [ 36.462021921714317, -0.686321847858346 ], [ 36.462269876805166, -0.68642463950996 ], [ 36.462575052481583, -0.686718310901105 ], [ 36.462853524737085, -0.687158877414671 ], [ 36.465813734630089, -0.686923900426139 ], [ 36.47261153612758, -0.686277830939912 ], [ 36.477983818201523, -0.685765995140883 ], [ 36.478245853643777, -0.685741029725326 ], [ 36.477822432728232, -0.68160951667069 ], [ 36.477799545273591, -0.681386192862378 ], [ 36.477605000207554, -0.679373041941487 ], [ 36.477547782886084, -0.67830727036508 ], [ 36.477708015380088, -0.672415793812468 ], [ 36.477784314208151, -0.670595023147978 ], [ 36.477856795153286, -0.669884489557006 ], [ 36.478017015259177, -0.668774313280456 ], [ 36.478341269864607, -0.667175626695444 ], [ 36.478608302889427, -0.665769380000875 ], [ 36.478753262937204, -0.665058846581816 ], [ 36.478943999665923, -0.664496348119232 ], [ 36.479340730991161, -0.663430517244277 ], [ 36.485150545771774, -0.654711739904356 ], [ 36.485280252046422, -0.652358113624196 ], [ 36.485326029107014, -0.651973232601591 ], [ 36.48547480461847, -0.651469960413083 ], [ 36.487274110203344, -0.648353346487405 ], [ 36.488106961099184, -0.646910749823617 ], [ 36.488221403331316, -0.646496226562346 ], [ 36.488251921484583, -0.646066941273955 ], [ 36.488179443647276, -0.645578490700786 ], [ 36.48800396859005, -0.645119621859998 ], [ 36.487664461342838, -0.644645931384031 ], [ 36.486562014719929, -0.643520930444795 ], [ 36.486165287126198, -0.643150810050122 ], [ 36.48589825928839, -0.642558727310905 ], [ 36.485589270162471, -0.642055453896434 ], [ 36.485224615785533, -0.641619310664578 ], [ 36.485032325114247, -0.641389322761747 ], [ 36.484841590923601, -0.640974798687434 ], [ 36.484780556644623, -0.640663965999036 ], [ 36.484692819290295, -0.64036789504687 ], [ 36.484254131099142, -0.639435335901503 ], [ 36.484177837645895, -0.63918366919311 ], [ 36.484105358658546, -0.638754444021788 ], [ 36.484177839335189, -0.638532360714785 ], [ 36.484254134132108, -0.63826593360586 ], [ 36.484486831529864, -0.637851470034501 ], [ 36.48481108197759, -0.637466590720994 ], [ 36.485207812295272, -0.637170521036327 ], [ 36.485501544932582, -0.637081712368547 ], [ 36.486119526019053, -0.636992904551949 ], [ 36.486371297406244, -0.636978084008312 ], [ 36.48663451203943, -0.636874454055325 ], [ 36.486768026684615, -0.636696835527018 ], [ 36.486840506168662, -0.636548799850056 ], [ 36.486840506974161, -0.636237967315024 ], [ 36.486840507971593, -0.635853087146787 ], [ 36.48684050885398, -0.635512611194385 ], [ 36.486928247819293, -0.635186957683249 ], [ 36.487061763924558, -0.634831720272981 ], [ 36.487309720303223, -0.634432019548075 ], [ 36.48760345359144, -0.634091544364218 ], [ 36.488179474844571, -0.63352904682193 ], [ 36.488560946291592, -0.633173811065965 ], [ 36.488885196160993, -0.633010954841953 ], [ 36.489281926134069, -0.632846658164999 ], [ 36.489468846913333, -0.632645337120559 ], [ 36.49009446108758, -0.631366425419824 ], [ 36.490399639715768, -0.630513736782168 ], [ 36.490485113621375, -0.630209402959293 ], [ 36.490529341090024, -0.63005192802256 ], [ 36.490620894503778, -0.629554535987184 ], [ 36.490659050094052, -0.626257490411351 ], [ 36.500886270586498, -0.625299216820489 ], [ 36.506993610549323, -0.62467330713281 ], [ 36.508199061885669, -0.622460637778315 ], [ 36.511006698494995, -0.616318340527559 ], [ 36.512631771789728, -0.612390152275344 ], [ 36.512822507630418, -0.612163269116455 ], [ 36.512898801281729, -0.612339088165896 ], [ 36.512971281074371, -0.612457900629383 ], [ 36.513059018835392, -0.612597055293626 ], [ 36.513059018458478, -0.612743771343375 ], [ 36.513047572983631, -0.612922589238374 ], [ 36.513169643927746, -0.613008579130556 ], [ 36.513242122679202, -0.613143473236697 ], [ 36.51322304928992, -0.613284968289881 ], [ 36.51320778981308, -0.613462587148717 ], [ 36.513203974506908, -0.613579779570539 ], [ 36.513261195348157, -0.61367170905166 ], [ 36.513314600194988, -0.613759438409163 ], [ 36.51329934188157, -0.613873450513721 ], [ 36.513284082526638, -0.614003603658753 ], [ 36.513223047112817, -0.61413255665212 ], [ 36.512967461972046, -0.614052747788385 ], [ 36.512864464848732, -0.61404650674753 ], [ 36.5127767265218, -0.614127575154858 ], [ 36.512742394210058, -0.614230846314997 ], [ 36.512734763851626, -0.614366340228102 ], [ 36.512704246547692, -0.614468591571831 ], [ 36.512662284245629, -0.61456406048755 ], [ 36.512620321940297, -0.614660790846715 ], [ 36.512677542681125, -0.614791845210893 ], [ 36.512784353641656, -0.614863493063998 ], [ 36.512948385803007, -0.614887135740868 ], [ 36.513100973742766, -0.61499100740312 ], [ 36.513207785663944, -0.615078016074122 ], [ 36.513284079536085, -0.615168025753572 ], [ 36.513352743306953, -0.615293439390565 ], [ 36.513322225997229, -0.615397969990087 ], [ 36.513295522641599, -0.615522363552665 ], [ 36.51322304313765, -0.615680359918124 ], [ 36.513318410075954, -0.61575470781399 ], [ 36.513413776730218, -0.615939646955027 ], [ 36.513436665233073, -0.61614534888479 ], [ 36.513497700020118, -0.616260500814485 ], [ 36.513474811508225, -0.616447781321461 ], [ 36.51332222317432, -0.616497285283147 ], [ 36.513223040850619, -0.616570973258877 ], [ 36.51325355737152, -0.616773674120027 ], [ 36.513406145231421, -0.616908809042438 ], [ 36.513394700916244, -0.617025521228041 ], [ 36.513306962450315, -0.617160655525262 ], [ 36.513242112592572, -0.617071005282245 ], [ 36.513154374779603, -0.616951833376224 ], [ 36.513051377766146, -0.616902687148919 ], [ 36.512963639409875, -0.616995096465736 ], [ 36.512856827986369, -0.617103588382397 ], [ 36.512887344732412, -0.617218620430324 ], [ 36.512959823532235, -0.617334852619749 ], [ 36.513112411225784, -0.617534794327077 ], [ 36.513118097182257, -0.61755476098894 ], [ 36.513142928992025, -0.617641965759548 ], [ 36.513181075713916, -0.617770438794306 ], [ 36.513223037428332, -0.617903832777247 ], [ 36.513131483846728, -0.618081991045508 ], [ 36.513020857650183, -0.618100052655372 ], [ 36.512940748386107, -0.618160539316671 ], [ 36.512818678203487, -0.618167139177592 ], [ 36.512818677883615, -0.618291713014112 ], [ 36.512784344531447, -0.618410705402344 ], [ 36.512757641235275, -0.618511935921026 ], [ 36.512685161816336, -0.618636748165866 ], [ 36.512658458410847, -0.618780523458305 ], [ 36.512654644111272, -0.618895196010239 ], [ 36.512715678799864, -0.619048751996269 ], [ 36.512772898582377, -0.619163723708198 ], [ 36.512887339319768, -0.619326581090873 ], [ 36.512990336296241, -0.619390248515287 ], [ 36.513150553382005, -0.619441613742583 ], [ 36.513203959087086, -0.619584789226493 ], [ 36.513223032984243, -0.619634925865616 ], [ 36.513242105881524, -0.619685059484551 ], [ 36.513272623150392, -0.619986051253074 ], [ 36.513394692843441, -0.62017027164805 ], [ 36.513474801652812, -0.620286984069825 ], [ 36.513497689305545, -0.620434418984789 ], [ 36.513417579818366, -0.620581794234249 ], [ 36.513448097544774, -0.620704567093268 ], [ 36.513451911123866, -0.620870604474223 ], [ 36.513455725861377, -0.620974895556312 ], [ 36.513352728398942, -0.62110048894955 ], [ 36.513223029093105, -0.62115089400077 ], [ 36.513116216719723, -0.621239762566471 ], [ 36.513093328358799, -0.621368236446879 ], [ 36.513070440044395, -0.621478588025675 ], [ 36.51316199186963, -0.621595240072128 ], [ 36.513235665782524, -0.621668250960381 ], [ 36.513261174752401, -0.621693531239684 ], [ 36.513303135449434, -0.621833825406278 ], [ 36.513326023020909, -0.622012944397244 ], [ 36.513322208701474, -0.622135417157983 ], [ 36.513314578359193, -0.622264730697492 ], [ 36.513280679060564, -0.622363140313946 ], [ 36.513272616989518, -0.622386543945139 ], [ 36.513200136525498, -0.6225288784729 ], [ 36.513173433079388, -0.622688555198591 ], [ 36.513280245114004, -0.622731759663007 ], [ 36.513306184084918, -0.622756870811212 ], [ 36.513371798011327, -0.622820389139858 ], [ 36.513459535602266, -0.623026391239128 ], [ 36.513512941416991, -0.623126961543091 ], [ 36.513638826562811, -0.623136982946187 ], [ 36.513760896761063, -0.623124562122672 ], [ 36.513844820143078, -0.623020211872127 ], [ 36.513867708583881, -0.622860535136805 ], [ 36.514027927040132, -0.622767765598408 ], [ 36.514127109065605, -0.622810489828531 ], [ 36.514191958931086, -0.622897379591564 ], [ 36.514279695727446, -0.623413253815601 ], [ 36.514405579937915, -0.623787993454678 ], [ 36.514516205301341, -0.624095045991164 ], [ 36.514554352067599, -0.624206477957462 ], [ 36.514596313811857, -0.624328531025742 ], [ 36.514676421558882, -0.624469785717987 ], [ 36.514729827150447, -0.624657485218661 ], [ 36.514752714907026, -0.624764597229732 ], [ 36.514756529614402, -0.624880768831772 ], [ 36.514760344288057, -0.625010082399171 ], [ 36.514764157944178, -0.625146236755145 ], [ 36.514767972416166, -0.625354218888553 ], [ 36.514798490190159, -0.625458629839441 ], [ 36.514924374905242, -0.625636788665799 ], [ 36.515023556741454, -0.625753501133553 ], [ 36.515076961531193, -0.625863972709895 ], [ 36.515118923210437, -0.626011469081096 ], [ 36.515229549156906, -0.626091277562229 ], [ 36.515347805113826, -0.626171086063177 ], [ 36.515462246081128, -0.626244833987868 ], [ 36.515584315917359, -0.626373787448908 ], [ 36.515679683921491, -0.626422993051026 ], [ 36.515828457345165, -0.626336944470906 ], [ 36.515893307685417, -0.626238714136155 ], [ 36.516061154056302, -0.626183389253297 ], [ 36.516278592353068, -0.62618344921514 ], [ 36.516408292231162, -0.626300162768274 ], [ 36.516438808683901, -0.626530046567315 ], [ 36.516572323888703, -0.626521286274642 ], [ 36.516686765343891, -0.626404574361876 ], [ 36.516774503285397, -0.626474181501267 ], [ 36.516824094091078, -0.626576492444265 ], [ 36.516991940099913, -0.626662541845774 ], [ 36.517110196072714, -0.62673622937563 ], [ 36.517152157783954, -0.626871364003082 ], [ 36.517129269438129, -0.626994197123593 ], [ 36.517121639066019, -0.627135451586021 ], [ 36.517114009678238, -0.627282827018849 ], [ 36.517133082326758, -0.627430262925139 ], [ 36.517201747216085, -0.627510131700842 ], [ 36.517365779424544, -0.627516252089999 ], [ 36.517518367743186, -0.627473228506247 ], [ 36.517632809339666, -0.627301310070932 ], [ 36.517663326711798, -0.627172237204742 ], [ 36.517621365984454, -0.627043343349909 ], [ 36.517510739069344, -0.626951173126592 ], [ 36.517384854400575, -0.626754652397102 ], [ 36.51764425524226, -0.626564253637194 ], [ 36.517751066309465, -0.626594976555194 ], [ 36.517899839163228, -0.626731431293932 ], [ 36.517995207061077, -0.626822221239153 ], [ 36.518147795049472, -0.626908150798817 ], [ 36.518323271131713, -0.626969657946804 ], [ 36.51849493233658, -0.626981179508006 ], [ 36.518658964542901, -0.626988080119349 ], [ 36.51880392366207, -0.627018863540373 ], [ 36.518891661546341, -0.627110913902297 ], [ 36.519006102388332, -0.627233747378536 ], [ 36.519116728539451, -0.627233747665208 ], [ 36.519307463925642, -0.627184602202694 ], [ 36.519421905113532, -0.627172241763094 ], [ 36.51954779028523, -0.627172301486846 ], [ 36.519635527980789, -0.627338159880012 ], [ 36.519677488786847, -0.627436389484382 ], [ 36.519849150958528, -0.627460933208628 ], [ 36.519910186261662, -0.627375004202976 ], [ 36.519921630732902, -0.627196845734923 ], [ 36.520074219333807, -0.62704334970713 ], [ 36.520013184511065, -0.626941458545029 ], [ 36.520001740784743, -0.626828347409917 ], [ 36.520024629067208, -0.62673011696652 ], [ 36.520104737459562, -0.626619465530812 ], [ 36.520226808814392, -0.626545838021463 ], [ 36.520337435012671, -0.626527356601312 ], [ 36.520520540011148, -0.626625646975934 ], [ 36.520634981041681, -0.626674792222487 ], [ 36.520741792878994, -0.626795405820453 ], [ 36.52102026545785, -0.627108819359724 ], [ 36.521050782146972, -0.627246713427407 ], [ 36.521092743687483, -0.627448874694553 ], [ 36.521119446425914, -0.627565467170708 ], [ 36.521161408216479, -0.627669818752136 ], [ 36.521161407572755, -0.627921664471864 ], [ 36.52115377713578, -0.628088542443452 ], [ 36.52114996170922, -0.628253379765708 ], [ 36.521134703139033, -0.628468322436471 ], [ 36.521081296501016, -0.628689384972011 ], [ 36.520951596072521, -0.628787674535434 ], [ 36.52080663785874, -0.628793795130639 ], [ 36.520459499525501, -0.628738528311658 ], [ 36.520127621056211, -0.628744648422698 ], [ 36.519669856351719, -0.628775430282004 ], [ 36.519555415132473, -0.628799972258245 ], [ 36.519456232839829, -0.628861358891816 ], [ 36.519292200364127, -0.628959648366076 ], [ 36.519151056026537, -0.629016174357132 ], [ 36.519002282669135, -0.629076359823006 ], [ 36.518956506040851, -0.629297483788689 ], [ 36.518895469674632, -0.629408014463671 ], [ 36.518849693302727, -0.629528927672854 ], [ 36.518903099153277, -0.629615876800247 ], [ 36.518975577951366, -0.629733609021908 ], [ 36.51905568677828, -0.629844141069084 ], [ 36.51910909115346, -0.63011698950434 ], [ 36.519124349536817, -0.630366255996464 ], [ 36.519124348924166, -0.630605801381289 ], [ 36.518903097045367, -0.63043994264495 ], [ 36.518761952993664, -0.630384616962051 ], [ 36.518536885811272, -0.630335471429644 ], [ 36.518365223654627, -0.630304807741963 ], [ 36.518170674545473, -0.630243360950073 ], [ 36.518060048394013, -0.630243360663351 ], [ 36.517937977148222, -0.630274082987467 ], [ 36.517796833844905, -0.630317107607219 ], [ 36.517609912604904, -0.630310866350422 ], [ 36.517396289343544, -0.630298684260075 ], [ 36.517163593040827, -0.630292442884502 ], [ 36.516976672784793, -0.630292442399847 ], [ 36.516924496624227, -0.630327253270295 ], [ 36.516866045444367, -0.630366250143394 ], [ 36.516817418236833, -0.630421296467948 ], [ 36.516790417121598, -0.6304518619872 ], [ 36.516763049004773, -0.63048284228173 ], [ 36.516747789716433, -0.630587312508599 ], [ 36.516782121512556, -0.630685303494715 ], [ 36.516923264428677, -0.63118425556762 ], [ 36.51704533274296, -0.631908231776363 ], [ 36.517110181815674, -0.632305293653685 ], [ 36.517194103638666, -0.632810187344872 ], [ 36.517205547726796, -0.633172684727637 ], [ 36.517209361342736, -0.633324800917348 ], [ 36.517133066899113, -0.633457235160903 ], [ 36.517102549466145, -0.633610071079473 ], [ 36.517079660056453, -0.633757866277814 ], [ 36.517091104785031, -0.633870078391524 ], [ 36.51713306546467, -0.634017813353431 ], [ 36.51720935919144, -0.634165549411028 ], [ 36.517293282967927, -0.634297983062425 ], [ 36.51741535279524, -0.634431017835566 ], [ 36.517514534826503, -0.634472061815816 ], [ 36.517648048868601, -0.634527328080273 ], [ 36.51781971103923, -0.634552831225557 ], [ 36.518029519197341, -0.634603717368248 ], [ 36.518046018197957, -0.63461233811302 ], [ 36.518105610200251, -0.634643476690173 ], [ 36.51820499520398, -0.634695407541343 ], [ 36.518330880025076, -0.63483300184267 ], [ 36.518426247752132, -0.634990998627945 ], [ 36.518590279677731, -0.635108251875849 ], [ 36.518742867639986, -0.635205042126628 ], [ 36.518922157652, -0.635296732309174 ], [ 36.519120522651029, -0.635403784364175 ], [ 36.51930362768136, -0.635490373412221 ], [ 36.519437141503879, -0.635631629240579 ], [ 36.519517250401925, -0.63571461792487 ], [ 36.519631691273403, -0.635826469891519 ], [ 36.51994068094249, -0.636122241409173 ], [ 36.520127602095563, -0.636162926210094 ], [ 36.52023822828658, -0.636147685481831 ], [ 36.520383186485958, -0.636147685856929 ], [ 36.520509071607229, -0.636167967937014 ], [ 36.520684547639931, -0.636249637033486 ], [ 36.520840950516295, -0.636382251076734 ], [ 36.520943947437097, -0.636468720114792 ], [ 36.521050758307524, -0.636576971964081 ], [ 36.521188087137318, -0.636717567380677 ], [ 36.521554297689185, -0.63709038776314 ], [ 36.521695441469888, -0.637252344167 ], [ 36.521786994273576, -0.637378598474369 ], [ 36.521893805010855, -0.637539115153084 ], [ 36.522031134680425, -0.637742596490092 ], [ 36.522118872424102, -0.637890332573648 ], [ 36.522126501096473, -0.638022826428934 ], [ 36.522153203534984, -0.638257211331498 ], [ 36.522324864381211, -0.638410107166453 ], [ 36.522466008419677, -0.638471194410653 ], [ 36.522630040580438, -0.638496697534554 ], [ 36.522729222821191, -0.63845589367227 ], [ 36.522862738251781, -0.638359163560931 ], [ 36.523064917751391, -0.63827245470219 ], [ 36.523179358051998, -0.63821634946058 ], [ 36.523408240951817, -0.637987125760085 ], [ 36.523595161377884, -0.63792093922621 ], [ 36.523763008660886, -0.637900538103824 ], [ 36.523885078828862, -0.637900538419162 ], [ 36.524010963963057, -0.63791584016301 ], [ 36.524102516907256, -0.637987127553605 ], [ 36.524167366775686, -0.638073717300601 ], [ 36.524197884453926, -0.638216352091753 ], [ 36.524197884102932, -0.638354006468636 ], [ 36.524213141760121, -0.63849670162454 ], [ 36.52431613856745, -0.638627875891405 ], [ 36.524483985392521, -0.638787132289574 ], [ 36.52457935232237, -0.638866161508705 ], [ 36.524678534257291, -0.638945250135276 ], [ 36.524792975195076, -0.639031479597388 ], [ 36.524918860203371, -0.639096226296001 ], [ 36.525071448248767, -0.639160853261607 ], [ 36.525235480273288, -0.639239882657746 ], [ 36.52535373617981, -0.639340453119537 ], [ 36.525498694050086, -0.639469706636878 ], [ 36.525597875911785, -0.639577598051631 ], [ 36.5256398377132, -0.639678228720527 ], [ 36.525632208354885, -0.639814743448624 ], [ 36.52561313388901, -0.639987261129393 ], [ 36.525597874337144, -0.640195603609417 ], [ 36.525571171897383, -0.640353780280226 ], [ 36.525540653415902, -0.64052623752668 ], [ 36.525498690991881, -0.640669952359287 ], [ 36.525433841627752, -0.640777783952462 ], [ 36.525391879295285, -0.640885555200342 ], [ 36.52534228789726, -0.641014929023114 ], [ 36.525311769544096, -0.6411370412903 ], [ 36.525300325235179, -0.641252073214796 ], [ 36.525300324960746, -0.641359784166328 ], [ 36.525376618589505, -0.641546824294607 ], [ 36.525433839265915, -0.64170482097471 ], [ 36.525498687915878, -0.641877338870333 ], [ 36.525533020487394, -0.642064139286074 ], [ 36.525605499074942, -0.642265340187297 ], [ 36.525655089905243, -0.642358830078375 ], [ 36.525685607654687, -0.64247374230851 ], [ 36.525719939427582, -0.642581513752284 ], [ 36.525769530257932, -0.642675003643177 ], [ 36.525883970940022, -0.642861863662262 ], [ 36.525925931723535, -0.642969635125486 ], [ 36.525975523389334, -0.643127751586514 ], [ 36.52597552285863, -0.643336153500011 ], [ 36.525918301413398, -0.643479928695565 ], [ 36.525883969036677, -0.643609242151675 ], [ 36.525861080748797, -0.643709872651182 ], [ 36.525826747353513, -0.64384644670505 ], [ 36.525800044060567, -0.643947016790279 ], [ 36.525746638767266, -0.644033186419326 ], [ 36.525735194275612, -0.644220045105609 ], [ 36.525861079083668, -0.644363761375189 ], [ 36.525990778041461, -0.644450770089465 ], [ 36.52607470201275, -0.644507596666004 ], [ 36.526185327763329, -0.644665652878838 ], [ 36.526242547586243, -0.644766283584299 ], [ 36.526292138325466, -0.64489565766028 ], [ 36.526196770681516, -0.645096798728083 ], [ 36.526185326207973, -0.645276577021661 ], [ 36.526322655106199, -0.64539118951728 ], [ 36.526433281020637, -0.645484920174606 ], [ 36.526597313046352, -0.645564008965149 ], [ 36.526711754058546, -0.645621434629354 ], [ 36.526833824026305, -0.645700463914105 ], [ 36.526963524022833, -0.645772351415671 ], [ 36.52701692958474, -0.645973552263661 ], [ 36.52706270541016, -0.646067042142901 ], [ 36.527097038055388, -0.646225159568617 ], [ 36.527062704550659, -0.646404818000247 ], [ 36.526967337144413, -0.646512589107394 ], [ 36.527047444798164, -0.646692247833628 ], [ 36.527226735991547, -0.646713850889677 ], [ 36.527375509197519, -0.646713851273062 ], [ 36.527531912286342, -0.646764076851435 ], [ 36.5275128389491, -0.646886249548736 ], [ 36.527447988639906, -0.64697247854468 ], [ 36.527409841184834, -0.647130594776063 ], [ 36.527409840618184, -0.647353338681279 ], [ 36.527409840325404, -0.647468430029048 ], [ 36.527406025009519, -0.647590543367649 ], [ 36.527352618533584, -0.647748539757391 ], [ 36.527238177039905, -0.647880253068776 ], [ 36.52716951274931, -0.647957060995883 ], [ 36.527112291286024, -0.648107976983916 ], [ 36.527154252996937, -0.648244490826928 ], [ 36.527241990752948, -0.648388205988054 ], [ 36.527188584294926, -0.648539182389847 ], [ 36.527070328875027, -0.64863975223676 ], [ 36.526932999337141, -0.64877632602173 ], [ 36.52689103685681, -0.648942243458167 ], [ 36.526860518505167, -0.649063816108459 ], [ 36.526906295203084, -0.649207531160882 ], [ 36.527013105930756, -0.649372848964091 ], [ 36.526982588449698, -0.649545307209165 ], [ 36.526955885028904, -0.649696162870257 ], [ 36.527062695848045, -0.649825536083438 ], [ 36.527169507758408, -0.649919086522287 ], [ 36.527261059757762, -0.649969311932642 ], [ 36.52731828032563, -0.650170453388327 ], [ 36.527291576941096, -0.650307087861643 ], [ 36.527241985433406, -0.650479605454282 ], [ 36.527234356130585, -0.650594517581015 ], [ 36.527228715913338, -0.650676867764616 ], [ 36.527219096542765, -0.650817320840429 ], [ 36.527226725166081, -0.650969616224924 ], [ 36.527234354595379, -0.65119818110697 ], [ 36.527082683119595, -0.651302399286523 ], [ 36.527023842934973, -0.651342829750791 ], [ 36.526910103578054, -0.651420983569752 ], [ 36.522084495866501, -0.654953120971923 ], [ 36.523307199495598, -0.657339845201137 ], [ 36.523356477319581, -0.657436036163084 ], [ 36.523448902989493, -0.65761645197828 ], [ 36.531628834947682, -0.673583715966894 ], [ 36.533887128686082, -0.677716354320197 ], [ 36.539662559352273, -0.689027852693914 ], [ 36.540009697449662, -0.689185969872639 ], [ 36.545037451129161, -0.698937961673571 ], [ 36.543552134746363, -0.699832696445208 ], [ 36.543478772529774, -0.699876889043961 ], [ 36.529248372370098, -0.708449095163869 ], [ 36.521630398949704, -0.712929983424264 ], [ 36.523269720500863, -0.71602852410655 ], [ 36.525071244527858, -0.719433652117742 ], [ 36.525857070074188, -0.720860843245621 ], [ 36.526593303807822, -0.722186143282892 ], [ 36.527604195596886, -0.72404669944125 ], [ 36.528504461731224, -0.725707675522223 ], [ 36.528794377755204, -0.726263994658889 ], [ 36.530011262087733, -0.728430403333403 ], [ 36.530388915397694, -0.729322397322201 ], [ 36.530896268771542, -0.730265397010399 ], [ 36.531224331202814, -0.73108088280206 ], [ 36.531445581363513, -0.731941493333895 ], [ 36.531628685759095, -0.732686591655006 ], [ 36.532010153117056, -0.733960945718214 ], [ 36.532272931996737, -0.734958557269914 ], [ 36.532454418532865, -0.735647549059642 ], [ 36.532710514467816, -0.736619785753732 ], [ 36.53326637998827, -0.738730061927446 ], [ 36.533883154022234, -0.741071571836291 ], [ 36.536881482795891, -0.752114890110041 ], [ 36.537659676202679, -0.754414692088729 ], [ 36.538098363675999, -0.75568700546488 ], [ 36.539288539894805, -0.760312411044579 ], [ 36.539792074952295, -0.762593249293502 ], [ 36.540505418515963, -0.764799861263539 ], [ 36.541077619115427, -0.76690848202449 ], [ 36.541317943056946, -0.767878783535882 ], [ 36.541512490052519, -0.768799940015328 ], [ 36.541806219574568, -0.769971382818264 ], [ 36.543057429208773, -0.775291539837581 ], [ 36.543824177151144, -0.778191762824018 ], [ 36.544430709355822, -0.780489344123671 ], [ 36.544800732318535, -0.781936815371169 ], [ 36.546040499676671, -0.786174278971802 ], [ 36.546456298673192, -0.787639212144422 ], [ 36.547589252069486, -0.793012173650219 ], [ 36.549267706208731, -0.799240644798882 ], [ 36.549767426437931, -0.80147767930663 ], [ 36.550248074944811, -0.803188397393107 ], [ 36.550946158263429, -0.806324505315479 ], [ 36.553383728932332, -0.816084045001928 ], [ 36.554428947606525, -0.82011946601476 ], [ 36.555172807318364, -0.823141861694446 ], [ 36.556588048321274, -0.828913863102753 ], [ 36.558045250966451, -0.834462462326184 ], [ 36.559765666900319, -0.840888352987245 ], [ 36.559941141994081, -0.841370922868162 ], [ 36.560181467568178, -0.841699938293281 ], [ 36.560551493025983, -0.84216042687986 ], [ 36.561032143229411, -0.842796433334202 ], [ 36.562359655607786, -0.844726416380196 ], [ 36.562447393048515, -0.845011506464991 ], [ 36.562302434110826, -0.845299715850082 ], [ 36.561337310352719, -0.846612469617355 ], [ 36.561212031692278, -0.846800249961945 ], [ 36.560888826988226, -0.847284700175596 ], [ 36.560827284663681, -0.847376945341549 ], [ 36.560356928183097, -0.848081959232856 ], [ 36.555718232690253, -0.854625504945964 ], [ 36.553623952959967, -0.857621970368124 ], [ 36.55318144539261, -0.858376546954509 ], [ 36.553539627660761, -0.86175703224222 ], [ 36.553951997766291, -0.865648942046751 ], [ 36.55460430035567, -0.870320366841776 ], [ 36.554623373974884, -0.870488143648719 ], [ 36.554951431225831, -0.873456531834449 ], [ 36.555432077989337, -0.875911146187912 ], [ 36.555409189571137, -0.876066502769227 ], [ 36.555363954138379, -0.876213003029226 ], [ 36.555306461588259, -0.876399199906346 ], [ 36.555090604522647, -0.877098277559735 ], [ 36.553993923025004, -0.880650012801346 ], [ 36.552754132219462, -0.885452965602677 ], [ 36.547959007337823, -0.90297614366281 ], [ 36.546618269226421, -0.907005365857844 ], [ 36.545105587552079, -0.911551320324466 ], [ 36.545212399402757, -0.911684954828853 ], [ 36.546109693107532, -0.912824667642756 ], [ 36.555233595072004, -0.924413551696164 ], [ 36.555204684305927, -0.92552797790744 ], [ 36.55516777677505, -0.926950663832995 ], [ 36.555132931441918, -0.928293838695085 ], [ 36.55508862220411, -0.930001806552058 ], [ 36.555214507401104, -0.930008174471899 ], [ 36.555733179212829, -0.930034409294957 ], [ 36.55625939103632, -0.930061025689541 ], [ 36.560188880184121, -0.930259785319534 ], [ 36.561447731339143, -0.930658409811986 ], [ 36.562752359686272, -0.93101004900901 ], [ 36.562943094774205, -0.931106359943529 ], [ 36.563309305942859, -0.93129142017598 ], [ 36.564404124197054, -0.931947950042818 ], [ 36.564694041481715, -0.9320323193102 ], [ 36.565128916908613, -0.932158933615213 ], [ 36.565918561412019, -0.932088548557753 ], [ 36.566712020432938, -0.931807241114542 ] ] ] ] } },
{ "type": "Feature", "properties": { "fid": 11, "CONST_CODE": 167, "Shape_Area": 0.00481982712, "OBJECTID_1": 701, "NAME": "KIHINGO", "OBJECTID": 3031, "CONSTITUEN": "NJORO", "COUNTY_ASS": 832, "SPOILT": 112, "COUNTY_A_1": "KIHINGO", "REJECTED": 160, "REPORTED": 8, "SPOILT_VAL": 0.027826086956522, "VALID": 4025, "DISPUTED": 8, "RESULT": "1", "COUNTY_COD": 32, "Shape_Leng": 0.39843062262000001, "COUNTY_NAM": "NAKURU", "Shape_Le_1": 0.39843062262000001, "REGISTERED": "7381" }, "geometry": { "type": "MultiPolygon", "coordinates": [ [ [ [ 36.078415978308229, -0.493518821538239 ], [ 36.078133690062607, -0.493475766444761 ], [ 36.077939141146643, -0.493363823474364 ], [ 36.077782738493944, -0.493182994485806 ], [ 36.077721703783432, -0.493062441290401 ], [ 36.077595818614824, -0.493062440897696 ], [ 36.077363121144039, -0.493114106032978 ], [ 36.077111237757265, -0.493130121462756 ], [ 36.077092277728205, -0.493131326470528 ], [ 36.076825248423553, -0.493114104354752 ], [ 36.076157675476132, -0.493131323553942 ], [ 36.07577239080068, -0.493182988212578 ], [ 36.075448139808891, -0.493363815701151 ], [ 36.075219257998, -0.493527393009255 ], [ 36.074959857517548, -0.493570446412476 ], [ 36.074856860250456, -0.493612300270796 ], [ 36.076642132212442, -0.496674369865884 ], [ 36.07699850100493, -0.497222031111679 ], [ 36.077502266298794, -0.497996208148653 ], [ 36.077649208801319, -0.498222026269268 ], [ 36.077935307873844, -0.499298270718584 ], [ 36.077866639620787, -0.500325308668167 ], [ 36.077725495277477, -0.500700047795865 ], [ 36.077656828647463, -0.501199660068312 ], [ 36.077656827537076, -0.501560508646182 ], [ 36.077698787330256, -0.502296096919641 ], [ 36.077618675873453, -0.503059436585036 ], [ 36.07759543081071, -0.503719668203398 ], [ 36.07751948507191, -0.505876794082965 ], [ 36.077229564861582, -0.506792789989792 ], [ 36.076790869399808, -0.508374974990823 ], [ 36.076817569447606, -0.509346478442979 ], [ 36.076859526961471, -0.510498419812122 ], [ 36.076996851282466, -0.512080607590519 ], [ 36.077050256885684, -0.512233263653054 ], [ 36.077086651418476, -0.512401316732255 ], [ 36.077149437612483, -0.512691232656719 ], [ 36.077229545313294, -0.513149260997755 ], [ 36.077271502463837, -0.514745309246912 ], [ 36.077408829645933, -0.515397638430588 ], [ 36.077519452853785, -0.516355219918957 ], [ 36.07765677867188, -0.517451655991509 ], [ 36.077919991666882, -0.517895763703319 ], [ 36.07841590155401, -0.518478667245129 ], [ 36.078568488909966, -0.518756256926541 ], [ 36.078679110542929, -0.520227432441663 ], [ 36.078900359649751, -0.521268302793884 ], [ 36.079297082163514, -0.523558325597095 ], [ 36.079491628022964, -0.52466862360475 ], [ 36.079781542695713, -0.525556838262615 ], [ 36.080235488998603, -0.526639413483414 ], [ 36.080372818080775, -0.527000232247252 ], [ 36.079987530890257, -0.527541488253508 ], [ 36.07950687771752, -0.527708063835003 ], [ 36.079233895152278, -0.527769782137554 ], [ 36.078831675319293, -0.527860718629035 ], [ 36.078030586534297, -0.528082798770316 ], [ 36.0764322253942, -0.528388106577266 ], [ 36.074513429767663, -0.528707333566029 ], [ 36.074185364931289, -0.528832206456357 ], [ 36.073979369665871, -0.52915143877495 ], [ 36.073384271919394, -0.530428251975789 ], [ 36.073159202464574, -0.531125644652806 ], [ 36.067734686339946, -0.533925283731225 ], [ 36.068737943798361, -0.537152606599347 ], [ 36.068751519604312, -0.537221798814898 ], [ 36.069008782927668, -0.538532992755038 ], [ 36.069085074581494, -0.539330117950523 ], [ 36.069279620965368, -0.540593791583419 ], [ 36.069607680878633, -0.542071388623561 ], [ 36.069874707800388, -0.542868513393722 ], [ 36.070534644387756, -0.544929312386403 ], [ 36.070958072857884, -0.54627081467756 ], [ 36.071419646487371, -0.5479039482477 ], [ 36.071778224186218, -0.549468194357498 ], [ 36.075062659150795, -0.557179077681795 ], [ 36.072982187239411, -0.557823461718905 ], [ 36.072476288044491, -0.557980154043237 ], [ 36.055195670752234, -0.562792547278588 ], [ 36.055485584946922, -0.563835578121964 ], [ 36.055676317261643, -0.564469965234914 ], [ 36.055966232519161, -0.565168859457197 ], [ 36.056488842489813, -0.566717263923236 ], [ 36.056576535652745, -0.567029369392674 ], [ 36.057133316340035, -0.569010987830153 ], [ 36.057694274990894, -0.571007479823237 ], [ 36.059101886409266, -0.575748943843742 ], [ 36.059510054759095, -0.577125669687067 ], [ 36.061207579513656, -0.582878301023082 ], [ 36.063069136189455, -0.589069397691185 ], [ 36.063385753649072, -0.590046601853811 ], [ 36.063740515813713, -0.591464191970212 ], [ 36.064018987444506, -0.59204223310093 ], [ 36.068653827835632, -0.599990743679169 ], [ 36.071888680070629, -0.605057087270697 ], [ 36.07782052013723, -0.612475685194635 ], [ 36.080334399643796, -0.615823144622897 ], [ 36.082314221582124, -0.618446806519521 ], [ 36.084381783212116, -0.6208894892377 ], [ 36.08760519665303, -0.624621591304006 ], [ 36.088890744957361, -0.62679868379206 ], [ 36.09082478956654, -0.629855890335154 ], [ 36.092850387466648, -0.632866773030878 ], [ 36.096298864068295, -0.638008362953242 ], [ 36.097862884833518, -0.640185457127052 ], [ 36.098316831348008, -0.641234308000418 ], [ 36.097332637362427, -0.641735597396803 ], [ 36.096958795225348, -0.641926896724787 ], [ 36.096505107849346, -0.642157659961852 ], [ 36.09648727379524, -0.6421667316289 ], [ 36.095696126395119, -0.642569140752543 ], [ 36.095123920660576, -0.642859568996048 ], [ 36.093987137116898, -0.643468449079925 ], [ 36.093510298632154, -0.643723114231007 ], [ 36.091801309440491, -0.64459212072477 ], [ 36.091709756162764, -0.644638504918556 ], [ 36.090080875312871, -0.645432983799746 ], [ 36.089047088717443, -0.646107631398257 ], [ 36.088516843877692, -0.646452005849079 ], [ 36.087933194999366, -0.646452004059827 ], [ 36.087143550758654, -0.646469283313091 ], [ 36.08659804772838, -0.646538348940882 ], [ 36.086201318189381, -0.646849300078251 ], [ 36.086010582435271, -0.647003456339212 ], [ 36.085873252891801, -0.647114586770232 ], [ 36.085499411406076, -0.647419178409131 ], [ 36.084828021825814, -0.647936909786551 ], [ 36.084538103707096, -0.648161872686654 ], [ 36.083759903182276, -0.64860777696305 ], [ 36.083302137696897, -0.648870003775195 ], [ 36.081860177320976, -0.649595414894835 ], [ 36.081215492429529, -0.649898024434987 ], [ 36.080319035792648, -0.650320766307483 ], [ 36.080109226161447, -0.650424276508913 ], [ 36.079220399478736, -0.650865500109523 ], [ 36.077828030268101, -0.651558688687788 ], [ 36.077503780288318, -0.651719744719149 ], [ 36.076874353343705, -0.652046296556989 ], [ 36.072578991055465, -0.654275937416415 ], [ 36.070194797861248, -0.655450373137778 ], [ 36.065304340738095, -0.657972002513071 ], [ 36.062782817846326, -0.659298973760366 ], [ 36.0608487607877, -0.660316674722434 ], [ 36.060383366325532, -0.660562699036361 ], [ 36.058769744151277, -0.661449287381903 ], [ 36.058147946157959, -0.661790420817274 ], [ 36.056297812215966, -0.662808002216389 ], [ 36.055416613936082, -0.663439205403968 ], [ 36.054276015680941, -0.664258767552349 ], [ 36.052895089683503, -0.665199601677454 ], [ 36.050438415768816, -0.666878750307726 ], [ 36.046280380670616, -0.669716554990053 ], [ 36.045010082112171, -0.670564019463472 ], [ 36.044754496191423, -0.670735576972053 ], [ 36.040848232147994, -0.673344158081479 ], [ 36.035984475632659, -0.676590543218534 ], [ 36.034115266691039, -0.677903175317636 ], [ 36.033001371726506, -0.678628587288978 ], [ 36.03094142694642, -0.680113977100834 ], [ 36.029022629242732, -0.68099474340053 ], [ 36.027004659956098, -0.678122535523405 ], [ 36.025738182390199, -0.676695282507563 ], [ 36.02469677171225, -0.675742679171955 ], [ 36.024025385551752, -0.675133073785104 ], [ 36.023342555349089, -0.674531627974857 ], [ 36.022602505218835, -0.673878277567986 ], [ 36.022339291392058, -0.673690036786639 ], [ 36.022240109459204, -0.673618508715201 ], [ 36.01961941421051, -0.671737363370281 ], [ 36.01770062241561, -0.670386975745649 ], [ 36.016842315958321, -0.66978228967784 ], [ 36.016632508092577, -0.669634013555261 ], [ 36.015053225415343, -0.668095388016483 ], [ 36.014282657556009, -0.667342905954855 ], [ 36.01350064655265, -0.666309295146728 ], [ 36.012939887972117, -0.665572416168897 ], [ 36.012604195836154, -0.665126868892197 ], [ 35.997497935770681, -0.676243706800729 ], [ 35.992607475172349, -0.680071672322125 ], [ 35.992130635254995, -0.680446229860869 ], [ 35.990784041850205, -0.681500115629528 ], [ 35.987327912960851, -0.684205728280716 ], [ 35.986248348616826, -0.685051212971856 ], [ 35.985943171387817, -0.685290397949043 ], [ 35.983391129093924, -0.68729381941029 ], [ 35.97975189340481, -0.690147287014375 ], [ 35.975910478026385, -0.693110504510751 ], [ 35.974865246836586, -0.693917045600449 ], [ 35.973469061240031, -0.694993374334271 ], [ 35.971546446353642, -0.696530908356889 ], [ 35.969276692032103, -0.698346811455777 ], [ 35.96844508461318, -0.69901251855835 ], [ 35.968216201038786, -0.699397158316793 ], [ 35.968082685737485, -0.699743273522494 ], [ 35.967853803372122, -0.699743272793552 ], [ 35.967468518575544, -0.699800997942132 ], [ 35.967048900421929, -0.699954792999525 ], [ 35.966648355512071, -0.700358633728928 ], [ 35.966400397724648, -0.700800939394612 ], [ 35.966190588234973, -0.701167937127393 ], [ 35.966114293694552, -0.701300970306127 ], [ 35.965866337451331, -0.701570158254998 ], [ 35.965732821840831, -0.701696350464284 ], [ 35.965561160055877, -0.701858606938588 ], [ 35.965133912811943, -0.702036765036505 ], [ 35.964546447101085, -0.702281768034038 ], [ 35.963646175595493, -0.702937753834973 ], [ 35.963340998413329, -0.703158036264817 ], [ 35.963039636238754, -0.703377838492353 ], [ 35.962356802514577, -0.703895570617068 ], [ 35.961750263096725, -0.704354616180632 ], [ 35.959465250965287, -0.7060893307251 ], [ 35.959125741651469, -0.706333194878276 ], [ 35.95735571479932, -0.707604422832082 ], [ 35.957123017894681, -0.707772618860783 ], [ 35.95626089256011, -0.708390141315445 ], [ 35.954807486922469, -0.709435385708552 ], [ 35.954555715899581, -0.709631005224774 ], [ 35.952961166405927, -0.710873910135461 ], [ 35.950832556737829, -0.712530677384785 ], [ 35.946685963817082, -0.71576170192812 ], [ 35.945347005070531, -0.714996257435442 ], [ 35.944439107242019, -0.714477679625819 ], [ 35.943168813491376, -0.713749619561773 ], [ 35.941810781747904, -0.712975054950289 ], [ 35.941337758840007, -0.712704544874604 ], [ 35.941093618840902, -0.712579671296958 ], [ 35.939354116856499, -0.711687492245699 ], [ 35.938759023859738, -0.711383138253632 ], [ 35.937645131867718, -0.710813134564682 ], [ 35.934616262898075, -0.709262262623793 ], [ 35.933204824924552, -0.708536602129568 ], [ 35.932081072946886, -0.707958863620546 ], [ 35.932079796946908, -0.707958207223084 ], [ 35.93203755294774, -0.70793648872177 ], [ 35.932037526947717, -0.707936475634111 ], [ 35.931213552966732, -0.707512288832533 ], [ 35.931377586869019, -0.70699773535119 ], [ 35.931560693954196, -0.706435357833615 ], [ 35.931884492555199, -0.704839386710508 ], [ 35.93190402289305, -0.704743121449571 ], [ 35.932190132024516, -0.702647042861801 ], [ 35.932113841329603, -0.701570050063756 ], [ 35.931770523920058, -0.699954679917992 ], [ 35.931240284373352, -0.698602796740854 ], [ 35.930965628166568, -0.697587429758971 ], [ 35.92900869372663, -0.695172049725916 ], [ 35.926925872385233, -0.692979473536981 ], [ 35.926780914638577, -0.692827417317155 ], [ 35.926613067961753, -0.692641997713256 ], [ 35.926292633699418, -0.692250275779762 ], [ 35.925861573683768, -0.691725938860202 ], [ 35.925037601756259, -0.690664365799899 ], [ 35.924614170756882, -0.690139248677128 ], [ 35.92439291928136, -0.689864419453244 ], [ 35.924041968490158, -0.689310620585223 ], [ 35.923843604968347, -0.689061833742855 ], [ 35.92312262872403, -0.688152376150245 ], [ 35.922088848225421, -0.686854196709464 ], [ 35.921100843627343, -0.685610863508143 ], [ 35.9193079410054, -0.683350840665388 ], [ 35.918724293422372, -0.682618341925883 ], [ 35.916931389721903, -0.680386702015047 ], [ 35.91592812712058, -0.679141448860117 ], [ 35.912430057495662, -0.674803043015099 ], [ 35.907234454195816, -0.667987750726775 ], [ 35.900142949506034, -0.659157082133945 ], [ 35.899822515273854, -0.65876355905784 ], [ 35.898933692428571, -0.657664781530111 ], [ 35.898704812064004, -0.65735700871549 ], [ 35.897823619471311, -0.656184662773509 ], [ 35.896713545493938, -0.654711983801155 ], [ 35.895405108076567, -0.652971497600975 ], [ 35.894028005846273, -0.651141780892475 ], [ 35.890354445175213, -0.651427578907499 ], [ 35.886513038193165, -0.651726397513019 ], [ 35.879146844448329, -0.652403243899855 ], [ 35.878811156568695, -0.650361169141574 ], [ 35.87871579131356, -0.64977928698794 ], [ 35.878502172211142, -0.648479490061818 ], [ 35.878395362095496, -0.647849483744152 ], [ 35.87814359633181, -0.646427873315877 ], [ 35.877794738180015, -0.644465354963963 ], [ 35.87769346987821, -0.643895666391042 ], [ 35.877598104891561, -0.643232116570064 ], [ 35.877513982693912, -0.642638778751985 ], [ 35.877357784041131, -0.641537057799613 ], [ 35.87708313191672, -0.639603413913539 ], [ 35.888267843042392, -0.639065013711476 ], [ 35.904175158620426, -0.638157351050557 ], [ 35.912536989125449, -0.637665086181916 ], [ 35.916740792491332, -0.637391411939894 ], [ 35.917026895992308, -0.637372810354824 ], [ 35.925644286141996, -0.644897328994839 ], [ 35.928940179762925, -0.647858170091679 ], [ 35.929230096371285, -0.648120938873412 ], [ 35.930961967086105, -0.649674687487607 ], [ 35.931698202109779, -0.650337278917789 ], [ 35.932613728922647, -0.651153247552066 ], [ 35.935413712306826, -0.653647178666609 ], [ 35.938690533096789, -0.656564995533375 ], [ 35.938881267875743, -0.656727492816099 ], [ 35.941662179707848, -0.659081848526069 ], [ 35.943024024166569, -0.660233194368557 ], [ 35.945289952595708, -0.662153222222391 ], [ 35.948574402852181, -0.66494676611836 ], [ 35.95169482045165, -0.667872623057486 ], [ 35.954109536974713, -0.665113061870704 ], [ 35.956306813365643, -0.662599524693208 ], [ 35.956592917812216, -0.662283532531628 ], [ 35.958412537018525, -0.660270447863533 ], [ 35.961658861414662, -0.656681841016975 ], [ 35.965534611589348, -0.652830349483552 ], [ 35.967041424283344, -0.651131276547662 ], [ 35.972496470103131, -0.644976688082805 ], [ 35.972946606396057, -0.644468676120583 ], [ 35.974911185398575, -0.642251149266995 ], [ 35.975895382384415, -0.641147096366034 ], [ 35.978615275139965, -0.63809950578735 ], [ 35.981655604494975, -0.63469289705746 ], [ 35.982128192882328, -0.634162565740979 ], [ 35.98228013364978, -0.633992060934925 ], [ 35.982287587687345, -0.633983695966956 ], [ 35.982363624071439, -0.633898369065425 ], [ 35.983463779626298, -0.63266378979115 ], [ 35.98288013430053, -0.631532009272476 ], [ 35.982075236277545, -0.629880273676017 ], [ 35.980183156653503, -0.625993238387697 ], [ 35.979065455190671, -0.623700394406207 ], [ 35.978325407855927, -0.622183733081651 ], [ 35.976444771261441, -0.61830485929339 ], [ 35.973774496628131, -0.612803892133063 ], [ 35.973694388007573, -0.612645895296922 ], [ 35.970722753856876, -0.606546964406424 ], [ 35.96955927768316, -0.604159249996975 ], [ 35.96898326057434, -0.602975863889695 ], [ 35.967865560059245, -0.600720702859108 ], [ 35.964649785878052, -0.594231849742286 ], [ 35.96402417894388, -0.592975135571078 ], [ 35.962978957339011, -0.590791082634545 ], [ 35.961678152084815, -0.588065711373575 ], [ 35.960335385671534, -0.585373824074804 ], [ 35.95890106572817, -0.582495136030737 ], [ 35.958576818365785, -0.581831524885479 ], [ 35.957462932989429, -0.579553861989582 ], [ 35.956341417645035, -0.577264737318677 ], [ 35.955620443295309, -0.575789719432613 ], [ 35.954018278405741, -0.572515409458034 ], [ 35.953926725866971, -0.57232914936007 ], [ 35.952828098291015, -0.570129553976975 ], [ 35.952644994182748, -0.56976699545878 ], [ 35.949230841816046, -0.567700727071755 ], [ 35.949131660306428, -0.567502345806274 ], [ 35.94911640168808, -0.567376152027426 ], [ 35.949101143161407, -0.567221335651372 ], [ 35.949070626592864, -0.567072640198998 ], [ 35.94903248017247, -0.566874198726453 ], [ 35.948994333432118, -0.566775728452222 ], [ 35.948891336993839, -0.566553404906018 ], [ 35.948738749173437, -0.566427930499699 ], [ 35.948509867528529, -0.566212987955364 ], [ 35.948441203674868, -0.566136058776709 ], [ 35.948436639692467, -0.566128490097958 ], [ 35.94836109498366, -0.566003205208034 ], [ 35.948307689583771, -0.565791502918497 ], [ 35.948250470099815, -0.565604342900399 ], [ 35.948216137449528, -0.565479529297679 ], [ 35.948197065354854, -0.565188138691077 ], [ 35.948082625194196, -0.56487406493749 ], [ 35.948067367071879, -0.564593055835287 ], [ 35.948082784186987, -0.564564108111125 ], [ 35.948181808926343, -0.564378172793493 ], [ 35.948296250780714, -0.564163290758217 ], [ 35.948269549194272, -0.563709762789644 ], [ 35.948258105842747, -0.563502081549676 ], [ 35.94824666218242, -0.563390829801642 ], [ 35.94823140377153, -0.563199949010054 ], [ 35.948216145231775, -0.563049333753023 ], [ 35.94806737728981, -0.561402759213091 ], [ 35.947983455068346, -0.561121749883582 ], [ 35.947754573742699, -0.560807675752657 ], [ 35.947704983095157, -0.560675241082988 ], [ 35.947670651362444, -0.56057629060366 ], [ 35.947689724771294, -0.560457298136531 ], [ 35.94770498415371, -0.5603448464406 ], [ 35.947769834883246, -0.560146465700426 ], [ 35.947983459357715, -0.559782828220265 ], [ 35.948361116493096, -0.559286936968555 ], [ 35.948357302195546, -0.559065933571197 ], [ 35.948342043726974, -0.558893176092385 ], [ 35.948315342307922, -0.558699775391963 ], [ 35.948162755118787, -0.558377780482125 ], [ 35.948067387389166, -0.558250327007339 ], [ 35.947933873740958, -0.558080269218182 ], [ 35.947811803809039, -0.558003939879652 ], [ 35.947376928048008, -0.557733130693252 ], [ 35.946934422673152, -0.557650439736582 ], [ 35.946457585619406, -0.557452117639183 ], [ 35.946259221809726, -0.557303301832765 ], [ 35.945931159455547, -0.556642151058924 ], [ 35.945568764946486, -0.556014003091572 ], [ 35.94530554919514, -0.556129694677112 ], [ 35.944996558430482, -0.556228883646872 ], [ 35.94448538869176, -0.556228881985544 ], [ 35.9440085500026, -0.556228880435516 ], [ 35.943794926428261, -0.556311628659109 ], [ 35.943680484958392, -0.556406498343525 ], [ 35.943451603158742, -0.556552553290416 ], [ 35.943249423667062, -0.556614659373071 ], [ 35.943058688197112, -0.556675144642995 ], [ 35.942330079910903, -0.55674757010238 ], [ 35.941834167969482, -0.556817355641633 ], [ 35.941738800693386, -0.556860380339053 ], [ 35.941532805969679, -0.556992932975279 ], [ 35.941391661458248, -0.557088582795145 ], [ 35.941269591016585, -0.557171091711839 ], [ 35.94101782038183, -0.557255279447291 ], [ 35.940773678768096, -0.55733634732312 ], [ 35.940445613815093, -0.557485161417784 ], [ 35.939987849046148, -0.557518223252409 ], [ 35.939476679040517, -0.55760085070411 ], [ 35.938805290590082, -0.557749604282823 ], [ 35.93813008850573, -0.557782665408328 ], [ 35.937744803191649, -0.557706756027729 ], [ 35.937458700958423, -0.557650408916797 ], [ 35.936768240117509, -0.557600841882597 ], [ 35.935818380656116, -0.557005756329343 ], [ 35.935265250971462, -0.55634814450958 ], [ 35.93508977539075, -0.556138962685595 ], [ 35.934811303528988, -0.555660170766922 ], [ 35.93455190557939, -0.555217323521418 ], [ 35.934452724292633, -0.554951255146508 ], [ 35.934094144952411, -0.553964270134261 ], [ 35.933846192682232, -0.553005488267156 ], [ 35.933861453674496, -0.55239384398187 ], [ 35.933846196729128, -0.551749195667476 ], [ 35.931336122696088, -0.551566107940878 ], [ 35.925320337531822, -0.55109395884256 ], [ 35.918221178073118, -0.550536656153991 ], [ 35.916824998208703, -0.550180273981954 ], [ 35.916512191756311, -0.550180272955013 ], [ 35.915840804528507, -0.550259479976742 ], [ 35.913128550347309, -0.550338679285578 ], [ 35.91295307432798, -0.550266370679061 ], [ 35.91055744407879, -0.549275238213718 ], [ 35.909271890944659, -0.548743997887109 ], [ 35.906845743696188, -0.54774092436986 ], [ 35.905419046550811, -0.547151417534463 ], [ 35.903721511959439, -0.544736396781277 ], [ 35.902092641150297, -0.542421588044936 ], [ 35.901310630641859, -0.541311407893197 ], [ 35.896454536510497, -0.534310213563596 ], [ 35.893387530573619, -0.529888756883805 ], [ 35.892727589649951, -0.528965856731341 ], [ 35.892353750827674, -0.528442780980651 ], [ 35.892246939172992, -0.52829066434519 ], [ 35.891915062215404, -0.527827414209582 ], [ 35.891789177619906, -0.52764895517212 ], [ 35.89119408649713, -0.526816185565839 ], [ 35.891083460844527, -0.52666190845409 ], [ 35.890675287957713, -0.526449485124556 ], [ 35.889336329330803, -0.525752446659199 ], [ 35.887867671743102, -0.524987541453703 ], [ 35.886311275184376, -0.524176309838602 ], [ 35.882195218351548, -0.522034190630451 ], [ 35.878952726281952, -0.520346801295895 ], [ 35.865227449474006, -0.513160577057552 ], [ 35.854038945963659, -0.507320601884516 ], [ 35.854077094266998, -0.506944422795054 ], [ 35.854195351815072, -0.506528699254345 ], [ 35.854393717410623, -0.506132778544765 ], [ 35.854706523773608, -0.505855610169066 ], [ 35.855061292261233, -0.505558699776162 ], [ 35.855179549217247, -0.505321134863449 ], [ 35.851902725167896, -0.503641066179255 ], [ 35.848847153063204, -0.502074470825053 ], [ 35.840431933443526, -0.497798870753091 ], [ 35.839993241143226, -0.498302592310977 ], [ 35.839585066012006, -0.498768420301939 ], [ 35.839012862226085, -0.498462596119935 ], [ 35.838772536312035, -0.498335381708838 ], [ 35.837624312743721, -0.497721422861785 ], [ 35.837322951855207, -0.497560904298594 ], [ 35.836109878180125, -0.496952016173834 ], [ 35.835419418359798, -0.496607217685289 ], [ 35.834083765717502, -0.495937531142591 ], [ 35.833328964920312, -0.49555907914908 ], [ 35.832978013014589, -0.495383199585275 ], [ 35.833115343864336, -0.494888387652452 ], [ 35.833882108220486, -0.492116757227036 ], [ 35.83565214859221, -0.486771668704815 ], [ 35.836697387878758, -0.483536609802687 ], [ 35.83683090342852, -0.483129167714005 ], [ 35.836914827432167, -0.482864209285906 ], [ 35.837208562984266, -0.48192508147132 ], [ 35.837654888323932, -0.48051508402139 ], [ 35.838284320887539, -0.47851621408312 ], [ 35.838562797253836, -0.47762572178323 ], [ 35.838925197012856, -0.476652539207493 ], [ 35.839027198071513, -0.476378406417595 ], [ 35.839211301982232, -0.475883619775317 ], [ 35.839256914358401, -0.475790082761674 ], [ 35.839299115706389, -0.475703542575619 ], [ 35.839482148215751, -0.475328201536397 ], [ 35.839741549335059, -0.474802096489932 ], [ 35.83998569233399, -0.474305604631527 ], [ 35.839836920556536, -0.47357976814001 ], [ 35.839665261480107, -0.472933919031809 ], [ 35.838277031594842, -0.469638236930474 ], [ 35.838182238217684, -0.469413197115885 ], [ 35.837601524034547, -0.468034573163793 ], [ 35.83770070682273, -0.467840063380441 ], [ 35.837818964430859, -0.467408588331039 ], [ 35.837933406255509, -0.467209427462675 ], [ 35.837998256456594, -0.466877502657412 ], [ 35.838017333314525, -0.466032149623223 ], [ 35.838066925219991, -0.465782206580832 ], [ 35.838345400048233, -0.46535070186968 ], [ 35.838623874987341, -0.464886014017689 ], [ 35.838673468223405, -0.464238785398197 ], [ 35.838543774383112, -0.462346874805992 ], [ 35.838658217763914, -0.461683055333505 ], [ 35.838822252045851, -0.461069010235283 ], [ 35.838890918251927, -0.460737085435467 ], [ 35.838856587373328, -0.460089857527846 ], [ 35.838791738341129, -0.459774523340654 ], [ 35.838791739675678, -0.45937623101782 ], [ 35.83897103525824, -0.458081775029351 ], [ 35.839070220619256, -0.457119213598406 ], [ 35.839005373756521, -0.456156651607098 ], [ 35.839291478680849, -0.4556988639583 ], [ 35.839501288452873, -0.455255447256321 ], [ 35.839745432640115, -0.454403598459602 ], [ 35.839882763391252, -0.453936839246819 ], [ 35.840104016748121, -0.453621807038821 ], [ 35.840371047245412, -0.453283401514269 ], [ 35.84069529742947, -0.453061679308191 ], [ 35.84082118318711, -0.452886640953993 ], [ 35.840962329372843, -0.452291528502003 ], [ 35.841111103161417, -0.45211652042716 ], [ 35.841378133071608, -0.451953154689489 ], [ 35.841713826918628, -0.451836473710217 ], [ 35.841957968797509, -0.451673106887856 ], [ 35.842156333770454, -0.451463055384437 ], [ 35.842377587618081, -0.451299688484132 ], [ 35.842605858473696, -0.451136759539142 ], [ 35.842606470476007, -0.451136322616307 ], [ 35.842629362883791, -0.449829413697439 ], [ 35.842888765893434, -0.448737178688095 ], [ 35.843110020585442, -0.448321455404992 ], [ 35.8432549802558, -0.447881309367733 ], [ 35.843110024434601, -0.447172154491786 ], [ 35.842087686181138, -0.446536383922528 ], [ 35.840413033554768, -0.446047326310342 ], [ 35.839611946619115, -0.445704956635356 ], [ 35.838871895633048, -0.445402372507001 ], [ 35.837815225234685, -0.444797144275601 ], [ 35.837033213947528, -0.443971844713978 ], [ 35.836499944272305, -0.44306479068843 ], [ 35.835976547555141, -0.442174531122383 ], [ 35.835995623229493, -0.441385926913672 ], [ 35.836049032011879, -0.440578961903241 ], [ 35.836213066512073, -0.439900410926864 ], [ 35.836651770778602, -0.435828951160891 ], [ 35.83840654024786, -0.434008153807477 ], [ 35.840218529792232, -0.432185707595733 ], [ 35.844513899024307, -0.427863674279516 ], [ 35.846497550484422, -0.42612715685238 ], [ 35.846558586008186, -0.425995082888428 ], [ 35.848279028482196, -0.422356723655031 ], [ 35.850796752154885, -0.416581120214146 ], [ 35.851338443980865, -0.415353091958532 ], [ 35.853386953769345, -0.41084392100537 ], [ 35.855904676392313, -0.405068316335883 ], [ 35.85719024027982, -0.402314839302072 ], [ 35.857213129445157, -0.401975473466972 ], [ 35.857144467568595, -0.401314203307773 ], [ 35.857041471657809, -0.40094873429773 ], [ 35.856850737924333, -0.400496285699282 ], [ 35.856564637574856, -0.39989220063507 ], [ 35.856499787982322, -0.399745334206285 ], [ 35.857186437614615, -0.398926219884037 ], [ 35.857754830035155, -0.39842306840408 ], [ 35.857953195349324, -0.398107136033172 ], [ 35.85826600095028, -0.39804863041507 ], [ 35.858872538853248, -0.398013528463694 ], [ 35.859288342213659, -0.397767774641141 ], [ 35.864564090281817, -0.393203887984246 ], [ 35.865719949813709, -0.391693622228298 ], [ 35.867604421437235, -0.389236757795343 ], [ 35.869744478655726, -0.386397024032632 ], [ 35.871174998367081, -0.384333679504404 ], [ 35.872446892612373, -0.381747972400197 ], [ 35.873898714299784, -0.378796481081746 ], [ 35.874070378294434, -0.378263564970202 ], [ 35.861592503852322, -0.373360913422713 ], [ 35.857162959952007, -0.371954998341539 ], [ 35.853524417219091, -0.370800143672361 ], [ 35.853223056536955, -0.370591860262888 ], [ 35.853726597226405, -0.370576440735974 ], [ 35.85449335256007, -0.370468371840119 ], [ 35.855107521425815, -0.370144189618368 ], [ 35.855859018827367, -0.369711936358534 ], [ 35.856381633783357, -0.36932600745165 ], [ 35.856717329554542, -0.368924625459509 ], [ 35.85699198966271, -0.368399750514188 ], [ 35.857453570628017, -0.367689637085207 ], [ 35.857453571819342, -0.367334549886888 ], [ 35.857484090686526, -0.367087563492639 ], [ 35.85768245529929, -0.366979492661643 ], [ 35.857789267951901, -0.366825126589145 ], [ 35.85785030556665, -0.366068686662949 ], [ 35.858037226838093, -0.365759924224147 ], [ 35.858067745497927, -0.365574684201893 ], [ 35.858098267301472, -0.364154424094515 ], [ 35.85822033964628, -0.36379936650296 ], [ 35.858327151661136, -0.363536928922755 ], [ 35.858357670424624, -0.363320816215865 ], [ 35.858586553644621, -0.363042927607378 ], [ 35.859200721348429, -0.362765070510268 ], [ 35.859742410575492, -0.362303923093712 ], [ 35.860268839336378, -0.362274102228417 ], [ 35.860883005682382, -0.362400866952948 ], [ 35.861542948835847, -0.36260222118596 ], [ 35.862595804058778, -0.363228570961139 ], [ 35.863415963814674, -0.363608893873597 ], [ 35.864510781994298, -0.363965875447067 ], [ 35.86584211347909, -0.36402180637245 ], [ 35.866776715060084, -0.364198918229687 ], [ 35.867825757003082, -0.364310773598654 ], [ 35.868340742948014, -0.363922503984771 ], [ 35.868748916998321, -0.363761568946991 ], [ 35.868996872955066, -0.36356846903586 ], [ 35.869187608893867, -0.363359226864556 ], [ 35.869508044672251, -0.363246595912315 ], [ 35.86984373863109, -0.363085660628369 ], [ 35.870267172237675, -0.362763788213742 ], [ 35.870362540271586, -0.362490188869011 ], [ 35.870450279645539, -0.362111999298138 ], [ 35.870610497491619, -0.36191886888652 ], [ 35.870866083322582, -0.361765974161456 ], [ 35.871201776823462, -0.361741852805009 ], [ 35.871560359245429, -0.361749894849802 ], [ 35.871735835787774, -0.361653314865544 ], [ 35.872041012761031, -0.361476296808301 ], [ 35.872201230176572, -0.361411910298386 ], [ 35.87238433659374, -0.361355595905772 ], [ 35.873288422229514, -0.360904980205881 ], [ 35.873677522898191, -0.3605509141458 ], [ 35.873894962164066, -0.360253193725918 ], [ 35.874245920217724, -0.358571395758682 ], [ 35.874543470242813, -0.357477031303639 ], [ 35.875069903062936, -0.356229770013191 ], [ 35.875588705341166, -0.355441198492202 ], [ 35.877229032106477, -0.354024963704954 ], [ 35.877206146172689, -0.353397296570118 ], [ 35.877168003446059, -0.352102659199028 ], [ 35.877244299383484, -0.351550510972563 ], [ 35.877305337265241, -0.350709761586606 ], [ 35.877579996610443, -0.350408591254304 ], [ 35.877679179864032, -0.350069765237586 ], [ 35.877827955723212, -0.349567842497814 ], [ 35.877755476680676, -0.349254129025598 ], [ 35.877564743497359, -0.348639242883879 ], [ 35.877690632213451, -0.347572600413417 ], [ 35.877755483969153, -0.347070647184154 ], [ 35.877927147102511, -0.346794588619752 ], [ 35.87795385193666, -0.346255011378125 ], [ 35.878651947786778, -0.344460553280426 ], [ 35.878636689940883, -0.344109185912537 ], [ 35.878690097095671, -0.343782930895996 ], [ 35.878762576980783, -0.343544495876227 ], [ 35.878899906819861, -0.343343715160429 ], [ 35.879025793943285, -0.342753943205672 ], [ 35.879548411517213, -0.341875541275366 ], [ 35.879861218995224, -0.341248115865301 ], [ 35.880170211463117, -0.340921861710333 ], [ 35.880296097748207, -0.340583036781848 ], [ 35.880532610461962, -0.340156392293602 ], [ 35.880784385460473, -0.338750954063916 ], [ 35.881032342564652, -0.33821134735641 ], [ 35.881307002156788, -0.3378348980385 ], [ 35.881753324167924, -0.337395683095283 ], [ 35.882104277475982, -0.337132166088339 ], [ 35.882565857835147, -0.336893762581547 ], [ 35.8829778465103, -0.336542396650506 ], [ 35.883374576250077, -0.336165947743106 ], [ 35.88346231531974, -0.335877317725625 ], [ 35.883599646035698, -0.335413018811083 ], [ 35.88348902827191, -0.332903311511219 ], [ 35.883698838741097, -0.332539403934324 ], [ 35.883775134424567, -0.332062533648274 ], [ 35.884011646758459, -0.331748821205717 ], [ 35.884171865083253, -0.331410025580356 ], [ 35.884435081411993, -0.330807681902911 ], [ 35.884808925502412, -0.330017129579122 ], [ 35.885869419906115, -0.327582704171235 ], [ 35.886266152315137, -0.326704302786042 ], [ 35.886331003941706, -0.326240003615464 ], [ 35.887165849198738, -0.323766020596216 ], [ 35.887216022755013, -0.323617337359586 ], [ 35.887496418692407, -0.322537758732553 ], [ 35.887551721468988, -0.322324831410974 ], [ 35.887612758174157, -0.321835449296962 ], [ 35.887639463465739, -0.321157827840648 ], [ 35.887700499668924, -0.320819001668674 ], [ 35.887788238694903, -0.320542942801265 ], [ 35.88788742148364, -0.320342161944153 ], [ 35.88787597968755, -0.319677081315798 ], [ 35.887738651317783, -0.319438645572099 ], [ 35.88761276700361, -0.319187668907518 ], [ 35.887250375172691, -0.317807340647008 ], [ 35.886540838449825, -0.318368397437794 ], [ 35.885396427436568, -0.31856008390053 ], [ 35.884065099558448, -0.317745403289526 ], [ 35.883138129407399, -0.316858865965809 ], [ 35.882302710366211, -0.316571342236743 ], [ 35.881589361510699, -0.31657133982156 ], [ 35.878259127236575, -0.316355695916396 ], [ 35.875070038334428, -0.315780614099941 ], [ 35.873307647262557, -0.315469144925067 ], [ 35.872140348700476, -0.315517055741854 ], [ 35.871426998558213, -0.315900403783704 ], [ 35.870927270028886, -0.31647547409314 ], [ 35.870759420978729, -0.317026541828839 ], [ 35.870595387254355, -0.317481809210208 ], [ 35.870641161898561, -0.318200625713652 ], [ 35.870641158603938, -0.319182990469225 ], [ 35.870583937656122, -0.319146859385041 ], [ 35.870141434060038, -0.318867445264372 ], [ 35.869805742024248, -0.318161348942642 ], [ 35.869706562825577, -0.317290776277838 ], [ 35.869687492009547, -0.316633045823094 ], [ 35.869889673784165, -0.31587855632925 ], [ 35.869977414680825, -0.315046688412211 ], [ 35.870027006292126, -0.314882270831849 ], [ 35.870370331041123, -0.31418580829205 ], [ 35.870458070736625, -0.313711848506876 ], [ 35.870477146284841, -0.313257240043225 ], [ 35.870484781883192, -0.311293651161992 ], [ 35.870603039420523, -0.310877717955205 ], [ 35.870767073358117, -0.310358800439 ], [ 35.871003587151613, -0.309610594114282 ], [ 35.871026476639734, -0.30917530801912 ], [ 35.870927296306803, -0.308643290912061 ], [ 35.870843374148066, -0.308362790723024 ], [ 35.8707365628647, -0.30811130369516 ], [ 35.870725119403048, -0.307946856709021 ], [ 35.870725122390162, -0.307056961998704 ], [ 35.870786158209697, -0.306834488780037 ], [ 35.87083193584872, -0.306660380304474 ], [ 35.870831936465613, -0.306476610996316 ], [ 35.870744198880722, -0.306321823420155 ], [ 35.870706052419777, -0.306147715665678 ], [ 35.870679350004906, -0.305963945259729 ], [ 35.870679350492019, -0.305818849867487 ], [ 35.870698423969365, -0.30568341622359 ], [ 35.870660277475963, -0.305518998341123 ], [ 35.870484801916668, -0.30532553755654 ], [ 35.870408508410492, -0.305151428665093 ], [ 35.870324586187593, -0.304890249827141 ], [ 35.870294068768416, -0.304706480414347 ], [ 35.870515323265757, -0.304338912346693 ], [ 35.870641209162429, -0.304116439347167 ], [ 35.870831945753224, -0.303710166049844 ], [ 35.870786169965434, -0.303332936396076 ], [ 35.870641213319857, -0.302878327362673 ], [ 35.870370370979884, -0.302288284190432 ], [ 35.870091898916513, -0.301911022534502 ], [ 35.869687542411555, -0.301620860573067 ], [ 35.869420513744778, -0.301427399474637 ], [ 35.869313702203051, -0.30125329047736 ], [ 35.869382369884597, -0.300479447938013 ], [ 35.869489182311099, -0.300092557116719 ], [ 35.869477740897779, -0.299318715309237 ], [ 35.869317524744233, -0.299010401647754 ], [ 35.869149678317697, -0.298780667036773 ], [ 35.868981832972487, -0.298526749524158 ], [ 35.868889593694767, -0.298279388159661 ], [ 35.868882650749107, -0.298260770493264 ], [ 35.86876439658473, -0.297970579300406 ], [ 35.868512627343833, -0.297656204751066 ], [ 35.868009088415469, -0.297160461106176 ], [ 35.867684839252014, -0.296797750708159 ], [ 35.867455958876228, -0.296531742038506 ], [ 35.867372035671764, -0.29626573285584 ], [ 35.867433071638516, -0.29599972517365 ], [ 35.867658140798802, -0.295733747245671 ], [ 35.868165498365812, -0.294851085650125 ], [ 35.868405825462439, -0.294609260472813 ], [ 35.86884125793101, -0.294325129724682 ], [ 35.869054326649554, -0.294186097642312 ], [ 35.869088659299841, -0.294004728513691 ], [ 35.869195472116694, -0.293799177736846 ], [ 35.869256507798369, -0.293617807692223 ], [ 35.869149696729494, -0.293303464842223 ], [ 35.86910010660619, -0.293025364827137 ], [ 35.869054331202804, -0.292831903470865 ], [ 35.869054332015935, -0.292590078480393 ], [ 35.8690161868006, -0.292045999806732 ], [ 35.868960948310082, -0.291875183020751 ], [ 35.868859785243203, -0.291562348285156 ], [ 35.868680495537149, -0.291114970534305 ], [ 35.868585129360518, -0.290836870361682 ], [ 35.868585130865227, -0.29038952241646 ], [ 35.868752980502514, -0.289664045998897 ], [ 35.868909387566383, -0.288213151946776 ], [ 35.868955165596212, -0.28792296130563 ], [ 35.868848354487994, -0.28762067919666 ], [ 35.868836911288135, -0.287378853157414 ], [ 35.868825468128996, -0.287124936170442 ], [ 35.868836913118578, -0.286834775613782 ], [ 35.869088684064081, -0.286641315268699 ], [ 35.869256532033233, -0.286411581794486 ], [ 35.869363343605556, -0.286278577706991 ], [ 35.869378606568887, -0.285105753818691 ], [ 35.869462529951633, -0.285021114450503 ], [ 35.869653265947278, -0.284791381053411 ], [ 35.869798225726626, -0.284610012297821 ], [ 35.869799976840703, -0.284576710350447 ], [ 35.869809670472037, -0.284392399439466 ], [ 35.869771524403689, -0.284102208509805 ], [ 35.869762163642349, -0.284028027845605 ], [ 35.869748636987154, -0.283920838175183 ], [ 35.869725749733327, -0.283691104049436 ], [ 35.86971430541152, -0.283485551858107 ], [ 35.869748639061626, -0.283304212927221 ], [ 35.870507768379824, -0.28198629515903 ], [ 35.870519214369288, -0.281696104396836 ], [ 35.870603140029466, -0.280934353828797 ], [ 35.870675620496613, -0.280523280977535 ], [ 35.870679436479406, -0.28023245996917 ], [ 35.871690332101458, -0.280396880169792 ], [ 35.87258297189193, -0.280470361138925 ], [ 35.87319332404585, -0.280338079590313 ], [ 35.873735012712267, -0.280029498499037 ], [ 35.874017301855012, -0.279787014041343 ], [ 35.875047272959719, -0.279218786288155 ], [ 35.877248359012356, -0.278474235019908 ], [ 35.877889228754889, -0.27847423719953 ], [ 35.878491951058599, -0.278591791249624 ], [ 35.879293036211585, -0.279120840896629 ], [ 35.880246709556729, -0.279943771564486 ], [ 35.881063052152861, -0.280943090670579 ], [ 35.88263851735001, -0.282922076106123 ], [ 35.883065762599372, -0.283294387132829 ], [ 35.883473934548867, -0.283451125859157 ], [ 35.884038511205148, -0.283451127774643 ], [ 35.885015074340082, -0.283451131087088 ], [ 35.88623959350064, -0.283529502902846 ], [ 35.887017792076868, -0.283627496580963 ], [ 35.888185090384368, -0.283941003406807 ], [ 35.889295166625907, -0.284254511043642 ], [ 35.891610689417398, -0.284822749125327 ], [ 35.892858095623538, -0.285195032717077 ], [ 35.893617219197544, -0.285586906823134 ], [ 35.895913663200623, -0.287585517012131 ], [ 35.896653713775578, -0.288271302754181 ], [ 35.896840634091099, -0.288241929732059 ], [ 35.898797590782614, -0.28361550487681 ], [ 35.906926700190859, -0.289634892229152 ], [ 35.916219291924705, -0.296298212315576 ], [ 35.92559199218438, -0.302868221732169 ], [ 35.934129273809873, -0.309065109162859 ], [ 35.942853476544386, -0.315328633123509 ], [ 35.94634774149015, -0.315994985736603 ], [ 35.948888326870872, -0.317714116338763 ], [ 35.951058887387951, -0.319260007907961 ], [ 35.952580942055832, -0.322671615914619 ], [ 35.954633239977582, -0.326203147486743 ], [ 35.954621784975423, -0.329574785804032 ], [ 35.954568375731526, -0.330550707196022 ], [ 35.954274626892904, -0.335918238563537 ], [ 35.954190701551049, -0.336299248052325 ], [ 35.954488538582929, -0.336399289782976 ], [ 35.963521452570944, -0.339433381812994 ], [ 35.964341613818036, -0.339352856395112 ], [ 35.965482210028981, -0.339093782688176 ], [ 35.966321446498263, -0.338643196872327 ], [ 35.967027167952502, -0.338147546926933 ], [ 35.967572671396447, -0.337595580432838 ], [ 35.967732890136382, -0.337426602692848 ], [ 35.968423351219485, -0.337347757094131 ], [ 35.969869123499059, -0.337178813776562 ], [ 35.970574843818639, -0.337032370677991 ], [ 35.971265305411514, -0.336795797128771 ], [ 35.972093096839799, -0.33666063595644 ], [ 35.972787372816377, -0.336615573536688 ], [ 35.973111622167778, -0.336626855120153 ], [ 35.973817340153175, -0.337201328369593 ], [ 35.974748129015858, -0.336660644660805 ], [ 35.975083822890937, -0.33651420034613 ], [ 35.975373740164663, -0.336536733140998 ], [ 35.976109975896094, -0.337201335881576 ], [ 35.976994984333167, -0.338012415730178 ], [ 35.978059281931287, -0.339150139956907 ], [ 35.979020586282196, -0.33939796923291 ], [ 35.982865801469686, -0.340767327205902 ], [ 35.98345707979481, -0.340886201958848 ], [ 35.984239092917619, -0.341138771379647 ], [ 35.984738817175732, -0.341554797180257 ], [ 35.985227097707764, -0.34188168317621 ], [ 35.987676134394796, -0.342580015254432 ], [ 35.989888659373925, -0.343100037825695 ], [ 35.991925705133049, -0.344868132313376 ], [ 35.994554043828472, -0.341896564995911 ], [ 35.997640128272636, -0.344779011133639 ], [ 36.000768175024305, -0.347587169030152 ], [ 35.998796979719209, -0.349751821382714 ], [ 35.998021580056317, -0.350603320412956 ], [ 35.999482605818542, -0.352163401393618 ], [ 35.99997361134831, -0.353119612516346 ], [ 36.001061882877579, -0.355238972477638 ], [ 36.007085286288685, -0.358641473510301 ], [ 36.016896681856188, -0.364079491685602 ], [ 36.01974832109056, -0.365724587151285 ], [ 36.021043255291787, -0.366471628469702 ], [ 36.021226360208608, -0.366567909623211 ], [ 36.026025247190915, -0.369359721122641 ], [ 36.033479160891709, -0.373589144284877 ], [ 36.03839630311046, -0.376371984961204 ], [ 36.043023528570593, -0.378973575262052 ], [ 36.058987973088556, -0.405509188898387 ], [ 36.067037010071431, -0.400391482566604 ], [ 36.067300217675353, -0.402549251633636 ], [ 36.067525279326851, -0.404356193950239 ], [ 36.067796115259974, -0.407055100663373 ], [ 36.067552112930656, -0.407063088372637 ], [ 36.067551051929264, -0.407063122598486 ], [ 36.063619015619764, -0.407191841982867 ], [ 36.064057697002006, -0.410132214695087 ], [ 36.064208155076606, -0.411131364975575 ], [ 36.064778660989298, -0.414919944367538 ], [ 36.06768539886383, -0.435757910118131 ], [ 36.067704472579656, -0.435857250201001 ], [ 36.067944795045953, -0.437094192548447 ], [ 36.068726796017152, -0.441292328987489 ], [ 36.070866808681927, -0.452612293694655 ], [ 36.07274742290538, -0.463669849462126 ], [ 36.074685255835327, -0.475195963587989 ], [ 36.07504001665712, -0.477349203033065 ], [ 36.076714639429561, -0.487546715777572 ], [ 36.077218170804393, -0.490564135577187 ], [ 36.078641045705552, -0.493487678759706 ], [ 36.078415978308229, -0.493518821538239 ] ] ] ] } }
]
}
